{
  "completion_ratio": "1.00",
  "Language": "ಭಾಷೆ",
  "State Unassigned": "ರಾಜ್ಯ ನಿಯೋಜನೆಯಾಗಿಲ್ಲದ",
  "District-wise {{mapOption}} numbers are under reconciliation": "ಜಿಲ್ಲಾವಾರು {{mapOption}} ಸಂಖ್ಯೆಗಳನ್ನು ಸಮನ್ವಯಗೊಳಿಸಲಾಗುತ್ತಿದೆ",
  "Hotspots": "ಹಾಟ್‌ಸ್ಪಾಟ್‌ಗಳು",
  "Back": "ಹಿಂದೆ",
  "Join Telegram to Collaborate!": "ಸಹಯೋಗಕ್ಕಾಗಿ ಟೆಲಿಗ್ರಾಂ ಸೇರಿ!",
  "View updates on Twitter": "ಟ್ವಿಟರ್ ಅಪ್ಡೇಟ್ಗಳನ್ನು ವೀಕ್ಷಿಸಿ",
  "Crowdsourced Patient Database": "ಸಮೂಹ ಸಂಪನ್ಮೂಲ ಆಧಾರಿತ ರೋಗಿಯ ಡೇಟಾಬೇಸ್",
  "Open Sourced on GitHub": "GitHub ನಲ್ಲಿ ಮುಕ್ತವಾಗಿ ಪ್ರಕಟಿಸಲಾಗಿದೆ",
  "See more details on {{state}}": "{{state}}ದ ಬಗ್ಗೆ ಹೆಚ್ಚಿನ ವಿವರಗಳನ್ನು ನೋಡಿ ",
  "tap": "ಒತ್ತಿ",
  "{{action}} over a {{mapType}} for more details": "ಹೆಚ್ಚಿನ ವಿವರಗಳಿಗಾಗಿ {{mapType}}ಗಳ  ಮೇಲೆ {{action}}",
  "As of {{date}}": "{{date}} ವರೆಗೆ",
  "Zones": "ವಲಯಗಳು",
  "Senior citizen support bangalore": "ಹಿರಿಯ ನಾಗರಿಕರ ಸಹಾಯ ಬೆಂಗಳೂರು",
  "Locations": "ಸ್ಥಳಗಳು",
  "Groceries Chennai": "ದಿನಸಿ ಚೆನ್ನೈ",
  "Community Kitchen in Kerala": "ಕೇರಳದ ಸಮುದಾಯ ಕಿಚನ್",
  "Delhi Shelter": "ದೆಹಲಿ ಆಶ್ರಯ",
  "Testing Pune": "ಪರೀಕ್ಷಾ ಕೇಂದ್ರಗಳು ಪುಣೆ",
  "Menu": "ಮೆನು",
  "Close": "ಮುಚ್ಚಿ",
  "source": "ಮೂಲ",
  "District zones as published by MoHFW": "MoHFW ಪ್ರಕಟಿಸಿದಂತೆ ಜಿಲ್ಲಾ ವಲಯಗಳು",
  "Bametara": "ಬೆಮೆತ್ರಾ",
  "India Map": "ಭಾರತ ನಕ್ಷೆ",
  "Yavatmal": "ಯಾವತ್ಮಲ್",
  "Yamunanagar": "ಯಮುನಾನಗರ್",
  "Y.S.R. Kadapa": "ವೈ.ಎಸ್.ಆರ್. ಕಡಪ",
  "West Godavari": "ಪಶ್ಚಿಮ ಗೋದಾವರಿ",
  "West Delhi": "ಪಶ್ಚಿಮ ದೆಹಲಿ",
  "West Champaran": "ಪಶ್ಚಿಮ ಚಂಪಾರಣ್",
  "West Bengal": "ಪಶ್ಚಿಮ ಬಂಗಾಳ",
  "Wayanad": "ವಯನಾಡ್",
  "Washim": "ವಾಶಿಮ್",
  "Wardha": "ವಾರ್ಧಾ",
  "Warangal Urban": "ವಾರಂಗಲ್ ನಗರ",
  "Vizianagaram": "ವಿಜಯನಗರಂ",
  "Visakhapatnam": "ವಿಶಾಖಪಟ್ಟಣಂ",
  "Virudhunagar": "ವಿರುಧುನಗರ್",
  "Viluppuram": "ವಿಳುಪ್ಪುರಂ",
  "Vikarabad": "ವಿಕಾರಾಬಾದ್",
  "Vijayapura": "ವಿಜಯಪುರ",
  "Vidisha": "ವಿದಿಶಾ",
  "Vellore": "ವೆಲ್ಲೋರ್",
  "Varanasi": "ವಾರಣಾಸಿ",
  "Valsad": "ವಲ್ಸಾಡ್",
  "Vaishali": "ವೈಶಾಲಿ",
  "Vadodara": "ವಡೋದರ",
  "Uttarakhand": "ಉತ್ತರಾಖಂಡ್",
  "Uttara Kannada": "ಉತ್ತರ ಕನ್ನಡ",
  "Uttar Pradesh": "ಉತ್ತರ ಪ್ರದೇಶ",
  "Unnao": "ಉನ್ನಾವೋ",
  "Una": "ಉನಾ",
  "Ujjain": "ಉಜ್ಜಯಿನಿ",
  "Udupi": "ಉಡುಪಿ",
  "Udhampur": "ಉಧಂಪುರ್",
  "Udham Singh Nagar": "ಉಧಮ್ ಸಿಂಗ್ ನಗರ",
  "Udaipur": "ಉದಯ್ಪುರ",
  "Tumakuru": "ತುಮಕೂರು",
  "Tripura": "ತ್ರಿಪುರ",
  "Tonk": "ಟೊಂಕ್",
  "Tiruvannamalai": "ತಿರುವಣ್ಣಾಮಲೈ",
  "Tiruppur": "ತಿರುಪುರ್",
  "Tirupathur": "ತಿರುಪತ್ತೂರ್",
  "Tirunelveli": "ತಿರುನಲ್ವೇಲಿ",
  "Tiruchirappalli": "ತಿರುಚಿರಾಪಳ್ಳಿ",
  "Tikamgarh": "ಟೀಕಮಗಡ್",
  "Thrissur": "ತ್ರಿಶೂರ್",
  "Thoothukkudi": "ತೂತುಕುಡಿ",
  "Thiruvarur": "ತಿರುವರೂರು",
  "Thiruvananthapuram": "ತಿರುವನಂತಪುರಂ",
  "Thiruvallur": "ತಿರುವಳ್ಳುರ್",
  "Theni": "ಥೇನಿ",
  "Thanjavur": "ತಂಜಾವೂರ",
  "Thane": "ಥಾಣೆ",
  "Tenkasi": "ತೆಂಕಾಸಿ",
  "Telangana": "ತೆಲಂಗಾಣ",
  "Tarn Taran": "ತರನ್ ತರನ್",
  "Tapi": "ತಾಪಿ",
  "Tamil Nadu": "ತಮಿಳುನಾಡು",
  "Suryapet": "ಸೂರ್ಯಪೇಟ್",
  "Surendranagar": "ಸುರೇಂದ್ರನಗರ್",
  "Surat": "ಸೂರತ್",
  "Surajpur": "ಸೂರಜ್ ಪುರ್",
  "Supaul": "ಸುಪುಲ್",
  "Sundargarh": "ಸುಂದರ್ಗಡ್",
  "Sultanpur": "ಸುಲ್ತಾನ್ಪುರ್",
  "Srinagar": "ಶ್ರೀನಗರ",
  "Srikakulam": "ಶ್ರೀಕಾಕುಲಂ",
  "Sri Muktsar Sahib": "ಶ್ರೀ ಮುಕ್ತಸರ್ ಸಾಹಿಬ್ ",
  "South West Delhi": "ನೈಋತ್ಯ ದೆಹಲಿ",
  "South Salmara Mankachar": "ದಕ್ಷಿಣ ಸಲ್ಮಾರ ಮಂಕಾಚರ್",
  "South Goa": "ದಕ್ಷಿಣ ಗೋವಾ",
  "South East Delhi": "ಆಗ್ನೇಯ ದೆಹಲಿ",
  "South Delhi": "ದಕ್ಷಿಣ ದೆಹಲಿ ",
  "South Andaman": "ದಕ್ಷಿಣ ಅಂಡಮಾನ್",
  "South 24 Parganas": "ದಕ್ಷಿಣ 24 ಪರಗಣಾಸ್",
  "Sonipat": "ಸೋನಿಪತ್",
  "Solapur": "ಸೋಲಾಪುರ",
  "Solan": "ಸೋಲನ್",
  "Siwan": "ಸಿವಾನ್",
  "Sivaganga": "ಶಿವಗಂಗಾ",
  "Sitapur": "ಸೀತಾಪುರ",
  "Sitamarhi": "ಸೀತಾಮರಿ",
  "Sirsa": "ಸಿರ್ಸಾ",
  "Sirohi": "ಸಿರೋಹಿ",
  "Sirmaur": "ಸಿರ್ಮೌರ್",
  "Sindhudurg": "ಸಿಂಧುದುರ್ಗ",
  "Simdega": "ಸಿಂದೇಗ",
  "Sikkim": "ಸಿಕ್ಕಿಂ",
  "Sikar": "ಸೀಕರ್",
  "Siddipet": "ಸಿದ್ದಿಪೇಟ್",
  "Siddharthnagar": "ಸಿದ್ಧಾರ್ಥ್ ನಗರ್",
  "Shrawasti": "ಶ್ರಾವಸ್ತಿ",
  "Shopiyan": "ಶೋಪಿಯಾನ್",
  "Shivpuri": "ಶಿವಪುರಿ",
  "Shimla": "ಶಿಮ್ಲಾ",
  "Sheopur": "ಶೌಪುರ್",
  "Sheohar": "ಶಿವಹರ",
  "Sheikhpura": "ಶೇಖ್ಪುರ",
  "Shamli": "ಶಾಮ್ಲಿ",
  "Shajapur": "ಶಾಜಾಪುರ್",
  "Shahjahanpur": "ಷಹಜಹಾನ್ಪುರ",
  "Shahdol": "ಶಾಹದೊಳ್",
  "Shahdara": "ಶಾಹದರಾ",
  "Sehore": "ಸಿಹೋರ್",
  "Sawai Madhopur": "ಸವಾಯಿ ಮಾಧೋಪುರ್",
  "Satna": "ಸತ್ನಾ",
  "Satara": "ಸತಾರ",
  "Saran": "ಸರನ್",
  "Sant Kabir Nagar": "ಸಂತ ಕಬೀರ್ ನಗರ",
  "Sangrur": "ಸಂಗ್ರೂರ್",
  "Sangli": "ಸಾಂಗ್ಲಿ",
  "Sangareddy": "ಸಂಗರೆಡ್ಡಿ",
  "Sambhal": "ಸಂಭಾಲ್",
  "Samba": "ಸಾಂಬಾ",
  "Samastipur": "ಸಮಸ್ತಿಪುರ",
  "Salem": "ಸೇಲಂ",
  "Saharsa": "ಸಹರ್ಸಾ",
  "Saharanpur": "ಸಹರಾನ್ಪುರ",
  "Sagar": "ಸಾಗರ್",
  "Sabarkantha": "ಸಾಬರಕಾಂಠಾ",
  "S.P.S. Nellore": "ಎಸ್ .ಪಿ .ಎಸ್ ನೆಲ್ಲೂರು",
  "S.A.S. Nagar": "ಎಸ್.ಎ.ಎಸ್ ನಗರ",
  "Rupnagar": "ರೂಪನಗರ್",
  "Rohtas": "ರೊಹ್ತಾಸ್",
  "Rohtak": "ರೋಹ್ಟಕ್",
  "Rewari": "ರೇವಾರಿ",
  "Rewa": "ರೇವಾ",
  "Reasi": "ರಿಯಾಸಿ",
  "Ratnagiri": "ರತ್ನಾಗಿರಿ",
  "Ratlam": "ರತ್ಲಮ್",
  "Ranipet": "ರಾಣಿ ಪೇಟ್",
  "Ranga Reddy": "ರಂಗಾರೆಡ್ಡಿ",
  "Ranchi": "ರಾಂಚಿ",
  "Rampur": "ರಾಮಪುರ",
  "Ramban": "ರಾಂಬಾಣ್",
  "Ramanathapuram": "ರಾಮನಾಥಪುರಂ",
  "Rajsamand": "ರಾಜಸಮಂದ್",
  "Rajouri": "ರಾಜೌರಿ",
  "Rajnandgaon": "ರಾಜ್ ನಂದ್ ಗಾವ್",
  "Rajkot": "ರಾಜ್ಕೋಟ್",
  "Rajgarh": "ರಾಜ್ಗಢ",
  "Rajasthan": "ರಾಜಸ್ಥಾನ",
  "Rajanna Sircilla": "ರಾಜಣ್ಣ ಸಿರ್ಸಿಲ್ಲ",
  "Raisen": "ರಾಯಿಸೇನ್",
  "Raipur": "ರಾಯ್ಪುರ",
  "Raigad": "ರಾಯಗಢ",
  "Rae Bareli": "ರಾಯ್‌ಬರೇಲಿ",
  "Purnia": "ಪೂರ್ಣಿಯಾ",
  "Puri": "ಪುರಿ",
  "Purba Medinipur": "ಪುರ್ಬಾ ಮೇದಿನಿಪುರ",
  "Purba Bardhaman": "ಪುರ್ಬಾ ಬರ್ಧಮಾನ್",
  "Punjab": "ಪಂಜಾಬ್",
  "Pune": "ಪುಣೆ",
  "Pulwama": "ಪುಲ್ವಾಮ",
  "Pudukkottai": "ಪುದುಕ್ಕೋಟ್ಟೈ",
  "Puducherry": "ಪುದುಚೇರಿ",
  "Prayagraj": "ಪ್ರಯಾಗ್ ರಾಜ್",
  "Pratapgarh": "ಪ್ರತಾಪಗಢ",
  "Prakasam": "ಪ್ರಕಾಶಂ",
  "Porbandar": "ಪೋರಬಂದರ್",
  "Pilibhit": "ಪೀಲಿಭೀತ್",
  "Perambalur": "ಪೆರಂಬಲುರ್",
  "Peddapalli": "ಪೆದ್ದಪೆಲ್ಲಿ",
  "Pauri Garhwal": "ಪೌಡಿ ಗಡ್ವಾಲ್",
  "Patna": "ಪಟ್ನಾ",
  "Patiala": "ಪಟಿಯಾಲ",
  "Pathankot": "ಪಠಾನ್ಕೋಟ್",
  "Pathanamthitta": "ಪಥನಂತಿಟ್ಟ",
  "Patan": "ಪಾಟನ್",
  "Paschim Medinipur": "ಪಶ್ಚಿಮ ಮೇದಿನಿಪುರ",
  "Paschim Bardhaman": "ಪಶ್ಚಿಮ್ ಬರ್ಧಮಾನ್",
  "Parbhani": "ಪರ್ಭಾನಿ",
  "Panna": "ಪನ್ನಾ",
  "Panipat": "ಪಾಣಿಪತ್",
  "Panchmahal": "ಪಂಚಮಹಲ್",
  "Panchkula": "ಪಂಚಕುಲ",
  "Palwal": "ಪಲ್ವಾಲ್",
  "Pali": "ಪಾಲಿ",
  "Palghar": "ಪಾಲ್ಘರ್",
  "Palamu": "ಪಲಾಮು",
  "Palakkad": "ಪಲಕ್ಕಾಡ್",
  "Osmanabad": "ಒಸಾಮಾಬಾದ್",
  "Odisha": "ಒಡಿಶಾ",
  "Nuh": "ನೂಹ್",
  "North West Delhi": "ವಾಯುವ್ಯ ದೆಹಲಿ",
  "North Tripura": "ಉತ್ತರ ತ್ರಿಪುರ",
  "North Goa": "ಉತ್ತರ ಗೋವಾ",
  "North East Delhi": "ಈಶಾನ್ಯ ದೆಹಲಿ",
  "North Delhi": "ಉತ್ತರ ದೆಹಲಿ",
  "North and Middle Andaman": "ಉತ್ತರ ಮತ್ತು ಮಧ್ಯ ಅಂಡಮಾನ್",
  "North 24 Parganas": "ಉತ್ತರ 24 ಪರಗಣಾಸ್",
  "Nizamabad": "ನಿಜಾಮಾಬಾದ್",
  "Nirmal": "ನಿರ್ಮಲ್",
  "Nilgiris": "ನೀಲಗಿರಿ",
  "New Delhi": "ನವ ದೆಹಲಿ",
  "Neemuch": "ನೀಮುಚ್",
  "Nayagarh": "ನಯಾಗಢ",
  "Nawada": "ನವಾಡಾ",
  "Navsari": "ನವಸಾರಿ",
  "Nashik": "ನಾಸಿಕ್",
  "Narmada": "ನರ್ಮದಾ",
  "Narayanpet": "ನಾರಾಯಣಪೇಟ್",
  "Nandurbar": "ನಂದೂರ್ಬಾರ್",
  "Nanded": "ನಾಂದೇಡ್",
  "Namakkal": "ನಮಕ್ಕಲ್",
  "Nalgonda": "ನಲ್ಗೊಂಡ",
  "Nalbari": "ನಲಬಾಡಿ",
  "Nalanda": "ನಳಂದ",
  "Nainital": "ನೈನಿತಾಲ್",
  "Nagpur": "ನಾಗ್ಪುರ",
  "Nagaur": "ನಾಗೌರ್",
  "Nagarkurnool": "ನಾಗರಕುರ್ನೂಲ್",
  "Nagapattinam": "ನಾಗಪಟ್ಟಣಂ",
  "Nagaland": "ನಾಗಾಲ್ಯಾಂಡ್",
  "Nadia": "ನಾಡಿಯಾ",
  "Mysuru": "ಮೈಸೂರು",
  "Muzaffarpur": "ಮುಜಾಫರ್ಪುರ",
  "Muzaffarnagar": "ಮುಝಫರ್ ನಗರ್",
  "Murshidabad": "ಮುರ್ಷಿದಾಬಾದ್",
  "Munger": "ಮುಂಗೇರ್",
  "Mumbai Suburban": "ಮುಂಬೈ ಉಪನಗರ",
  "Mumbai": "ಮುಂಬೈ",
  "Mulugu": "ಮುಲುಗು",
  "Morigaon": "ಮೋರಿಗಾಂವ್",
  "Morena": "ಮೊರೆನಾ",
  "Morbi": "ಮೊರ್ಬಿ",
  "Moradabad": "ಮುರಾದಾಬಾದ್",
  "Moga": "ಮೋಗಾ",
  "Mizoram": "ಮಿಜೋರಾಂ",
  "Mirzapur": "ಮಿರ್ಜಾಪುರ್",
  "Mehsana": "ಮೆಹಸಾನಾ",
  "Meghalaya": "ಮೇಘಾಲಯ",
  "Meerut": "ಮೇರಠ್",
  "Medchal Malkajgiri": "ಮೆಡ್ಚಲ್ ಮಲ್ಕಾಜ್ಗಿರಿ",
  "Medak": "ಮೇಡಕ್",
  "Mayurbhanj": "ಮಯೂರ್ಬಂಜ್",
  "Mau": "ಮೌ",
  "Mathura": "ಮಥುರಾ",
  "Mansa": "ಮಾಂಸಾ",
  "Manipur": "ಮಣಿಪುರ್",
  "Mandya": "ಮಂಡ್ಯ",
  "Mandsaur": "ಮಂದಸೌರ್",
  "Mandi": "ಮಂಡಿ",
  "Mancherial": "ಮಂಚೇರಿಯಲ್",
  "Malda": "ಮಾಲ್ಡಾ",
  "Malappuram": "ಮಲಪ್ಪುರಂ",
  "Mainpuri": "ಮೈನ್ಪುರಿ",
  "Mahoba": "ಮಹೋಬಾ",
  "Mahisagar": "ಮಹಿಸಾಗರ್",
  "Mahendragarh": "ಮಹೇಂದ್ರಗಡ",
  "Mahe": "ಮಾಹೆ",
  "Maharashtra": "ಮಹಾರಾಷ್ಟ್ರ",
  "Maharajganj": "ಮಹಾರಾಜಗಂಜ್",
  "Mahabubnagar": "ಮೆಹಬೂಬ್ ನಗರ",
  "Mahabubabad": "ಮಹಬೂಬಾಬಾದ್",
  "Madurai": "ಮಧುರೈ",
  "Madhya Pradesh": "ಮಧ್ಯಪ್ರದೇಶ",
  "Madhubani": "ಮಧುಬನಿ",
  "Madhepura": "ಮಧೇಪುರ",
  "Ludhiana": "ಲುಧಿಯಾನ",
  "Lucknow": "ಲಕ್ನೋ",
  "Lohit": "ಲೋಹಿತ್",
  "Leh": "ಲೇಹ್",
  "Latur": "ಲಾತೂರ್",
  "Lakshadweep": "ಲಕ್ಷದ್ವೀಪ",
  "Lakhisarai": "ಲಖಿಸರಾಯಿ",
  "Lakhimpur Kheri": "ಲಖಿಮಪುರ್ ಖೇರಿ",
  "Lakhimpur": "ಲಖಿಮಪುರ್",
  "Ladakh": "ಲಡಾಖ್",
  "Kutch": "ಕಚ್",
  "Kushinagar": "ಕುಶಿನಗರ",
  "Kurukshetra": "ಕುರುಕ್ಷೇತ್ರ",
  "Kurnool": "ಕರ್ನೂಲ್",
  "Kupwara": "ಕೂಪವಾಡ",
  "Kulgam": "ಕುಲಗಾಂ",
  "Krishnagiri": "ಕೃಷ್ಣಗಿರಿ",
  "Krishna": "ಕೃಷ್ಣ",
  "Kozhikode": "ಕೋಳಿಕೋಡ್",
  "Kottayam": "ಕೊಟ್ಟಾಯಂ",
  "Kota": "ಕೋಟ",
  "Korba": "ಕೊರ್ಬಾ",
  "Koraput": "ಕೋರಾಪುಟ್",
  "Komaram Bheem": "ಕೋಮರಮ್ ಭೀಮ್",
  "Kollam": "ಕೊಲ್ಲಂ",
  "Kolkata": "ಕೋಲ್ಕತಾ",
  "Kolhapur": "ಕೊಲ್ಹಾಪುರ",
  "Kokrajhar": "ಕೊಕ್ರಝಾರ್",
  "Koderma": "ಕೋಡರ್ಮ",
  "Kodagu": "ಕೊಡಗು",
  "Kishtwar": "ಕಿಷ್ತವಾಡ",
  "Kishanganj": "ಕಿಶಂಗಂಜ್",
  "Khordha": "ಖೋರ್ಡ",
  "Kheda": "ಖೇಡಾ",
  "Khargone": "ಖರ್ಗೋನ್",
  "Khandwa": "ಖಾಂಡ್ವಾ",
  "Khammam": "ಖಮ್ಮಮ್",
  "Khagaria": "ಖಗಾರಿಯಾ",
  "Kerala": "ಕೇರಳ",
  "Kendujhar": "ಕೇಂದುಝಾರ್",
  "Kendrapara": "ಕೇಂದ್ರಾಪರ",
  "Kaushambi": "ಕೌಶಾಂಬಿ",
  "Katihar": "ಕತಿಹಾರ್",
  "Kathua": "ಕತುವಾ",
  "Kasganj": "ಕಾಸಗಂಜ್",
  "Kasaragod": "ಕಾಸರಗೋಡು",
  "Karur": "ಕರೂರ್",
  "Karnataka": "ಕರ್ನಾಟಕ",
  "Karnal": "ಕರ್ನಾಲ್",
  "Karimnagar": "ಕರೀಂನಗರ",
  "Karimganj": "ಕರೀಂಗಂಜ್",
  "Kargil": "ಕಾರ್ಗಿಲ್",
  "Karauli": "ಕರೌಲಿ",
  "Kapurthala": "ಕಪುರ್ತಲ",
  "Kanyakumari": "ಕನ್ಯಾಕುಮಾರಿ",
  "Kanpur Nagar": "ಕಾನಪುರ್",
  "Kanpur Dehat": "ಕಾನ್ಪುರ ದೆಹತ್",
  "Kannur": "ಕಣ್ಣೂರು",
  "Kannauj": "ಕನೌಜ್",
  "Kangra": "ಕಂಗ್ರಾ",
  "Kancheepuram": "ಕಾಂಚೀಪುರಂ",
  "Kamrup Metropolitan": "ಕಾಮರೂಪ ಮೆಟ್ರೋಪಾಲಿಟನ್",
  "Kamrup": "ಕಾಮರೂಪ",
  "Kamareddy": "ಕಾಮರೆಡ್ಡಿ",
  "Kallakurichi": "ಕಲ್ಲಕುರಿಚಿ",
  "Kalimpong": "ಕಾಲಿಂಪಾಂಗ್",
  "Kalahandi": "ಕಳಹಂಡಿ",
  "Kalaburagi": "ಕಲಬುರಗಿ",
  "Kaithal": "ಕೈಥಲ್",
  "Kaimur": "ಕೈಮುರ್",
  "Kabeerdham": "ಕಬೀರ್ಧಾಮ್",
  "Junagadh": "ಜುನಾಗಡ್",
  "Jogulamba Gadwal": "ಜೊಗುಲಂಬ ಗಡ್ವಾಲ್",
  "Jodhpur": "ಜೋದಪುರ",
  "Jind": "ಜಿಂದ್",
  "Jhunjhunu": "ಝುನಝುನು",
  "Jharsuguda": "ಝಾರ್ಸುಗುಡಾ",
  "Jharkhand": "ಜಾರ್ಖಂಡ್",
  "Jhansi": "ಝಾನ್ಸಿ",
  "Jhalawar": "ಝಾಲವಾಡ",
  "Jhajjar": "ಝಜ್ಜರ್",
  "Jhabua": "ಝಾಬುವಾ",
  "Jehanabad": "ಜೆಹಾನಾಬಾದ್",
  "Jayashankar Bhupalapally": "ಜಯಶಂಕರ್ ಭೂಪಾಲಪಲ್ಲಿ",
  "Jaunpur": "ಜಾನ್ಪುರ",
  "Jangaon": "ಜನಗಾಂವ್",
  "Jamtara": "ಜಂತಾರಾ",
  "Jamnagar": "ಜಾಮ್ನಗರ್",
  "Jammu and Kashmir": "ಜಮ್ಮು ಮತ್ತು ಕಾಶ್ಮೀರ",
  "Jammu": "ಜಮ್ಮು",
  "Jalpaiguri": "ಜಲಪೈಗುರಿ",
  "Jalore": "ಜಾಲೋರ್",
  "Jalna": "ಜಲ್ನಾ",
  "Jalgaon": "ಜಲಗಾಂವ್",
  "Jalaun": "ಜಲಾವ್",
  "Jalandhar": "ಜಲಂಧರ್",
  "Jajpur": "ಜಾಜಪುರ್",
  "Jaisalmer": "ಜೈಸಲ್ಮೇರ್",
  "Jaipur": "ಜೈಪುರ",
  "Jagtial": "ಜಗ್ತಿಯಾಲ್",
  "Jagatsinghpur": "ಜಗತ್ಸಿಂಘಪುರ್",
  "Jabalpur": "ಜಬಲ್ಪುರ್",
  "Italians": "ಇಟಾಲಿಯನ್ನರು",
  "Indore": "ಇಂದೋರ್",
  "Imphal West": "ಇಂಫಾಲ ಪಶ್ಚಿಮ",
  "Imphal East": "ಇಂಫಾಲ್ ಪೂರ್ವ",
  "Idukki": "ಇಡುಕ್ಕಿ",
  "Hyderabad": "ಹೈದರಾಬಾದ್",
  "Howrah": "ಹೌರಾಹ್",
  "Hoshiarpur": "ಹೊಶಿಯಾರ್ಪುರ್",
  "Hoshangabad": "ಹೋಷಂಗಾಬಾದ್",
  "Hooghly": "ಹೂಗ್ಲಿ",
  "Hisar": "ಹಿಸಾರ್",
  "Hingoli": "ಹಿಂಗೋಲಿ",
  "Himachal Pradesh": "ಹಿಮಾಚಲ ಪ್ರದೇಶ",
  "Hazaribagh": "ಹಜಾರಿಬಾಗ್",
  "Haveri": "ಹಾವೇರಿ",
  "Hathras": "ಹಥ್ರಾಸ್",
  "Haryana": "ಹರಿಯಾಣ",
  "Haridwar": "ಹರಿದ್ವಾರ",
  "Hardoi": "ಹರ್ದೋಇ",
  "Harda": "ಹರ್ದಾ",
  "Hapur": "ಹಾಪುರ್",
  "Hanumangarh": "ಹನುಮಾನಗಡ್",
  "Hamirpur": "ಹಮೀರ್ಪುರ್",
  "Hailakandi": "ಹೈಲಕಾಂಡಿ",
  "Gwalior": "ಗ್ವಾಲಿಯರ್",
  "Gurugram": "ಗುರುಗ್ರಾಮ್",
  "Gurdaspur": "ಗುರುದಾಸಪುರ",
  "Guntur": "ಗುಂಟೂರು",
  "Guna": "ಗುಣಾ",
  "Gujarat": "ಗುಜರಾತ್",
  "Gorakhpur": "ಗೋರಕ್ಪುರ",
  "Gopalganj": "ಗೋಪಾಲ್ ಗಂಜ್",
  "Gondia": "ಗೋಂದಿಯಾ",
  "Gonda": "ಗೊಂಡಾ",
  "Gomati": "ಗೋಮತಿ",
  "Golaghat": "ಗೋಲಾಘಾಟ್",
  "Godda": "ಗೊಡ್ಡಾ",
  "Goalpara": "ಗೋಲ್ಪಾಡಾ",
  "Goa": "ಗೋವಾ",
  "Giridih": "ಗಿರಿಡೀಹ್",
  "Gir Somnath": "ಗಿರ್ ಸೋಮನಾಥ",
  "Ghazipur": "ಘಾಜಿಪುರ್",
  "Ghaziabad": "ಘಾಜಿಯಾಬಾದ್",
  "Gaya": "ಗಯಾ",
  "Gautam Buddha Nagar": "ಗೌತಮ ಬುದ್ಧ ನಗರ",
  "Garhwa": "ಗಢವಾ",
  "Ganjam": "ಗಂಜಮ್",
  "Gandhinagar": "ಗಾಂಧಿನಗರ",
  "Ganderbal": "ಗಂದೇರ್ಬಲ್",
  "Gadchiroli": "ಗಡಚಿರೋಲಿ",
  "Gadag": "ಗದಗ",
  "Firozabad": "ಫಿರೋಜಾಬಾದ್",
  "Ferozepur": "ಫಿರೋಜ್ಪುರ್",
  "Fazilka": "ಫಜಿಲ್ಕಾ",
  "Fatehpur": "ಫತೇಪುರ್",
  "Fatehgarh Sahib": "ಫತೇಘರ್ ಸಾಹಿಬ್",
  "Fatehabad": "ಫತೆಹಾಬಾದ್",
  "Faridkot": "ಫರಿದ್ಕೋಟ್",
  "Faridabad": "ಫರಿದಾಬಾದ್",
  "Etawah": "ಇಟಾವಾ",
  "Etah": "ಇಟಾಹ್",
  "Erode": "ಈರೋಡ್",
  "Ernakulam": "ಎರ್ನಾಕುಲಂ",
  "East Khasi Hills": "ಪೂರ್ವ ಖಾಸಿ ಹಿಲ್ಸ್",
  "East Godavari": "ಪೂರ್ವ ಗೋದಾವರಿ",
  "East Delhi": "ಪೂರ್ವ ದೆಹಲಿ",
  "East Champaran": "ಪೂರ್ವ ಚಂಪಾರಣ್",
  "Durg": "ದುರ್ಗ್",
  "Dungarpur": "ಡುಂಗಾರಪುರ್",
  "Dumka": "ದುಮ್ಕಾ",
  "Dindori": "ದಿಂಡೋರಿ ",
  "Dindigul": "ಡಿಂಡಿಗುಲ್",
  "Dhule": "ಧುಲೆ",
  "Dhubri": "ಧುಬ್ರಿ",
  "Dholpur": "ಧೋಲ್ಪುರ್",
  "Dhenkanal": "ಧೆಂಕನಾಲ್",
  "Dharwad": "ಧಾರವಾಡ",
  "Dharmapuri": "ಧರ್ಮಪುರಿ",
  "Dhar": "ಧಾರ್",
  "Dhanbad": "ಧನ್ಬಾದ್",
  "Dhalai": "ಧಲಾಯಿ",
  "Dewas": "ದೆವಾಸ್",
  "Devbhumi Dwarka": "ದೇವಭೂಮಿ ದ್ವಾರಕಾ",
  "Deoria": "ದೇವರಿಯ",
  "Deoghar": "ದಿಯೋಘರ್",
  "Deogarh": "ದೇವಗಢ",
  "Delhi": "ದೆಹಲಿ",
  "Dehradun": "ದೆಹ್ರಾದೂನ್",
  "Davanagere": "ದಾವಣಗೆರೆ",
  "Dausa": "ದೌಸಾ",
  "Darjeeling": "ಡಾರ್ಜಿಲಿಂಗ್",
  "Darbhanga": "ದರ್ಭಾಂಗ",
  "Dang": "ಡ್ಯಾಂಗ್",
  "Daman and Diu": "ದಮನ್ ಮತ್ತು ದಿಯು",
  "Dakshina Kannada": "ದಕ್ಷಿಣ ಕನ್ನಡ",
  "Dahod": "ದಾಹೋದ್",
  "Dadra and Nagar Haveli": "ದಾದ್ರಾ ಮತ್ತು ನಗರ್ ಹವೇಲಿ",
  "Cuttack": "ಕಟಕ್",
  "Cuddalore": "ಕಡಲೋರ್",
  "Coimbatore": "ಕೊಯಿಮತ್ತೂರು",
  "Churu": "ಚುರು",
  "Chittorgarh": "ಚಿತ್ತೋರಗಢ",
  "Chittoor": "ಚಿತ್ತೂರು",
  "Chitrakoot": "ಚಿತ್ರಕೂಟ",
  "Chitradurga": "ಚಿತ್ರದುರ್ಗ",
  "Chikkaballapura": "ಚಿಕ್ಕಬಳ್ಳಾಪುರ",
  "Chhota Udaipur": "ಛೋಟಾ ಉದಯ್ಪುರ",
  "Chhindwara": "ಚಿಂದ್ವಾಡ",
  "Chhattisgarh": "ಛತ್ತೀಸ್ಗಢ",
  "Chennai": "ಚೆನೈ",
  "Chengalpattu": "ಚೆಂಗಲ್ಪಟ್ಟು ",
  "Charkhi Dadri": "ಚರಖಿ ದಾದ್ರಿ",
  "Chandrapur": "ಚಂದ್ರಾಪುರ",
  "Chandigarh": "ಚಂಡೀಘಢ",
  "Chamba": "ಚಂಬಾ",
  "Central Delhi": "ಸೆಂಟ್ರಲ್ ದೆಹಲಿ",
  "Cachar": "ಕಚಾರ್",
  "Buxar": "ಬುಕ್ಸಾರ್",
  "Burhanpur": "ಬುರ್ಹಾನ್ಪುರ",
  "Buldhana": "ಬುಲ್ಧಾನ",
  "Bulandshahr": "ಬುಲಂದ್ ಶಹರ್",
  "Budgam": "ಬಡ್ಗಮ್",
  "Budaun": "ಬುಡಾವು",
  "Botad": "ಬೊಟಾದ್",
  "Bongaigaon": "ಬೋಂಗಾಯಿಗಾಂವ್",
  "Bokaro": "ಬೊಕಾರೊ",
  "Birbhum": "ಬೀರಭೂಮ್",
  "Bilaspur": "ಬಿಲಾಸ್ಪುರ್",
  "Bikaner": "ಬಿಕಾನೇರ್",
  "Bijnor": "ಬಿಜನೋರ್",
  "Bihar": "ಬಿಹಾರ",
  "Bidar": "ಬೀದರ್",
  "Bhopal": "ಭೋಪಾಲ್",
  "Bhojpur": "ಭೋಜ್ಪುರ",
  "Bhiwani": "ಭಿವಾನಿ",
  "Bhind": "ಭಿಂದ್",
  "Bhilwara": "ಭಿಲ್ವಾರ",
  "Bhavnagar": "ಭಾವನಗರ್",
  "Bharuch": "ಭರೂಚ್",
  "Bharatpur": "ಭರತ್ಪುರ",
  "Bhandara": "ಭಂಡಾರಾ",
  "Bhagalpur": "ಭಾಗಲ್ಪುರ",
  "Bhadrak": "ಭದ್ರಕ್",
  "Bhadradri Kothagudem": "ಭದ್ರಾದ್ರಿ ಕೋಥಗುಡೆಮ್",
  "Bhadohi": "ಭಾದೋಹಿ",
  "Betul": "ಬೇತುಲ್",
  "Bengaluru Urban": "ಬೆಂಗಳೂರು ನಗರ",
  "Bengaluru Rural": "ಬೆಂಗಳೂರು ಗ್ರಾಮಾಂತರ",
  "Belagavi": "ಬೆಳಗಾವಿ",
  "Begusarai": "ಬೇಗುಸರೈ",
  "Beginning": "ಆರಂಭದಲ್ಲಿ",
  "Beed": "ಬೀಡ್",
  "Bathinda": "ಬಥಿಂಡಾ",
  "Basti": "ಬಸ್ತಿ",
  "Barwani": "ಬಡವಾನಿ",
  "Barnala": "ಬರ್ನಾಲಾ",
  "Barmer": "ಬಾದ್ಮೇರ್",
  "Bareilly": "ಬರೇಲಿ",
  "Baran": "ಬಾರಾಂ",
  "Baramulla": "ಬಾರಾಮುಲ್ಲಾ",
  "Barabanki": "ಬಾರಬಂಕಿ",
  "Banswara": "ಬಾಂಸ್ವಾಡ",
  "Banka": "ಬಂಕಾ",
  "Bandipora": "ಬಂಡೀಪೋರಾ",
  "Banda": "ಬಾಂದಾ",
  "Banaskantha": "ಬನಾಸ್ಕಂಟಾ",
  "Balrampur": "ಬಲ್ ರಾಮ್ ಪುರ್",
  "Ballari": "ಬಳ್ಳಾರಿ",
  "Balasore": "ಬಾಲಸೋರ್",
  "Balangir": "ಬಲಂಗೀರ್",
  "Bahraich": "ಬಹರೈಚ್",
  "Baghpat": "ಬಾಘ್ಪತ್",
  "Bagalkote": "ಬಾಗಲಕೋಟೆ",
  "Azamgarh": "ಆಜಂಘರ್",
  "Ayodhya": "ಅಯೋಧ್ಯಾ",
  "Aurangabad": "ಔರಂಗಾಬಾದ್",
  "Auraiya": "ಔರಿಯಾ",
  "Assam": "ಅಸ್ಸಾಂ",
  "Ashoknagar": "ಅಶೋಕನಗರ",
  "Arwal": "ಅರ್ವಾಲ್",
  "Arunachal Pradesh": "ಅರುಣಾಚಲ ಪ್ರದೇಶ",
  "Ariyalur": "ಅರಿಯಲುರ್",
  "Aravalli": "ಅರಾವಳಿ",
  "Araria": "ಅರಾರಿಯಾ",
  "Anuppur": "ಅನುಪ್ಪುರ್",
  "Andhra Pradesh": "ಆಂಧ್ರ ಪ್ರದೇಶ",
  "Anantnag": "ಅನಂತ್ನಾಗ್",
  "Anantapur": "ಅನಂತಪುರ್",
  "Anand": "ಆನಂದ್",
  "Amroha": "ಅಮ್ರೋಹಾ",
  "Amritsar": "ಅಮೃತಸರ",
  "Amravati": "ಅಮರಾವತಿ",
  "Amethi": "ಅಮೇಥಿ",
  "Ambala": "ಅಂಬಾಲ",
  "Alwar": "ಅಲ್ವಾರ್",
  "Almora": "ಅಲ್ಮೋರಾ",
  "Alirajpur": "ಅಲಿರಾಜಪುರ್",
  "Aligarh": "ಆಲಿಗಢ",
  "Alappuzha": "ಆಲಪುಳ",
  "Akola": "ಅಕೋಲಾ",
  "Ajmer": "ಅಜ್ಮೀರ",
  "Aizawl": "ಐಜ್ವಾಲ್",
  "Ahmednagar": "ಅಹ್ಮದ್ನಗರ",
  "Ahmedabad": "ಅಹಮದಾಬಾದ್",
  "Agra": "ಆಗ್ರಾ",
  "Agar Malwa": "ಅಗರ್ ಮಾಲ್ವಾ",
  "Adilabad": "ಅದಿಲಾಬಾದ್",
  "Yanam": "ಯಾನಮ್",
  "Yadgir": "ಯಾದಗಿರಿ",
  "Yadadri Bhuvanagiri": "ಯಾದಾದ್ರಿ ಭುವನಗಿರಿ",
  "West Tripura": "ಪಶ್ಚಿಮ ತ್ರಿಪುರ",
  "West Singhbhum": "ಪಶ್ಚಿಮ ಸಿಂಗ್ಬುಮ್",
  "West Siang": "ಪಶ್ಚಿಮ ಸಿಯಾಂಗ್",
  "West Khasi Hills": "ಪಶ್ಚಿಮ ಖಾಸಿ ಹಿಲ್ಸ್",
  "West Karbi Anglong": "ವೆಸ್ಟ್ ಕಾರ್ಬಿ, ಆಂಗ್ಲಾಂಗ್",
  "West Kameng": "ವೆಸ್ಟ್ ಕಾಮೆಂಗ್",
  "West Jaintia Hills": "ಪಶ್ಚಿಮ ಜೈಂತಿಯಾ ಹಿಲ್ಸ್",
  "West Garo Hills": "ಪಶ್ಚಿಮ ಗಾರೊ ಹಿಲ್ಸ್",
  "Warangal Rural": "ವಾರಂಗಲ್ ಗ್ರಾಮೀಣ",
  "Wanaparthy": "ವನಪರ್ತಿ",
  "Uttarkashi": "ಉತ್ತರಕಾಶಿ",
  "Uttar Dinajpur": "ಉತ್ತರ ದೀನಜ್ಪುರ",
  "Uttar Bastar Kanker": "ಉತ್ತರ ಬಸ್ತಾರ್ ಕಾಂಕೆರ್",
  "Upper Subansiri": "ಅಪ್ಪರ್ ಸುಬನಸಿರಿ",
  "Upper Siang": "ಅಪ್ಪರ್ ಸಿಯಾಂಗ್",
  "Upper Dibang Valley": "ಅಪ್ಪರ್ ದಿಬಾಂಗ್ ಕಣಿವೆ",
  "Unokoti": "ಉನೊಕೋಟಿ",
  "Umaria": "ಉಮಾರಿಯಾ",
  "Ukhrul": "ಉಖ್ರುಲ್",
  "Udalguri": "ಉಡಾಲ್ಗುರಿ",
  "Tirap": "ತಿರಾಪ್",
  "Tinsukia": "ತಿನ್ಸುಕಿಯಾ",
  "Thoubal": "ಥೌಬಲ್",
  "Tengnoupal": "ಟೆಂಗ್ನೌಪಾಲ್",
  "Tehri Garhwal": "ತೆಹ್ರಿ ಗರ್ವಾಲ್",
  "Tawang": "ತವಾಂಗ್",
  "Tamenglong": "ತಾಮೆಂಗ್ಲಾಂಗ್",
  "Surguja": "ಸರ್ಗೂಜಾ",
  "Sukma": "ಸುಖ್ಮಾ",
  "Subarnapur": "ಸುಬರ್ನಾಪುರ್",
  "South West Khasi Hills": "ನೈಋತ್ಯ ಖಾಸಿ ಹಿಲ್ಸ್",
  "South West Garo Hills": "ನೈಋತ್ಯ ಗಾರೊ ಹಿಲ್ಸ್",
  "South Tripura": "ದಕ್ಷಿಣ ತ್ರಿಪುರ",
  "South Garo Hills": "ದಕ್ಷಿಣ ಗಾರೊ ಹಿಲ್ಸ್",
  "Sonitpur": "ಸೋನಿತಪುರ",
  "Sonbhadra": "ಸೋನಭದ್ರ",
  "Sivasagar": "ಶಿವಸಾಗರ",
  "Sipahijala": "ಸಿಪಾಹಿಜಲಾ",
  "Singrauli": "ಸಿಂಗ್ರೌಲಿ",
  "Sidhi": "ಸಿಧಿ",
  "Siang": "ಸಿಯಾಂಗ್",
  "Shivamogga": "ಶಿವಮೊಗ್ಗ",
  "Shi Yomi": "ಶಿ ಯೋಮಿ",
  "Serchhip": "ಸೆರ್ಚಿಪ್",
  "Seoni": "ಸಿಯೋನಿ",
  "Senapati": "ಸೇನಾಪತಿ",
  "Saraikela-Kharsawan": "ಸರೈಕೆಲಾ-ಖಾರ್ಸಾವನ್",
  "Sambalpur": "ಸಂಬಲ್ಪುರ",
  "Saitual": "ಸೈತುಅಲ್",
  "Saiha": "ಸೈಹಾ",
  "Sahibganj": "ಸಾಹಿಬ್‌ಗಂಜ್",
  "Rudraprayag": "ರುದ್ರಪ್ರಯಾಗ",
  "Ribhoi": "ರಿಭೋಯಿ",
  "Rayagada": "ರಾಯಗಢ",
  "Ramgarh": "ರಾಮಗಢ",
  "Ramanagara": "ರಾಮನಗರ",
  "Raigarh": "ರಾಯಘಡ",
  "Raichur": "ರಾಯಚೂರು",
  "Purulia": "ಪುರುಲಿಯಾ",
  "Punch": "ಪೂಂಛ",
  "Pithoragarh": "ಪಿಥೋರಗಡ್",
  "Pherzawl": "ಫೆರ್ಜಾವ್ಲ್",
  "Papum Pare": "ಪಾಪುಮ್ ಪಾರೆ",
  "Pakur": "ಪಾಕುಡ್",
  "Pakke Kessang": "ಪಕ್ಕೆ ಕೆಸ್ಸಾಂಗ್",
  "Nuapada": "ನುವಾಪದ",
  "North Garo Hills": "ಉತ್ತರ ಗಾರೊ ಹಿಲ್ಸ್",
  "Noney": "ನೋನಿ",
  "Niwari": "ನಿವಾರಿ",
  "Nicobars": "ನಿಕೋಬಾರ್ಸ್",
  "Narsinghpur": "ನರ್ಸಿಂಗಪುರ್",
  "Narayanpur": "ನಾರಾಯಣಪುರ",
  "Namsai": "ನಮ್ಸಾಯಿ",
  "Nagaon": "ನಾಗಾವ್",
  "Nabarangapur": "ನಬರಂಗಪುರ",
  "Muzaffarabad": "ಮುಜಾಫರಾಬಾದ",
  "Mungeli": "ಮುಂಗೇಲಿ",
  "Mirpur": "ಮೀರಪುರ",
  "Mandla": "ಮಂಡ್ಲಾ\n",
  "Mamit": "ಮಾಮಿಟ್",
  "Malkangiri": "ಮಲ್ಕನಗಿರಿ",
  "Majuli": "ಮಜುಲಿ",
  "Mahasamund": "ಮಹಾಸಮುಂದ್",
  "Lunglei": "ಲುಂಗ್ಲೆ",
  "Lower Subansiri": "ಲೋವರ್ ಸುಬನಸಿರಿ",
  "Lower Siang": "ಲೋವರ್ ಸಿಯಾಂಗ್",
  "Lower Dibang Valley": "ಲೋವರ್ ದಿಬಾಂಗ್ ಕಣಿವೆ",
  "Longding": "ಲಾಂಗ್ ಡಿಂಗ್",
  "Lohardaga": "ಲೋಹರ್ದಾಗಾ",
  "Lepa Rada": "ಲೆಪಾ ರಾಡಾ",
  "Lawngtlai": "ಲೌಂಗ್ ತ್ಲೈ",
  "Latehar": "ಲತೇಹಾರ್",
  "Lalitpur": "ಲಲಿತಪುರ",
  "Lahaul and Spiti": "ಲಹೌಲ್ ಮತ್ತು ಸ್ಪಿತಿ",
  "Kurung Kumey": "ಕುರುಂಗ್ ಕುಮೆ",
  "Kullu": "ಕುಲ್ಲು",
  "Kra Daadi": "ಕ್ರಾ ದಾದಿ",
  "Koriya": "ಕೊರಿಯಾ",
  "Koppal": "ಕೊಪ್ಪಳ",
  "Kondagaon": "ಕೊಂಡಗಾಂವ್",
  "Kolasib": "ಕೋಲಾಸಿಬ್",
  "Kolar": "ಕೋಲಾರ",
  "Kinnaur": "ಕಿನ್ನೌರ್",
  "Khunti": "ಖುಂಟಿ",
  "Khowai": "ಖೋವಾಯಿ",
  "Khawzawl": "ಖಾವ್ಜಾಲ್",
  "Katni": "ಕಟ್ನಿ",
  "Karbi Anglong": "ಕಾರ್ಬಿ, ಆಂಗ್ಲಾಂಗ್",
  "Karaikal": "ಕಾರೈಕಲ್",
  "Kangpokpi": "ಕಂಗಪೊಕ್ಪಿ",
  "Kandhamal": "ಕಂಧಮಲ್",
  "Kamle": "ಕಾಮಲೆ",
  "Kamjong": "ಕಮಜೊಂಗ್",
  "Kakching": "ಕಾಕಚಿಂಗ್",
  "Jorhat": "ಜೋರ್ಹತ್",
  "Jiribam": "ಜಿರಿಬಾಮ್",
  "Jhargram": "ಝರಗ್ರಾಮ್",
  "Jashpur": "ಜಶಪುರ್",
  "Janjgir Champa": "ಜಾಂಜಗಿರ್ ಚಂಪಾ",
  "Jamui": "ಜಮುಯಿ",
  "Hojai": "ಹೊಜೈ",
  "Hnahthial": "ಹ್ನಾಥಿಯಲ್",
  "Hassan": "ಹಾಸನ",
  "Gumla": "ಗುಮ್ಲಾ",
  "Gariaband": "ಗರಿಯಾಬಂದ್",
  "Ganganagar": "ಗಂಗಾನಗರ್",
  "Gajapati": "ಗಜಪತಿ",
  "Farrukhabad": "ಫರೂಖಾಬಾದ್",
  "East Singhbhum": "ಪೂರ್ವ ಸಿಂಹಭೂಮ್",
  "East Siang": "ಪೂರ್ವ ಸಿಯಾಂಗ್",
  "East Kameng": "ಈಸ್ಟ್ ಕಾಮೆಂಗ್",
  "East Jaintia Hills": "ಈಸ್ಟ್ ಜೈನತಿಯಾ ಹಿಲ್ಸ್",
  "East Garo Hills": "ಪೂರ್ವ ಗಾರೊ ಹಿಲ್ಸ್",
  "Doda": "ದೋಡಾ",
  "Diu": "ಡಿಯು",
  "Dima Hasao": "ದಿಮಾ ಹಸಾವೊ",
  "Dibrugarh": "ದಿಬ್ರುಘಢ್",
  "Dhemaji": "ಧೆಮಾಜಿ",
  "Dhamtari": "ಧಮ್ ತರಿ",
  "Datia": "ದತಿಯಾ",
  "Darrang": "ದರಾಂಗ್",
  "Damoh": "ದಮೊಹ್",
  "Daman": "ದಮನ್",
  "Dakshin Dinajpur": "ದಕ್ಷಿಣ ದಿನಾಜ್ಪುರ್",
  "Dakshin Bastar Dantewada": "ದಕ್ಷಿಣ ಬಸ್ತಾರ್ ದಾಂತೇವಾಡಾ",
  "Cooch Behar": "ಕೂಚ್ ಬಿಹಾರ್",
  "Churachandpur": "ಚುರಾಚಂದ್ಪುರ್",
  "Chirang": "ಚಿರಂಗ್",
  "Chikkamagaluru": "ಚಿಕ್ಕಮಗಳೂರು",
  "Chhatarpur": "ಛತರ್ಪುರ್",
  "Chatra": "ಚತರಾ",
  "Charaideo": "ಚರೈದೇವ್",
  "Changlang": "ಚಾಂಗ್ಲಾಂಗ್",
  "Chandel": "ಚಂದೇಲ್",
  "Chandauli": "ಚಂದೌಲಿ",
  "Champhai": "ಚಂಫೈ",
  "Champawat": "ಚಂಪಾವತ್",
  "Chamoli": "ಚಮೋಲಿ",
  "Chamarajanagara": "ಚಾಮರಾಜನಗರ",
  "Bundi": "ಬುಂದಿ",
  "Boudh": "ಬೋಧ್",
  "Biswanath": "ಬಿಶ್ವನಾಥ್",
  "Bishnupur": "ಬಿಷ್ಣುಪುರ್",
  "Bijapur": "ಬಿಜಾಪುರ",
  "Bastar": "ಬಸ್ತಾರ್",
  "Barpeta": "ಬಾರ್ಪೆಟಾ",
  "Bargarh": "ಬಾರ್ಗಢ",
  "Bankura": "ಬಾಂಕುಡಾ",
  "Bemetara": "ಬೆಮೇತರಾ",
  "Baloda Bazar": "ಬಲೊದಾ ಬಜಾರ್",
  "Balod": "ಬಾಲೋದ್",
  "Ballia": "ಬಲ್ಲಿಯಾ",
  "Balaghat": "ಬಾಲಘಾಟ್",
  "Baksa": "ಬಕ್ಸಾ",
  "Bageshwar": "ಬಾಗೇಶ್ವರ್",
  "Anjaw": "ಅಂಜಾವ್",
  "Angul": "ಅಂಗುಲ್",
  "Amreli": "ಅಮರೇಲಿ",
  "Ambedkar Nagar": "ಅಂಬೇಡ್ಕರ್ ನಗರ",
  "Alipurduar": "ಅಲಿಪುರದೌರ್",
  "Weeks": "ವಾರಗಳು",
  "We stand with everyone fighting on the frontlines": "ಮುಂಚೂಣಿಯಲ್ಲಿ ನಿಂತು ಹೋರಾಡುವ ಪ್ರತಿಯೊಬ್ಬರೊಂದಿಗೆ ನಾವು ನಿಲ್ಲುತ್ತೇವೆ",
  "Visit state page": "ರಾಜ್ಯದ​ ಪುಟಕ್ಕೆ ಹೋಗಿ",
  "Unknown": "ಅಜ್ಞಾತ",
  "Uniform": "ಏಕರೂಪ",
  "Total Cases": "ಒಟ್ಟು ಪ್ರಕರಣಗಳು",
  "Total": "ಒಟ್ಟು",
  "Tested chart is independent of uniform scaling": "ಪರೀಕ್ಷಿಸಿದ ನಕ್ಷೆಯು ಏಕರೂಪದ ಸ್ಕೇಲಿಂಗ್‌ ಅನ್ನು ಅವಲಂಬಿಸಿರುವುದಿಲ್ಲ",
  "Tested": "ಪರೀಕ್ಷಿಸಿದ",
  "state/UT": "ರಾಜ್ಯ / ಕೇಂದ್ರಾಡಳಿತ ಪ್ರದೇಶ",
  "State/UT": "ರಾಜ್ಯ / ಕೇಂದ್ರಾಡಳಿತ ಪ್ರದೇಶ",
  "State": "ರಾಜ್ಯ",
  "Spread Trends": "ವಿಸ್ತರಿಸಿದ ಪ್ರವೃತ್ತಿ",
  "Shahid Bhagat Singh Nagar": "ಶಹಿದ್ ಭಗತ್ ಸಿಂಗ್ ನಗರ್",
  "Search your city, resources, etc": "ನಿಮ್ಮ ನಗರ, ಸಂಪನ್ಮೂಲಗಳು, ಇತ್ಯಾದಿಗಳನ್ನು ಹುಡುಕಿ",
  "Scale Modes": "ಸ್ಕೇಲ್ ಕ್ರಮಗಳು",
  "report": "ವರದಿ",
  "Recovered": "ಗುಣಮುಖರು",
  "per million": "ದಶಲಕ್ಷಕ್ಕೆ",
  "Other State": "ಇತರೆ ರಾಜ್ಯ",
  "Other state": "ಇತರೆ ರಾಜ್ಯ",
  "Other Region": "ಇತರೆ ಪ್ರದೇಶ",
  "Month": "ತಿಂಗಳು",
  "Map": "ನಕ್ಷೆ",
  "Logarithmic": "ವಿಘಾತದ(ಲೊಗ್ಯಾರಿದಮಿಕ್)",
  "Last updated": "ಕೊನೆಯ ನವೀಕರಣ",
  "know more": "ಇನ್ನಷ್ಟು ತಿಳಿಯಿರಿ",
  "India": "ಭಾರತ",
  "Hover": "ಸುತ್ತುತ್ತಿರಿ",
  "Home": "ಮುಖಪುಟ",
  "for more details": "ಹೆಚ್ಚಿನ ವಿವರಗಳಿಗಾಗಿ",
  "Evacuees": "ಸ್ಥಳಾಂತರಿತ",
  "Essentials": "ಅಗತ್ಯ ಸೇವೆಗಳು",
  "District-wise numbers are under reconciliation": "ಜಿಲ್ಲಾವಾರು ಸಂಖ್ಯೆಗಳು ಸಮನ್ವಯದಲ್ಲಿವೆ",
  "District": "ಜಿಲ್ಲಾ",
  "Demographics": "ಜನವಿವರಣೆ",
  "Deep Dive": "ವಿಸ್ತೃತ ವಿಶ್ಲೇಷಣೆ",
  "Deceased": "ಮೃತಪಟ್ಟವರು",
  "Daily": "ಪ್ರತಿದಿನ",
  "Dadra and Nagar Haveli and Daman and Diu": "ದಾದ್ರಾ ಮತ್ತು ನಗರ್ ಹವೇಲಿ ಮತ್ತು ದಮನ್ ಮತ್ತು ದಿಯು",
  "Cumulative": "ಸಂಚಿತ",
  "Confirmed": "ಸೋಂಕಿತರು",
  "Compiled from State Govt. numbers": "ರಾಜ್ಯ ಸರ್ಕಾರಗಳಿಂದ ಸಂಗ್ರಹಿಸಲಾಗಿರುವ ಸಂಖ್ಯೆಗಳು",
  "Checked by default to scale uniformly.": "ಏಕರೂಪವಾಗಿ ಅಳೆಯಲು ಪೂರ್ವನಿಯೋಜಿತವಾಗಿ ಆಯ್ಕೆ ಮಾಡಲಾಗಿದೆ\n.",
  "Cases per million": "ದಶಲಕ್ಷಕ್ಕೆ ಪ್ರಕರಣಗಳು",
  "BSF Camp": "ಬಿಎಸ್ಎಫ್ ಕ್ಯಾಂಪ್",
  "Based on 2019 population projection by NCP": "ಎನ್‌ಸಿಪಿಯ ೨೦೧೯ರ ಜನಸಂಖ್ಯೆ ಪ್ರಕ್ಷೇಪಣೆ ಆಧಾರಿತ",
  "As of": "ರವರೆಗೆ",
  "Andaman and Nicobar Islands": "ಅಂಡಮಾನ್ ಮತ್ತು ನಿಕೋಬಾರ್ ದ್ವೀಪಗಳು",
  "All States": "ಎಲ್ಲಾ ರಾಜ್ಯದ",
  "ago": "ಪೂರ್ವದಲ್ಲಿ",
  "Active": "ಸಕ್ರಿಯರು",
  "About": "ಬಗ್ಗೆ",
  "A crowdsourced initiative.": "ಜನಸಮೂಹ ಮೂಲದ ಉಪಕ್ರಮ",
  "Airport Quarantine": "ವಿಮಾನ ನಿಲ್ದಾಣದ ಕ್ವಾರಂಟಿನ್"
}