{
  "completion_ratio": "1.00",
  "Language": "ਭਾਸ਼ਾ",
  "State Unassigned": "ਰਾਜ ਨਿਧਾਰਿਤ ਨਹੀਂ",
  "District-wise {{mapOption}} numbers are under reconciliation": "ਜ਼ਿਲ੍ਹਾ-ਅਨੁਸਾਰ {{mapOption}} ਸੰਖਿਆ ਮਿਲਾਨ ਦੇ ਅਧੀਨ ਹਨ",
  "Hotspots": "ਹੌਟਸਪੌਟ",
  "Back": "ਵਾਪਸ",
  "Join Telegram to Collaborate!": "ਸਹਿਯੋਗ ਕਰਨ ਲਈ ਟੈਲੀਗ੍ਰਾਮ ਵਿੱਚ ਸ਼ਾਮਲ ਹੋ ਜਾਓ!",
  "View updates on Twitter": "ਟਵਿੱਟਰ 'ਤੇ ਅੱਪਡੇਟ ਦੇਖੋ",
  "Crowdsourced Patient Database": "ਭੀੜ ਤੋਂ ਇਕਤਰਤ ਮਰੀਜਾ ਦੇ ਆਂਕੜੇ",
  "Open Sourced on GitHub": "ਖੁੱਲਾ ਸਰੋਤ GitHub ਤੋਂ",
  "See more details on {{state}}": "ਤੇ ਹੋਰ ਜਾਣਕਾਰੀ ਨੂੰ ਵੇਖੋ {{state}}",
  "tap": "ਟੈਪ ਕਰੋ",
  "{{action}} over a {{mapType}} for more details": "ਇੱਕ {{mapType}} ਉੱਤੇ {{action}} ਹੋਰ ਜਾਣਕਾਰੀ ਲਈ",
  "As of {{date}}": "ਹੁਣ ਤਕ {{date}}",
  "Zones": "ਜ਼ੋਨ",
  "Senior citizen support bangalore": "ਸੀਨੀਅਰ ਨਾਗਰਿਕ ਸਹਿਯੋਗ ਨੂੰ ਬੰਗਲੌਰ",
  "Locations": "ਜਗਹ",
  "Groceries Chennai": " ਚੇੰਨਈ ਵਿੱਚ ਕਰਿਆਨਾ",
  "Community Kitchen in Kerala": "ਕੇਰਲਾ ਵਿੱਚ ਕਮਿਊਨਿਟੀ ਰਸੋਈ",
  "Delhi Shelter": "ਦਿੱਲੀ ਸ਼ਰਨ",
  "Testing Pune": "ਟੈਸਟਿੰਗ ਪੁਣੇ",
  "Menu": "ਸੂਚੀ",
  "Close": "ਬੰਦ ਕਰੋ",
  "source": "ਸਰੋਤ",
  "District zones as published by MoHFW": "MoHFW ਦੁਆਰਾ ਪ੍ਰਕਾਸ਼ਿਤ ਕੀਤੇ ਗਏ ਜ਼ਿਲ੍ਹਾ ਜ਼ੋਨ",
  "Bametara": "ਬਾਮੇਤਾਰਾ",
  "India Map": "ਭਾਰਤ ਦਾ ਨਕਸ਼ਾ",
  "Yavatmal": "ਯਵਤਮਾਲ",
  "Yamunanagar": "ਯਮੁਨਾਨਗਰ",
  "Y.S.R. Kadapa": "ਵਾਈ.ਐੱਸ.ਆਰ. ਕੜਪਾ",
  "West Godavari": "ਪੱਛਮੀ ਗੋਦਾਵਰੀ",
  "West Delhi": "ਪੱਛਮੀ ਦਿੱਲੀ",
  "West Champaran": "ਪੱਛਮੀ ਚੰਪਾਰਨ",
  "West Bengal": "ਪੱਛਮੀ ਬੰਗਾਲ",
  "Wayanad": "ਵਯਨਾਡ",
  "Washim": "ਵਾਸ਼ਿਮ",
  "Wardha": "ਵਰਧਾ",
  "Warangal Urban": "ਵਾਰੰਗਲ ਅਰਬਨ",
  "Vizianagaram": "ਵਿਜ਼ਿਆਣਗਰਮ",
  "Visakhapatnam": "ਵਿਸ਼ਾਖਾਪਟਨਮ",
  "Virudhunagar": "ਵਿਰੁਧੁਨਗਰ",
  "Viluppuram": "ਵਿਲੁਪੁਰਮ",
  "Vikarabad": "ਵਿਕਰਾਬਾਦ",
  "Vijayapura": "ਵਿਜੈਪੁਰਾ",
  "Vidisha": "ਵਿਦਿਸ਼ਾ",
  "Vellore": "ਵੇਲੌਰ",
  "Varanasi": "ਵਾਰਾਣਸੀ",
  "Valsad": "ਵਲਸਾਦ",
  "Vaishali": "ਵੈਸ਼ਾਲੀ",
  "Vadodara": "ਵਡੋਦਰਾ",
  "Uttarakhand": "ਉਤਰਾਖੰਡ",
  "Uttara Kannada": "ਉੱਤਰੀ ਕੰਨੜ",
  "Uttar Pradesh": "ਉੱਤਰ ਪ੍ਰਦੇਸ਼",
  "Unnao": "ਉਨਾਓ",
  "Una": "ਊਨਾ ",
  "Ujjain": "ਉਜੈਨ",
  "Udupi": "ਉਦੂਪੀ",
  "Udhampur": "ਊਧਮਪੁਰ ",
  "Udham Singh Nagar": "ਊਧਮ ਸਿੰਘ ਨਗਰ",
  "Udaipur": "ਉਦੈਪੁਰ",
  "Tumakuru": "ਤੁਮਾਕੁਰੁ",
  "Tripura": "ਤ੍ਰਿਪੁਰਾ",
  "Tonk": "ਟੋਂਕ",
  "Tiruvannamalai": "ਤਿਰੂਵਨਮਲਾਈ",
  "Tiruppur": "ਤਿਰੂਪੁਰ",
  "Tirupathur": "ਤਿਰੂਪਾਥੁਰ",
  "Tirunelveli": "ਤਿਰੂਨੈਲਵੇਲੀ",
  "Tiruchirappalli": "ਤਿਰੂਚਿਰਪੱਲੀ",
  "Tikamgarh": "ਟੀਕਾਮਗੜ",
  "Thrissur": "ਤ੍ਰਿਸੂਰ",
  "Thoothukkudi": "ਥੂਥੁਕੁੜੀ",
  "Thiruvarur": "ਤਿਰੂਵਰੂਰ",
  "Thiruvananthapuram": "ਤਿਰੂਵਨੰਤਪੁਰਮ",
  "Thiruvallur": "ਤਿਰੂਵੱਲੂਰ",
  "Theni": "ਥੇਨੀ ",
  "Thanjavur": "ਤੰਜਾਵਰ",
  "Thane": "ਠਾਣੇ",
  "Tenkasi": "ਟੈਂਕਸੀ",
  "Telangana": "ਤੇਲੰਗਾਨਾ",
  "Tarn Taran": "ਤਰਨ ਤਾਰਨ",
  "Tapi": "ਤਾਪੀ",
  "Tamil Nadu": "ਤਾਮਿਲ ਨਾਡੂ",
  "Suryapet": "ਸੂਰਿਆਪੇਟ",
  "Surendranagar": "ਸੁਰੇਂਦਰਨਗਰ",
  "Surat": "ਸੂਰਤ",
  "Surajpur": "ਸੂਰਜਪੁਰ",
  "Supaul": "ਸੁਪੌਲ",
  "Sundargarh": "ਸੁੰਦਰਗੜ",
  "Sultanpur": "ਸੁਲਤਾਨਪੁਰ",
  "Srinagar": "ਸ੍ਰੀਨਗਰ",
  "Srikakulam": "ਸ਼੍ਰੀਕਾਕੂਲਮ",
  "Sri Muktsar Sahib": "ਸ੍ਰੀ ਮੁਕਤਸਰ ਸਾਹਿਬ",
  "South West Delhi": "ਦੱਖਣੀ ਪੱਛਮੀ ਦਿੱਲੀ",
  "South Salmara Mankachar": "ਦੱਖਣ ਸਲਮਾਰਾ ਮਨਕਾਚਰ",
  "South Goa": "ਦੱਖਣੀ ਗੋਆ",
  "South East Delhi": "ਦੱਖਣੀ ਪੂਰਬੀ ਦਿੱਲੀ",
  "South Delhi": "ਦੱਖਣੀ ਦਿੱਲੀ",
  "South Andaman": "ਦੱਖਣੀ ਅੰਡੇਮਾਨ",
  "South 24 Parganas": "ਦੱਖਣੀ 24 ਪਰਗਨਾ",
  "Sonipat": "ਸੋਨੀਪਤ",
  "Solapur": "ਸ਼ੋਲਾਪੁਰ",
  "Solan": "ਸੋਲਨ",
  "Siwan": "ਸੀਵਾਨ",
  "Sivaganga": "ਸਿਵਾਗੰਗਾ",
  "Sitapur": "ਸੀਤਾਪੁਰ",
  "Sitamarhi": "ਸੀਤਾਮਾਰੀ",
  "Sirsa": "ਸਿਰਸਾ",
  "Sirohi": "ਸਿਰੋਹੀ",
  "Sirmaur": "ਸਿਰਮੌਰ",
  "Sindhudurg": "ਸਿੰਢੂਦੂਰ੍ਗ",
  "Simdega": "ਸਿਮਡੇਗਾ",
  "Sikkim": "ਸਿੱਕਮ",
  "Sikar": "ਸੀਕਰ",
  "Siddipet": "ਸਿਦੀਪੇਟ",
  "Siddharthnagar": "ਸਿਧਾਰਥਨਗਰ",
  "Shrawasti": "ਸ਼ਰਵਸ੍ਤਿ",
  "Shopiyan": "ਸ਼ੋਪੀਅਨ",
  "Shivpuri": "ਸ਼ਿਵਪੁਰੀ",
  "Shimla": "ਸ਼ਿਮਲਾ",
  "Sheopur": "ਸ਼ੀਓਪੁਰ",
  "Sheohar": "ਸਿਓਹਰ",
  "Sheikhpura": "ਸ਼ੇਖਪੁਰਾ",
  "Shamli": "ਸ਼ਾਮਲੀ",
  "Shajapur": "ਸ਼ਾਜਾਪੁਰ",
  "Shahjahanpur": "ਸ਼ਾਹਜਹਾਨਪੁਰ",
  "Shahdol": "ਸ਼ਾਹਦੋਲ",
  "Shahdara": "ਸ਼ਾਹਦਰਾ",
  "Sehore": "ਸਿਹੋਰੇ",
  "Sawai Madhopur": "ਸਵਾਈ ਮਾਧੋਪੁਰ",
  "Satna": "ਸਤਨਾ",
  "Satara": "ਸਤਾਰਾ",
  "Saran": "ਸਰਨ",
  "Sant Kabir Nagar": "ਸੰਤ ਕਬੀਰ ਨਗਰ",
  "Sangrur": "ਸੰਗਰੂਰ",
  "Sangli": "ਸਾੰਗਲੀ",
  "Sangareddy": "ਸੰਗਰੇਡੀ",
  "Sambhal": "ਸੰਭਾਲ",
  "Samba": "ਸਾਂਬਾ",
  "Samastipur": "ਸਮਸਤੀਪੁਰ",
  "Salem": "ਸਾਲੇਮ",
  "Saharsa": "ਸਹਰਸਾ",
  "Saharanpur": "ਸਹਾਰਨਪੁਰ",
  "Sagar": "ਸਾਗਰ",
  "Sabarkantha": "ਸਾਬਰਕੰਠਾ",
  "S.P.S. Nellore": "ਐੱਸ.ਪੀ.ਐੱਸ. ਨੈਲੋਰ",
  "S.A.S. Nagar": "ਐਸ.ਏ.ਐੱਸ. ਨਗਰ",
  "Rupnagar": "ਰੂਪਨਗਰ",
  "Rohtas": "ਰੋਹਤਾਸ",
  "Rohtak": "ਰੋਹਤਕ",
  "Rewari": "ਰੇਵਾੜੀ",
  "Rewa": "ਰੀਵਾ",
  "Reasi": "ਰਿਆਸੀ",
  "Ratnagiri": "ਰਤਨਾਗਿਰੀ",
  "Ratlam": "ਰਤਲਾਮ",
  "Ranipet": "ਰਾਣੀਪੇਟ",
  "Ranga Reddy": "ਰੰਗਾ ਰੈਡੀ",
  "Ranchi": "ਰਾਂਚੀ",
  "Rampur": "ਰਾਮਪੁਰ",
  "Ramban": "ਰਾਮਬਾਣ",
  "Ramanathapuram": "ਰਮਨਾਥਪੁਰਮ",
  "Rajsamand": "ਰਾਜਸਮੰਦ",
  "Rajouri": "ਰਾਜੌਰੀ",
  "Rajnandgaon": "ਰਾਜਨੰਦਗਾਂਵ",
  "Rajkot": "ਰਾਜਕੋਟ",
  "Rajgarh": "ਰਾਜਗੜ",
  "Rajasthan": "ਰਾਜਸਥਾਨ",
  "Rajanna Sircilla": "ਰਾਜਨਾ ਸਰਸੀਲਾ",
  "Raisen": "ਰਾਏਸਨ",
  "Raipur": "ਰਾਏਪੁਰ",
  "Raigad": "ਰਾਏਗੜ",
  "Rae Bareli": "ਰਾਏਬਰੇਲੀ",
  "Purnia": "ਪੂਰਨੀਆ",
  "Puri": "ਪੁਰੀ",
  "Purba Medinipur": "ਪੂਰਬੀ ਮੇਦਿਨੀਪੁਰ",
  "Purba Bardhaman": "ਪੂਰਬ ਬਰਧਮਾਨ",
  "Punjab": "ਪੰਜਾਬ",
  "Pune": "ਪੁਨੇ",
  "Pulwama": "ਪੁਲਵਾਮਾ",
  "Pudukkottai": "ਪੁਡੁਕੋਟੋਟੈ",
  "Puducherry": "ਪੁਡੂਚੇਰੀ",
  "Prayagraj": "ਪ੍ਰਯਾਗਰਾਜ",
  "Pratapgarh": "ਪ੍ਰਤਾਪਗੜ",
  "Prakasam": "ਪ੍ਰਕਾਸਮ",
  "Porbandar": "ਪੋਰਬੰਦਰ",
  "Pilibhit": "ਪੀਲੀਭੀਤ",
  "Perambalur": "ਪੈਰਾਮਾਲੂਰ",
  "Peddapalli": "ਪੇਡਪੱਲੀ",
  "Pauri Garhwal": "ਪੌੜੀ  ਗੜਵਾਲ",
  "Patna": "ਪਟਨਾ",
  "Patiala": "ਪਟਿਆਲਾ",
  "Pathankot": "ਪਠਾਨਕੋਟ",
  "Pathanamthitta": "ਪਠਾਣਮਿਤਿਤਾ",
  "Patan": "ਪਾਟਨ",
  "Paschim Medinipur": "ਪੱਛਮੀ ਮੇਦਿਨੀਪੁਰ",
  "Paschim Bardhaman": "ਪੱਛਮੀ ਬਰਧਮਾਨ",
  "Parbhani": "ਪਰਭਣੀ",
  "Panna": "ਪੰਨਾ",
  "Panipat": "ਪਾਣੀਪਤ",
  "Panchmahal": "ਪੰਚਮਹਿਲ",
  "Panchkula": "ਪੰਚਕੁਲਾ",
  "Palwal": "ਪਲਵਲ",
  "Pali": "ਪਾਲੀ",
  "Palghar": "ਪਾਲਘਰ",
  "Palamu": "ਪਲਾਮੂ",
  "Palakkad": "ਪਲੱਕੜ",
  "Osmanabad": "ਉਸਮਾਨਾਬਾਦ",
  "Odisha": "ਓਡੀਸ਼ਾ",
  "Nuh": "ਨੂਹ",
  "North West Delhi": "ਉੱਤਰੀ ਪੱਛਮੀ ਦਿੱਲੀ",
  "North Tripura": "ਉੱਤਰੀ ਤ੍ਰਿਪੁਰਾ",
  "North Goa": "ਉੱਤਰੀ ਗੋਆ",
  "North East Delhi": "ਉੱਤਰ-ਪੂਰਬੀ ਦਿੱਲੀ",
  "North Delhi": "ਉੱਤਰੀ ਦਿੱਲੀ",
  "North and Middle Andaman": "ਉੱਤਰੀ ਅਤੇ ਮੱਧ ਅੰਡੇਮਾਨ",
  "North 24 Parganas": "ਉੱਤਰੀ 24 ਪਰਗਨਾ",
  "Nizamabad": "ਨਿਜ਼ਾਮਾਬਾਦ",
  "Nirmal": "ਨਿਰਮਲ",
  "Nilgiris": "ਨੀਲਗੀਰਿਸ",
  "New Delhi": "ਨਵੀਂ ਦਿੱਲੀ",
  "Neemuch": "ਨੀਮਚ",
  "Nayagarh": "ਨਯਾਗੜ੍ਹ",
  "Nawada": "ਨਵਾਦਾ",
  "Navsari": "ਨਵਸਾਰੀ",
  "Nashik": "ਨਾਸਿਕ",
  "Narmada": "ਨਰਮਦਾ",
  "Narayanpet": "ਨਾਰਾਇਣਪੇਟ",
  "Nandurbar": "ਨੰਦੂਰਬਰ",
  "Nanded": "ਨੰਦੇੜ",
  "Namakkal": "ਨਮੱਕਲ",
  "Nalgonda": "ਨਲਗੌਂਡਾ",
  "Nalbari": "ਨਲਬਾਰੀ",
  "Nalanda": "ਨਾਲੰਦਾ",
  "Nainital": "ਨੈਨੀਤਾਲ",
  "Nagpur": "ਨਾਗਪੁਰ",
  "Nagaur": "ਨਾਗੌਰ",
  "Nagarkurnool": "ਨਾਗਾਰਕੁਰਨੂਲ",
  "Nagapattinam": "ਨਾਗਾਪਤਿਨਮ",
  "Nagaland": "ਨਾਗਾਲੈਂਡ",
  "Nadia": "ਨਾਦੀਆ",
  "Mysuru": "ਮੈਸੁਰੁ",
  "Muzaffarpur": "ਮੁਜ਼ੱਫਰਪੁਰ",
  "Muzaffarnagar": "ਮੁਜ਼ੱਫਰਨਗਰ",
  "Murshidabad": "ਮੁਰਸ਼ੀਦਾਬਾਦ",
  "Munger": "ਮੁੰਜਰ",
  "Mumbai Suburban": "ਮੁੰਬਈ ਉਪਨਗਰੀ",
  "Mumbai": "ਮੁੰਬਈ",
  "Mulugu": "ਮੁਲਗੁ",
  "Morigaon": "ਮੋਰਿਗਾਓਂ",
  "Morena": "ਮੋਰੈਨਾ",
  "Morbi": "ਮੋਰਬੀ",
  "Moradabad": "ਮੁਰਾਦਾਬਾਦ",
  "Moga": "ਮੋਗਾ",
  "Mizoram": "ਮਿਜ਼ੋਰਮ",
  "Mirzapur": "ਮਿਰਜ਼ਾਪੁਰ",
  "Mehsana": "ਮੇਹਸਾਣਾ",
  "Meghalaya": "ਮੇਘਾਲਿਆ",
  "Meerut": "ਮੇਰਠ",
  "Medchal Malkajgiri": "ਮੇਦਚਲ ਮਲਕਾਜਗਿਰੀ",
  "Medak": "ਮੇਦਕ",
  "Mayurbhanj": "ਮਯੂਰਭੰਜ",
  "Mau": "ਮਉ",
  "Mathura": "ਮਥੁਰਾ",
  "Mansa": "ਮਾਨਸਾ",
  "Manipur": "ਮਣੀਪੁਰ",
  "Mandya": "ਮੰਡਿਆ",
  "Mandsaur": "ਮੰਡਸੌਰ",
  "Mandi": "ਮੰਡੀ",
  "Mancherial": "ਮਨਚੇਰੀਅਲ",
  "Malda": "ਮਾਲਦਾ",
  "Malappuram": "ਮਲਾਪੁਰਮ",
  "Mainpuri": "ਮੈਨਪੁਰੀ",
  "Mahoba": "ਮਹੋਬਾ",
  "Mahisagar": "ਮਾਹੀਸਾਗਰ",
  "Mahendragarh": "ਮਹਿੰਦਰਗੜ੍ਹ",
  "Mahe": "ਮਹੇ",
  "Maharashtra": "ਮਹਾਰਾਸ਼ਟਰ",
  "Maharajganj": "ਮਹਾਰਾਜਗੰਜ",
  "Mahabubnagar": "ਮਹਾਬੁਬਨਗਰ",
  "Mahabubabad": "ਮਹਾਬੂਬਾਬਾਦ",
  "Madurai": "ਮਦੁਰੈ",
  "Madhya Pradesh": "ਮੱਧ ਪ੍ਰਦੇਸ਼",
  "Madhubani": "ਮਧੂਬਨੀ",
  "Madhepura": "ਮਧੇਪੁਰਾ",
  "Ludhiana": "ਲੁਧਿਆਣਾ",
  "Lucknow": "ਲਖਨਊ",
  "Lohit": "ਲੋਹਿਤ",
  "Leh": "ਲੇਹ",
  "Latur": "ਲਾਤੁਰ",
  "Lakshadweep": "ਲਕਸ਼ਦਵੀਪ",
  "Lakhisarai": "ਲਖਿਸਾਰਾਏ",
  "Lakhimpur Kheri": "ਲਖੀਮਪੁਰ ਖੇੜੀ",
  "Lakhimpur": "ਲਖੀਮਪੁਰ",
  "Ladakh": "ਲੱਦਾਖ",
  "Kutch": "ਕੱਛ",
  "Kushinagar": "ਕੁਸ਼ੀਨਗਰ",
  "Kurukshetra": "ਕੁਰੂਕਸ਼ੇਤਰ",
  "Kurnool": "ਕੁਰਨੂਲ",
  "Kupwara": "ਕੁਪਵਾੜਾ",
  "Kulgam": "ਕੁਲਗਾਮ",
  "Krishnagiri": "ਕ੍ਰਿਸ਼ਨਾਗਿਰੀ",
  "Krishna": "ਕ੍ਰਿਸ਼ਨ",
  "Kozhikode": "ਕੋਜ਼ੀਕੋਡੇ",
  "Kottayam": "ਕੋੱਟਯਮ",
  "Kota": "ਕੋਟਾ",
  "Korba": "ਕੋਰਬਾ",
  "Koraput": "ਕੋਰਪੁੱਟ",
  "Komaram Bheem": "ਕਾਮਰਾਮ ਭੀਮ",
  "Kollam": "ਕੋਲਮ",
  "Kolkata": "ਕੋਲਕਾਤਾ",
  "Kolhapur": "ਕੋਲਹਾਪੁਰ",
  "Kokrajhar": "ਕੋਕਰਾਝਾਰ",
  "Koderma": "ਕੋਡੇਰਮਾ",
  "Kodagu": "ਕੋਡਾਗੁ",
  "Kishtwar": "ਕਿਸ਼ਤਵਾੜ",
  "Kishanganj": "ਕਿਸ਼ਨਗੰਜ",
  "Khordha": "ਖੁਰਧਾ",
  "Kheda": "ਖੇੜਾ",
  "Khargone": "ਖਰਗੋਨ",
  "Khandwa": "ਖਾਂਡਵਾ",
  "Khammam": "ਖਮਮ",
  "Khagaria": "ਖਗੜੀਆ",
  "Kerala": "ਕੇਰਲਾ",
  "Kendujhar": "ਕੇਂਦੁਜਾਰ",
  "Kendrapara": "ਕੇਂਦਰਪੜਾ",
  "Kaushambi": "ਕੌਸ਼ੰਬੀ",
  "Katihar": "ਕਟਿਹਾਰ",
  "Kathua": "ਕਠੂਆ",
  "Kasganj": "ਕਾਸਗੰਜ",
  "Kasaragod": "ਕਾਸਰਗੌਡ",
  "Karur": "ਕਰੂਰ",
  "Karnataka": "ਕਰਨਾਟਕ",
  "Karnal": "ਕਰਨਾਲ",
  "Karimnagar": "ਕਰੀਮਨਗਰ",
  "Karimganj": "ਕਰੀਮਗੰਜ",
  "Kargil": "ਕਾਰਗਿਲ",
  "Karauli": "ਕਰੌਲੀ",
  "Kapurthala": "ਕਪੂਰਥਲਾ",
  "Kanyakumari": "ਕੰਨਿਆਕੁਮਾਰੀ",
  "Kanpur Nagar": "ਕਾਨਪੁਰ ਨਗਰ",
  "Kanpur Dehat": "ਕਾਨਪੁਰ ਦੇਹਾਤ",
  "Kannur": "ਕਨੂੰਰ",
  "Kannauj": "ਕਨੌਜ",
  "Kangra": "ਕਾਂਗੜਾ",
  "Kancheepuram": "ਕੰਚੀਪੁਰਮ",
  "Kamrup Metropolitan": "ਕਾਮਰੂਪ ਮਹਾਨਗਰ",
  "Kamrup": "ਕਾਮਰੂਪ",
  "Kamareddy": "ਕਾਮਰੇਡੀ",
  "Kallakurichi": "ਕੱਲਕੂਰੀਚੀ",
  "Kalimpong": "ਕਾਲੀਮਪੋਂਗ",
  "Kalahandi": "ਕਾਲਹੰਡੀ",
  "Kalaburagi": "ਕਾਲਾਬੁਰਗੀ",
  "Kaithal": "ਕੈਥਲ",
  "Kaimur": "ਕੈਮੂਰ",
  "Kabeerdham": "ਕਬੀਰਧਾਮ",
  "Junagadh": "ਜੂਨਾਗੜ",
  "Jogulamba Gadwal": "ਜੋਗੁਲੰਬਾ ਗਡਵਾਲ",
  "Jodhpur": "ਜੋਧਪੁਰ",
  "Jind": "ਜੀਂਦ",
  "Jhunjhunu": "ਝੁੰਝੁਨੁ",
  "Jharsuguda": "ਝਾਰਸੁਗੁਡਾ",
  "Jharkhand": "ਝਾਰਖੰਡ",
  "Jhansi": "ਝਾਂਸੀ",
  "Jhalawar": "ਝਲਾਵਾੜ",
  "Jhajjar": "ਝੱਜਰ",
  "Jhabua": "ਝਾਬੂਆ",
  "Jehanabad": "ਜਹਾਨਾਬਾਦ",
  "Jayashankar Bhupalapally": "ਜਯਸ਼ੰਕਰ ਭੂਪਾਲਪੱਲੀ",
  "Jaunpur": "ਜੌਨਪੁਰ",
  "Jangaon": "ਜੰਗਾਓਂ",
  "Jamtara": "ਜਮਤਾਰਾ",
  "Jamnagar": "ਜਾਮਨਗਰ",
  "Jammu and Kashmir": "ਜੰਮੂ ਅਤੇ ਕਸ਼ਮੀਰ",
  "Jammu": "ਜੰਮੂ",
  "Jalpaiguri": "ਜਲਪਾਈਗੁੜੀ",
  "Jalore": "ਜਲੌਰ",
  "Jalna": "ਜਾਲਣਾ",
  "Jalgaon": "ਜਲਗਾਓਂ",
  "Jalaun": "ਜਲੌਣ",
  "Jalandhar": "ਜਲੰਧਰ",
  "Jajpur": "ਜਾਜਪੁਰ",
  "Jaisalmer": "ਜੈਸਲਮੇਰ",
  "Jaipur": "ਜੈਪੁਰ",
  "Jagtial": "ਜਗਤੀਆਲ",
  "Jagatsinghpur": "ਜਗਤਸਿੰਘਪੁਰ",
  "Jabalpur": "ਜਬਲਪੁਰ",
  "Italians": "ਇਟਾਲੀਅਨਜ਼",
  "Indore": "ਇੰਦੌਰ",
  "Imphal West": "ਇੰਫਾਲ ਪੱਛਮੀ",
  "Imphal East": "ਇੰਫਾਲ ਪੂਰਬੀ",
  "Idukki": "ਇਡੁਕੀ",
  "Hyderabad": "ਹੈਦਰਾਬਾਦ",
  "Howrah": "ਹਾਵੜਾ",
  "Hoshiarpur": "ਹੁਸ਼ਿਆਰਪੁਰ",
  "Hoshangabad": "ਹੋਸ਼ੰਗਾਬਾਦ",
  "Hooghly": "ਹੁਗਲੀ",
  "Hisar": "ਹਿਸਾਰ",
  "Hingoli": "ਹਿੰਗੋਲੀ",
  "Himachal Pradesh": "ਹਿਮਾਚਲ ਪ੍ਰਦੇਸ਼",
  "Hazaribagh": "ਹਜ਼ਾਰੀਬਾਗ",
  "Haveri": "ਹਵੇਰੀ",
  "Hathras": "ਹਾਥਰਸ",
  "Haryana": "ਹਰਿਆਣਾ",
  "Haridwar": "ਹਰਿਦੁਆਰ",
  "Hardoi": "ਹਰਦੋਈ",
  "Harda": "ਹਰਦਾ",
  "Hapur": "ਹਾਪੁਰ",
  "Hanumangarh": "ਹਨੁਮਾਨਗੜ",
  "Hamirpur": "ਹਮੀਰਪੁਰ",
  "Hailakandi": "ਹੈਲਕੰਡੀ",
  "Gwalior": "ਗਵਾਲੀਅਰ",
  "Gurugram": "ਗੁਰੂਗ੍ਰਾਮ",
  "Gurdaspur": "ਗੁਰਦਾਸਪੁਰ",
  "Guntur": "ਗੁੰਟੂਰ",
  "Guna": "ਗੁਨਾ",
  "Gujarat": "ਗੁਜਰਾਤ",
  "Gorakhpur": "ਗੋਰਖਪੁਰ",
  "Gopalganj": "ਗੋਪਾਲਗੰਜ",
  "Gondia": "ਗੋਂਡੀਆ",
  "Gonda": "ਗੋਂਡਾ",
  "Gomati": "ਗੋਮਤੀ",
  "Golaghat": "ਗੋਲਘਾਟ",
  "Godda": "ਗੋਡਾ",
  "Goalpara": "ਗੋਲਪੜਾ",
  "Goa": "ਗੋਆ",
  "Giridih": "ਗਿਰੀਦੀਹ",
  "Gir Somnath": "ਗੀਰ ਸੋਮਨਾਥ ",
  "Ghazipur": "ਗਾਜ਼ੀਪੁਰ",
  "Ghaziabad": "ਗਾਜ਼ੀਆਬਾਦ",
  "Gaya": "ਗਯਾ",
  "Gautam Buddha Nagar": "ਗੌਤਮ ਬੁੱਧ ਨਗਰ",
  "Garhwa": "ਗੜ੍ਹਵਾ",
  "Ganjam": "ਗੰਜਮ",
  "Gandhinagar": "ਗਾਂਧੀਨਗਰ",
  "Ganderbal": "ਗੰਧਰਬਲ ",
  "Gadchiroli": "ਗੜ੍ਹਚਿਰੌਲੀ",
  "Gadag": "ਗਾਡਾਗ",
  "Firozabad": "ਫ਼ਿਰੋਜ਼ਾਬਾਦ",
  "Ferozepur": "ਫਿਰੋਜ਼ਪੁਰ",
  "Fazilka": "ਫਾਜ਼ਿਲਕਾ",
  "Fatehpur": "ਫਤਿਹਪੁਰ",
  "Fatehgarh Sahib": "ਫਤਿਹਗੜ੍ਹ ਸਾਹਿਬ",
  "Fatehabad": "ਫਤਿਹਾਬਾਦ",
  "Faridkot": "ਫਰੀਦਕੋਟ",
  "Faridabad": "ਫਰੀਦਾਬਾਦ",
  "Etawah": "ਇਟਾਵਾ",
  "Etah": "ਈਟਾ",
  "Erode": "ਈਰੋਡ",
  "Ernakulam": "ਏਰਨਾਕੁਲਮ",
  "East Khasi Hills": "ਪੂਰਬੀ ਖਾਸੀ ਪਹਾੜੀਆਂ",
  "East Godavari": "ਪੂਰਬੀ ਗੋਦਾਵਰੀ",
  "East Delhi": "ਪੂਰਬੀ ਦਿੱਲੀ",
  "East Champaran": "ਪੂਰਬੀ ਚੰਪਾਰਨ",
  "Durg": "ਦੁਰਗ",
  "Dungarpur": "ਡੂੰਗਰਪੁਰ",
  "Dumka": "ਦੁਮਕਾ",
  "Dindori": "ਡਿੰਡੋਰੀ",
  "Dindigul": "ਡਿੰਡੀਗੂਲ",
  "Dhule": "ਧੁਲੇ",
  "Dhubri": "ਧੁਬਰੀ",
  "Dholpur": "ਧੌਲਪੁਰ",
  "Dhenkanal": "ਧਨਕਨਾਲ",
  "Dharwad": "ਧਾਰਵਾੜ",
  "Dharmapuri": "ਧਰਮਪੁਰੀ",
  "Dhar": "ਧਾਰ",
  "Dhanbad": "ਧਨਬਾਦ",
  "Dhalai": "ਧਲਾਈ",
  "Dewas": "ਦੇਵਾਸ",
  "Devbhumi Dwarka": "ਦੇਵਭੂਮੀ ਦੁਆਰਕਾ",
  "Deoria": "ਦਿਓਰੀਆ",
  "Deoghar": "ਦੇਵਘਰ",
  "Deogarh": "ਦਿਓਗੜ੍ਹ",
  "Delhi": "ਦਿੱਲੀ",
  "Dehradun": "ਦੇਹਰਾਦੂਨ",
  "Davanagere": "ਦਵਾਨਾਗੇਰੇ",
  "Dausa": "ਦੌਸਾ",
  "Darjeeling": "ਦਾਰਜੀਲਿੰਗ",
  "Darbhanga": "ਦਰਭੰਗਾ",
  "Dang": "ਡਾਂਗ",
  "Daman and Diu": "ਦਮਨ ਅਤੇ ਦਿਉ",
  "Dakshina Kannada": "ਦੱਖਣੀ ਕੰਨੜ",
  "Dahod": "ਦਾਹੋਦ",
  "Dadra and Nagar Haveli": "ਦਾਦਰ ਅਤੇ ਨਗਰ ਹਵੇਲੀ",
  "Cuttack": "ਕਟਕ",
  "Cuddalore": "ਕੁਡਲੋਰੇ",
  "Coimbatore": "ਪੁਣੇ",
  "Churu": "ਚੁਰੂ",
  "Chittorgarh": "ਚਿਤੌੜਗੜ",
  "Chittoor": "ਚਿਤੂਰ",
  "Chitrakoot": "ਚਿੱਤਰਕੁੱਟ",
  "Chitradurga": "ਚਿਤਰਦੁਰਗਾ",
  "Chikkaballapura": "ਚਿਕਬੱਲਾਪੁਰਾ",
  "Chhota Udaipur": "ਛੋਟਾ ਉਦੈਪੁਰ",
  "Chhindwara": "ਛਿੰਦਵਾੜਾ",
  "Chhattisgarh": "ਛੱਤੀਸਗੜ੍ਹ",
  "Chennai": "ਚੇਨਈ",
  "Chengalpattu": "ਚੇਂਗਲਪੱਟੂ",
  "Charkhi Dadri": "ਚਰਖੀ ਦਾਦਰੀ",
  "Chandrapur": "ਚੰਦਰਪੁਰ",
  "Chandigarh": "ਚੰਡੀਗੜ੍ਹ",
  "Chamba": "ਚੰਬਾ",
  "Central Delhi": "ਮੱਧ ਦਿੱਲੀ",
  "Cachar": "ਕੈਚਰ",
  "Buxar": "ਬਕਸਰ",
  "Burhanpur": "ਬੁਰਹਾਨਪੁਰ",
  "Buldhana": "ਬੁੱਲਧਾਨਾ",
  "Bulandshahr": "ਬੁਲੰਦਸ਼ਹਿਰ",
  "Budgam": "ਬਡਗਾਮ",
  "Budaun": "ਬੁਡੌਨ",
  "Botad": "ਬੋਟਾਡ",
  "Bongaigaon": "ਬੋਂਗਾਗਾਓਂ",
  "Bokaro": "ਬੋਕਾਰੋ",
  "Birbhum": "ਬੀਰਭੂਮ",
  "Bilaspur": "ਬਿਲਾਸਪੁਰ",
  "Bikaner": "ਬੀਕਾਨੇਰ",
  "Bijnor": "ਬਿਜਨੌਰ",
  "Bihar": "ਬਿਹਾਰ",
  "Bidar": "ਬਿਦਰ",
  "Bhopal": "ਭੋਪਾਲ",
  "Bhojpur": "ਭੋਜਪੁਰ",
  "Bhiwani": "ਭਿਵਾਨੀ",
  "Bhind": "ਭਿੰਡ",
  "Bhilwara": "ਭਿਲਵਾੜਾ",
  "Bhavnagar": "ਭਾਵਨਗਰ",
  "Bharuch": "ਭਾਰੂਚ",
  "Bharatpur": "ਭਰਤਪੁਰ",
  "Bhandara": "ਭੰਡਾਰਾ",
  "Bhagalpur": "ਭਾਗਲਪੁਰ",
  "Bhadrak": "ਭਦਰਕ",
  "Bhadradri Kothagudem": "ਭਦਰਦ੍ਰੀ ਕੋਠਾਗੁਡੇਮ",
  "Bhadohi": "ਭਦੋਹੀ",
  "Betul": "ਬੈਤੂਲ",
  "Bengaluru Urban": "ਬੰਗਲੁਰੂ ਸ਼ੇਹਿਰੀ",
  "Bengaluru Rural": "ਬੰਗਲੌਰ ਦਿਹਾਤੀ",
  "Belagavi": "ਬੇਲਾਗਾਵੀ",
  "Begusarai": "ਬੇਗੁਸਾਰੈ",
  "Beginning": "ਸ਼ੁਰੂਆਤ",
  "Beed": "ਬੀਡ",
  "Bathinda": "ਬਠਿੰਡਾ",
  "Basti": "ਬਸਤੀ",
  "Barwani": "ਬਰਵਾਨੀ",
  "Barnala": "ਬਰਨਾਲਾ",
  "Barmer": "ਬਾੜਮੇਰ",
  "Bareilly": "ਬਰੇਲੀ",
  "Baran": "ਬਾਰਨ",
  "Baramulla": "ਬਾਰਾਮੂਲਾ",
  "Barabanki": "ਬਾਰਾਬੰਕੀ",
  "Banswara": "ਬਾਂਸਵਾੜਾ",
  "Banka": "ਬਾਂਕਾ",
  "Bandipora": "ਬਾਂਦੀਪੋਰਾ",
  "Banda": "ਬਾਂਦਾ",
  "Banaskantha": "ਬਨਾਸਕਾਠਾ",
  "Balrampur": "ਬਲਰਾਮਪੁਰ",
  "Ballari": "ਬਲਾਰੀ",
  "Balasore": "ਬਾਲਾਸੋਰ",
  "Balangir": "ਬਾਲਾਂਗੀਰ",
  "Bahraich": "ਬਹਿਰਾਇਚ",
  "Baghpat": "ਬਾਗਪਤ",
  "Bagalkote": "ਬਾਗਲਕੋਟੇ",
  "Azamgarh": "ਆਜ਼ਮਗੜ੍ਹ",
  "Ayodhya": "ਅਯੁੱਧਿਆ",
  "Aurangabad": "ਔਰੰਗਾਬਾਦ",
  "Auraiya": "ਅੋਰੱਈਆ",
  "Assam": "ਅਸਾਮ",
  "Ashoknagar": "ਅਸ਼ੋਕਨਗਰ",
  "Arwal": "ਅਰਵਲ",
  "Arunachal Pradesh": "ਅਰੁਣਾਚਲ ਪ੍ਰਦੇਸ਼",
  "Ariyalur": "ਅਰਿਆਲੂਰ",
  "Aravalli": "ਅਰਾਵੱਲੀ",
  "Araria": "ਅਰਰੀਆ",
  "Anuppur": "ਅਨੂਪੁਰ",
  "Andhra Pradesh": "ਆਂਧਰਾ ਪ੍ਰਦੇਸ਼",
  "Anantnag": "ਅਨੰਤਨਾਗ",
  "Anantapur": "ਅਨੰਤਪੁਰ",
  "Anand": "ਆਨੰਦ",
  "Amroha": "ਅਮਰੋਹਾ",
  "Amritsar": "ਅੰੰਮਿ੍ਤਸਰ",
  "Amravati": "ਅਮਰਾਵਤੀ",
  "Amethi": "ਅਮੇਠੀ",
  "Ambala": "ਅੰਬਾਲਾ",
  "Alwar": "ਅਲਵਰ",
  "Almora": "ਅਲਮੋੜਾ",
  "Alirajpur": "ਅਲੀਰਾਜਪੁਰ",
  "Aligarh": "ਅਲੀਗੜ",
  "Alappuzha": "ਅਲਾਪੂਝਾ",
  "Akola": "ਅਕੋਲਾ",
  "Ajmer": "ਅਜਮੇਰ",
  "Aizawl": "ਆਈਜ਼ੌਲ",
  "Ahmednagar": "ਅਹਿਮਦਨਗਰ",
  "Ahmedabad": "ਅਹਿਮਦਾਬਾਦ",
  "Agra": "ਆਗਰਾ",
  "Agar Malwa": "ਅਗਰ ਮਾਲਵਾ",
  "Adilabad": "ਅਦੀਲਾਬਾਦ",
  "Yanam": "ਯਨਮ",
  "Yadgir": "ਯਾਦਗੀਰ",
  "Yadadri Bhuvanagiri": "ਯਾਦਾਦਰੀ ਭੁਵਨਾਗਿਰੀ",
  "West Tripura": "ਪੱਛਮੀ ਤ੍ਰਿਪੁਰਾ",
  "West Singhbhum": "ਦੱਖਣੀ ਸਿੰਘਭੂਮ",
  "West Siang": "ਦੱਖਣੀ ਸਿਯਾਂਗ",
  "West Khasi Hills": "ਪੱਛਮੀ ਖਾਸੀ ਪਹਾੜੀਆਂ",
  "West Karbi Anglong": "ਦੱਖਣੀ ਕਰਬੀ ਐਂਗਲਾਂਗ",
  "West Kameng": "ਦੱਖਣੀ  ਕਮੇਂਗ",
  "West Jaintia Hills": "ਦੱਖਣੀ  ਜੈੱਟੀਆ ਪਹਾੜੀਆਂ",
  "West Garo Hills": "ਦੱਖਣੀ  ਗਾਰੋ ਪਹਾੜੀਆਂ",
  "Warangal Rural": "ਵਾਰੰਗਲ ਦਿਹਾਤੀ",
  "Wanaparthy": "ਵਨਪਾਰਥੀ",
  "Uttarkashi": "ਉੱਤਰਕਾਸ਼ੀ",
  "Uttar Dinajpur": "ਉੱਤਰ ਦਿਨਾਜਪੁਰ",
  "Uttar Bastar Kanker": "ਉੱਤਰ ਬਸਤਰ ਕਾਂਕਰ",
  "Upper Subansiri": "ਅੱਪਰ ਸਬਨਸਿਰੀ",
  "Upper Siang": "ਅੱਪਰ ਸਿਯਾਂਗ",
  "Upper Dibang Valley": "ਅੱਪਰ ਦਿਬਾੰਗ ਵੈਲੀ",
  "Unokoti": "ਉਨਕੋਟੀ",
  "Umaria": "ਉਮਰਿਆ",
  "Ukhrul": "ਉਖਰੂਲ",
  "Udalguri": "ਉਦਾਲਗੁਰੀ",
  "Tirap": "ਤਿਰਪ",
  "Tinsukia": "ਤਿਨਸੁਕਿਆ",
  "Thoubal": "ਥੌਬਲ",
  "Tengnoupal": "ਟੈਨਗਨੋਪਲ",
  "Tehri Garhwal": "ਟਹਿਰੀ ਗੜਵਾਲ",
  "Tawang": "ਤਵਾਂਗ",
  "Tamenglong": "ਟੇਮੈਂਗਲਾੰਗ",
  "Surguja": "ਸੁਰਗੁਜਾ",
  "Sukma": "ਸੁਕਮਾ",
  "Subarnapur": "ਸੁਬਰਨਪੁਰ",
  "South West Khasi Hills": "ਦੱਖਣ ਪੱਛਮੀ ਖਾਸੀ ਪਹਾੜੀਆਂ",
  "South West Garo Hills": "ਦੱਖਣ ਪੱਛਮੀ ਗਾਰੋ ਪਹਾੜੀਆਂ",
  "South Tripura": "ਦੱਖਣੀ ਤ੍ਰਿਪੁਰਾ",
  "South Garo Hills": "ਦੱਖਣੀ ਗਾਰੋ ਪਹਾੜੀਆਂ",
  "Sonitpur": "ਸੋਨੀਤਪੁਰ",
  "Sonbhadra": "ਸੋਨਭੱਦਰ",
  "Sivasagar": "ਸਿਵਾਸਾਗਰ",
  "Sipahijala": "ਸਿਪਾਹੀਜਾਲਾ",
  "Singrauli": "ਸਿੰਗਰੌਲੀ",
  "Sidhi": "ਸਿੱਧੀ",
  "Siang": "ਸਿਯਾਂਗ",
  "Shivamogga": "ਸ਼ਿਵਮੌਗਾ",
  "Shi Yomi": "ਸ਼ੀ ਯੋਮੀ",
  "Serchhip": "ਸੇਰਸ਼ਿਪ",
  "Seoni": "ਸਿਓਨੀ",
  "Senapati": "ਸੇਨਾਪਤੀ",
  "Saraikela-Kharsawan": "ਸਰਾਇਕੇਲਾ ਖਰਸਵਾਨ",
  "Sambalpur": "ਸੰਬਲਪੁਰ",
  "Saitual": "ਸੈੱਟੁਅਲ",
  "Saiha": "ਸਾਇਹਾ",
  "Sahibganj": "ਸਾਹਿਬਗੰਜ",
  "Rudraprayag": "ਰੁਦਰਪ੍ਰਯਾਗ",
  "Ribhoi": "ਰਿਭੋਈ",
  "Rayagada": "ਰਾਇਗਦਾ",
  "Ramgarh": "ਰਾਮਗੜ",
  "Ramanagara": "ਰਮਨਗਾਰਾ",
  "Raigarh": "ਰਾਏਗੜ",
  "Raichur": "ਰਾਇਚੂਰ",
  "Purulia": "ਪੁਰੂਲਿਆ",
  "Punch": "ਪੰਚ",
  "Pithoragarh": "ਪਿਥੌਰਾਗੜ",
  "Pherzawl": "ਫੇਰਜ਼ਵਾਲ",
  "Papum Pare": "ਪਾਪੁਮ ਪਰੇ",
  "Pakur": "ਪਾਕੁਰ",
  "Pakke Kessang": "ਪੱਕੇ ਕੇਸੰਗ",
  "Nuapada": "ਨੂਆਪਦਾ",
  "North Garo Hills": "ਉੱਤਰੀ ਗਾਰੋ ਪਹਾੜੀਆਂ",
  "Noney": "ਨੋਣੇ",
  "Niwari": "ਨਿਵਾਰੀ",
  "Nicobars": "ਨਿਕੋਬਾਰਸ",
  "Narsinghpur": "ਨਰਸਿੰਘਪੁਰ",
  "Narayanpur": "ਨਾਰਾਇਣਪੁਰ",
  "Namsai": "ਨਮਸੈ",
  "Nagaon": "ਨਾਗਾਓਂ",
  "Nabarangapur": "ਨਬਰੰਗਾਪੁਰ",
  "Muzaffarabad": "ਮੁਜ਼ੱਫਰਾਬਾਦ",
  "Mungeli": "ਮੁੰਗੇਲੀ",
  "Mirpur": "ਮੀਰਪੁਰ",
  "Mandla": "ਮੰਡਲਾ",
  "Mamit": "ਮਮਿਤ",
  "Malkangiri": "ਮਲਕਾਨਗਿਰੀ",
  "Majuli": "ਮਾਜੁਲੀ",
  "Mahasamund": "ਮਹਾਸਮੁੰਡ",
  "Lunglei": "ਲੰਗਲੇਈ",
  "Lower Subansiri": "ਲੋਅਰ ਸੂਬੰਸਿਰੀ",
  "Lower Siang": "ਲੋਅਰ ਸਿਆਂਗ",
  "Lower Dibang Valley": "ਲੋਅਰ ਦਿਬਾਂਗ ਵੈਲੀ",
  "Longding": "ਲੌਂਗਡਿੰਗ ",
  "Lohardaga": "ਲੋਹਰਦਾਗਾ",
  "Lepa Rada": "ਲੇਪਾ ਰਾਦਾ",
  "Lawngtlai": "ਲੌਂਗਟਲਾਈ",
  "Latehar": "ਲਾਤੇਹਰ",
  "Lalitpur": "ਲਲਿਤਪੁਰ",
  "Lahaul and Spiti": "ਲਾਹੌਲ ਅਤੇ ਸਪੀਤੀ",
  "Kurung Kumey": "ਕੁਰੰਗ ਕੁਮੇ",
  "Kullu": "ਕੁੱਲੂ",
  "Kra Daadi": "ਕਰ ਦਾਦੀ",
  "Koriya": "ਕੋਰਿਆ",
  "Koppal": "ਕੋਪਲ",
  "Kondagaon": "ਕੌਂਡਾਗਾਓਂ",
  "Kolasib": "ਕੋਲਾਸੀਬ",
  "Kolar": "ਕੋਲਾਰ",
  "Kinnaur": "ਕਿੰਨੌਰ",
  "Khunti": "ਖੁੰਟੀ",
  "Khowai": "ਖੋਵੈ",
  "Khawzawl": "ਖਾਜਵਾਲ",
  "Katni": "ਕਟਨੀ",
  "Karbi Anglong": "ਕਰਬੀ ਅੰਗਲੌਂਗ",
  "Karaikal": "ਕਰਾਈਕਲ",
  "Kangpokpi": "ਕੰਗਪੋਕਪੀ",
  "Kandhamal": "ਕੰਧਮਲ",
  "Kamle": "ਕਮਲੇ",
  "Kamjong": "ਕਾਮਜਾਂਗ",
  "Kakching": "ਕਾਕਿੰਗ",
  "Jorhat": "ਜੋਰਹਾਟ",
  "Jiribam": "ਜਿਰੀਬਾਮ",
  "Jhargram": "ਝਾਰਗ੍ਰਾਮ",
  "Jashpur": "ਜਸ਼ਪੁਰ",
  "Janjgir Champa": "ਜੰਜਗੀਰ ਚੰਪਾ",
  "Jamui": "ਜਮੂਈ",
  "Hojai": "ਹੋਜੈ",
  "Hnahthial": "ਹਨਾਹਥਿਆਲ ",
  "Hassan": "ਹਸਨ",
  "Gumla": "ਗੁਮਲਾ",
  "Gariaband": "ਗਰਿਆਬੰਦ",
  "Ganganagar": "ਗੰਗਾਨਗਰ",
  "Gajapati": "ਗਜਪਤੀ",
  "Farrukhabad": "ਫਰੂਖਾਬਾਦ",
  "East Singhbhum": "ਪੂਰਬੀ ਸਿੰਘਭੂਮ",
  "East Siang": "ਪੂਰਬੀ ਸਿਯਾਂਗ",
  "East Kameng": "ਪੂਰਬ ਕਾਮੇਂਗ",
  "East Jaintia Hills": "ਪੂਰਬੀ ਜੈਂਤੀਆ ਪਹਾੜੀਆਂ",
  "East Garo Hills": "ਪੂਰਬੀ ਗਾਰੋ ਪਹਾੜੀਆਂ",
  "Doda": "ਡੋਡਾ",
  "Diu": "ਦਿਉ",
  "Dima Hasao": "ਦੀਮਾ ਹੱਸਾਓ",
  "Dibrugarh": "ਡਿਬਰੂਗੜ",
  "Dhemaji": "ਧੇਮਾਜੀ",
  "Dhamtari": "ਧਮਤਾਰੀ",
  "Datia": "ਦਤੀਆ",
  "Darrang": "ਦਾਰੰਗ",
  "Damoh": "ਦਮੋਹ",
  "Daman": "ਦਮਨ",
  "Dakshin Dinajpur": "ਦੱਖਣ ਦਿਨਾਜਪੁਰ",
  "Dakshin Bastar Dantewada": "ਦਕਸ਼ਿਨ ਬਸਤਰ ਦਾਂਤੇਵਾੜਾ",
  "Cooch Behar": "ਕੂਚ ਬਿਹਾਰ",
  "Churachandpur": "ਚੁਰਚੰਦਪੁਰ",
  "Chirang": "ਚਿਰਾਂਗ",
  "Chikkamagaluru": "ਚਿਕਕਾਮਗਲੂਰੁ",
  "Chhatarpur": "ਛਤਰਪੁਰ",
  "Chatra": "ਚਤ੍ਰਾ",
  "Charaideo": "ਚਰੈਇਡਿਓ",
  "Changlang": "ਚਾਂਗਲਾੰਗ",
  "Chandel": "ਚੰਦੇਲ",
  "Chandauli": "ਚੰਦੌਲੀ",
  "Champhai": "ਚੰਪਾਈ",
  "Champawat": "ਚਾਂਪਾਵਤ",
  "Chamoli": "ਚਮੋਲੀ",
  "Chamarajanagara": "ਚਮਾਰਾਜਨਗਰ",
  "Bundi": "ਬੂੰਦੀ",
  "Boudh": "ਬੋਧ",
  "Biswanath": "ਬਿਸਵਨਾਥ",
  "Bishnupur": "ਬਿਸ਼ਨੁਪੁਰ",
  "Bijapur": "ਬੀਜਾਪੁਰ",
  "Bastar": "ਬਸਤਰ",
  "Barpeta": "ਬਰਪੇਟਾ",
  "Bargarh": "ਬਾਰਗੜ",
  "Bankura": "ਬਾਨਕੁਰਾ",
  "Bemetara": "ਬਮੇਟਾਰਾ",
  "Baloda Bazar": "ਬਲੋਦਾ ਬਾਜ਼ਾਰ",
  "Balod": "ਬਾਲੋਦ",
  "Ballia": "ਬਾਲਿਆ",
  "Balaghat": "ਬਾਲਾਘਾਟ",
  "Baksa": "ਬਕਸਾ",
  "Bageshwar": "ਬਾਗੇਸ਼ਵਰ",
  "Anjaw": "ਅੰਜਾਵ",
  "Angul": "ਅੰਗੂਲ",
  "Amreli": "ਅਮਰੇਲੀ",
  "Ambedkar Nagar": "ਅੰਬੇਦਕਰ ਨਗਰ",
  "Alipurduar": "ਅਲੀਪੁਰਦੁਆਰ",
  "Weeks": "ਹਫ਼ਤੇ",
  "We stand with everyone fighting on the frontlines": "ਅਸੀਂ ਫਰੰਟ ਲਾਈਨਜ਼ 'ਤੇ ਲੜਨ ਵਾਲੇ ਹਰੇਕ ਦੇ ਨਾਲ ਖੜੇ ਹਾਂ",
  "Visit state page": "ਰਾਜ ਪੇਜ 'ਤੇ ਜਾਓ",
  "Unknown": "ਅਣਪਛਾਤੇ",
  "Uniform": "ਇਕਸਾਰ",
  "Total Cases": "ਕੁੱਲ ਮਾਮਲੇ",
  "Total": "ਕੁੱਲ",
  "Tested chart is independent of uniform scaling": "ਟੈਸਟ ਚਾਰਟ ਇਕਸਾਰ ਸਕੇਲਿੰਗ ਤੋਂ ਸੁਤੰਤਰ ਹੈ",
  "Tested": "ਜਾਂਚ ਕੀਤੇ ਗਏ",
  "state/UT": "ਰਾਜ / ਕੇਂਦਰ ਸ਼ਾਸਤ ਪ੍ਰਦੇਸ਼",
  "State/UT": "ਰਾਜ / ਕੇਂਦਰ ਸ਼ਾਸਤ ਪ੍ਰਦੇਸ਼",
  "State": "ਰਾਜ",
  "Spread Trends": "ਵਿਸਤ੍ਰਿਤ ਰੁਝਾਣ",
  "Shahid Bhagat Singh Nagar": "ਸ਼ਹੀਦ ਭਗਤ ਸਿੰਘ ਨਗਰ",
  "Search your city, resources, etc": "ਆਪਣੇ ਸ਼ਹਿਰ, ਸਰੋਤ, ਆਦਿ ਦੀ ਭਾਲ ਕਰੋ",
  "Scale Modes": "ਪੈਮਾਨੇ ਦੇ ਤਰੀਕੇ ",
  "report": "ਰਿਪੋਰਟ",
  "Recovered": "ਠੀਕ ਹੋਏ ਮਾਮਲੇ ",
  "per million": "ਪ੍ਰਤੀ ਦੱਸ ਲੱਖ",
  "Other State": "ਹੋਰ ਰਾਜ ",
  "Other state": "ਹੋਰ ਰਾਜ ",
  "Other Region": "ਹੋਰ ਖੇਤਰ",
  "Month": "ਮਹੀਨਾ",
  "Map": "ਨਕਸ਼ਾ",
  "Logarithmic": "ਲਾਗਰਿਥਮਿਕ",
  "Last updated": "ਆਖਰੀ ਵਾਰ ਬਦਲਿਆ ਗਿਆ",
  "know more": "ਹੋਰ ਜਾਣੋ",
  "India": "ਭਾਰਤ",
  "Hover": "ਹੱਥ ਰੱਖੋ",
  "Home": "ਘਰ",
  "for more details": "ਵਧੇਰੇ ਜਾਣਕਾਰੀ ਲਈ",
  "Evacuees": "ਨਿਕਾਸੀ",
  "Essentials": "ਜ਼ਰੂਰੀ",
  "District-wise numbers are under reconciliation": "ਜਿਲ੍ਹਾ ਅਨੁਸਾਰ ਗਿਣਤੀ ਦਾ ਮਿਲਾਨ ਜਾਰੀ ਹੈ ",
  "District": "ਜ਼ਿਲ੍ਹਾ",
  "Demographics": "ਇਲਾਕੇ ਅਨੁਸਾਰ ਆਬਾਦੀ",
  "Deep Dive": "ਡੂੰਘਾ ਵਿਸ਼ਲੇਸ਼ਣ ",
  "Deceased": "ਮੌਤਾਂ",
  "Daily": "ਰੋਜ਼ਾਨਾ",
  "Dadra and Nagar Haveli and Daman and Diu": "ਦਾਦਰਾ ਅਤੇ ਨਗਰ ਹਵੇਲੀ ਅਤੇ ਦਮਨ ਅਤੇ ਦਿਉ",
  "Cumulative": "ਇਕੱਠੇ",
  "Confirmed": "ਤਸਦੀਕਸ਼ੁਦਾ ਮਾਮਲੇ",
  "Compiled from State Govt. numbers": "ਰਾਜ ਸਰਕਾਰ ਦੇ ਅੰਕੜਿਆਂ ਤੋਂ ਇਕੱਠਾ ਕੀਤਾ ਹੋਇਆ",
  "Checked by default to scale uniformly.": "ਇਕਸਾਰ ਪੈਮਾਨੇ ਤੇ ਪਹਿਲਾਂ ਤੋਂ ਚੁਣਿਆ ਹੋਇਆ. ",
  "Cases per million": "ਮਾਮਲੇ ਪ੍ਰਤੀ ਦੱਸ ਲੱਖ ",
  "BSF Camp": "ਬੀ ਐਸ ਐਫ ਕੈੰਪ",
  "Based on 2019 population projection by NCP": "ਐਨਸੀਪੀ ਦੁਆਰਾ 2019 ਦੀ ਆਬਾਦੀ ਦੇ ਅਨੁਮਾਨ 'ਤੇ ਅਧਾਰਤ",
  "As of": "ਦੇ ਰੂਪ ਵਿਚ",
  "Andaman and Nicobar Islands": "ਅੰਡਮਾਨ ਅਤੇ ਨਿਕੋਬਾਰ ਟਾਪੂ",
  "All States": "ਸਾਰੇ ਰਾਜ",
  "ago": "ਪਹਿਲਾਂ",
  "Active": "ਮੌਜੂਦਾ",
  "About": "ਬਾਰੇ",
  "A crowdsourced initiative.": "ਇੱਕ ਭੀੜ ਸਰੋਤ ਪਹਿਲ",
  "Airport Quarantine": "ਹਵਾਈਅੱਡਾ ਕੁਆਰੰਟੀਨ"
}