{
  "completion_ratio": "completion_ratio",
  "Language": "Language",
  "State Unassigned": "State Unassigned",
  "District-wise {{mapOption}} numbers are under reconciliation": "District-wise {{mapOption}} numbers are under reconciliation",
  "Hotspots": "Hotspots",
  "Back": "Back",
  "Join Telegram to Collaborate!": "Join Telegram to Collaborate!",
  "View updates on Twitter": "View updates on Twitter",
  "Crowdsourced Patient Database": "Crowdsourced Patient Database",
  "Open Sourced on GitHub": "Open Sourced on GitHub",
  "See more details on {{state}}": "See more details on {{state}}",
  "tap": "tap",
  "{{action}} over a {{mapType}} for more details": "{{action}} over a {{mapType}} for more details",
  "As of {{date}}": "As of {{date}}",
  "Zones": "Zones",
  "Senior citizen support bangalore": "Senior citizen support bangalore",
  "Locations": "Locations",
  "Groceries Chennai": "Groceries Chennai",
  "Community Kitchen in Kerala": "Community Kitchen in Kerala",
  "Delhi Shelter": "Delhi Shelter",
  "Testing Pune": "Testing Pune",
  "Menu": "Menu",
  "Close": "Close",
  "source": "source",
  "District zones as published by MoHFW": "District zones as published by MoHFW",
  "Bametara": "Bametara",
  "India Map": "India Map",
  "Yavatmal": "Yavatmal",
  "Yamunanagar": "Yamunanagar",
  "Y.S.R. Kadapa": "Y.S.R. Kadapa",
  "West Godavari": "West Godavari",
  "West Delhi": "West Delhi",
  "West Champaran": "West Champaran",
  "West Bengal": "West Bengal",
  "Wayanad": "Wayanad",
  "Washim": "Washim",
  "Wardha": "Wardha",
  "Warangal Urban": "Warangal Urban",
  "Vizianagaram": "Vizianagaram",
  "Visakhapatnam": "Visakhapatnam",
  "Virudhunagar": "Virudhunagar",
  "Viluppuram": "Viluppuram",
  "Vikarabad": "Vikarabad",
  "Vijayapura": "Vijayapura",
  "Vidisha": "Vidisha",
  "Vellore": "Vellore",
  "Varanasi": "Varanasi",
  "Valsad": "Valsad",
  "Vaishali": "Vaishali",
  "Vadodara": "Vadodara",
  "Uttarakhand": "Uttarakhand",
  "Uttara Kannada": "Uttara Kannada",
  "Uttar Pradesh": "Uttar Pradesh",
  "Unnao": "Unnao",
  "Una": "Una",
  "Ujjain": "Ujjain",
  "Udupi": "Udupi",
  "Udhampur": "Udhampur",
  "Udham Singh Nagar": "Udham Singh Nagar",
  "Udaipur": "Udaipur",
  "Tumakuru": "Tumakuru",
  "Tripura": "Tripura",
  "Tonk": "Tonk",
  "Tiruvannamalai": "Tiruvannamalai",
  "Tiruppur": "Tiruppur",
  "Tirupathur": "Tirupathur",
  "Tirunelveli": "Tirunelveli",
  "Tiruchirappalli": "Tiruchirappalli",
  "Tikamgarh": "Tikamgarh",
  "Thrissur": "Thrissur",
  "Thoothukkudi": "Thoothukkudi",
  "Thiruvarur": "Thiruvarur",
  "Thiruvananthapuram": "Thiruvananthapuram",
  "Thiruvallur": "Thiruvallur",
  "Theni": "Theni",
  "Thanjavur": "Thanjavur",
  "Thane": "Thane",
  "Tenkasi": "Tenkasi",
  "Telangana": "Telangana",
  "Tarn Taran": "Tarn Taran",
  "Tapi": "Tapi",
  "Tamil Nadu": "Tamil Nadu",
  "Suryapet": "Suryapet",
  "Surendranagar": "Surendranagar",
  "Surat": "Surat",
  "Surajpur": "Surajpur",
  "Supaul": "Supaul",
  "Sundargarh": "Sundargarh",
  "Sultanpur": "Sultanpur",
  "Srinagar": "Srinagar",
  "Srikakulam": "Srikakulam",
  "Sri Muktsar Sahib": "Sri Muktsar Sahib",
  "South West Delhi": "South West Delhi",
  "South Salmara Mankachar": "South Salmara Mankachar",
  "South Goa": "South Goa",
  "South East Delhi": "South East Delhi",
  "South Delhi": "South Delhi",
  "South Andaman": "South Andaman",
  "South 24 Parganas": "South 24 Parganas",
  "Sonipat": "Sonipat",
  "Solapur": "Solapur",
  "Solan": "Solan",
  "Siwan": "Siwan",
  "Sivaganga": "Sivaganga",
  "Sitapur": "Sitapur",
  "Sitamarhi": "Sitamarhi",
  "Sirsa": "Sirsa",
  "Sirohi": "Sirohi",
  "Sirmaur": "Sirmaur",
  "Sindhudurg": "Sindhudurg",
  "Simdega": "Simdega",
  "Sikkim": "Sikkim",
  "Sikar": "Sikar",
  "Siddipet": "Siddipet",
  "Siddharthnagar": "Siddharthnagar",
  "Shrawasti": "Shrawasti",
  "Shopiyan": "Shopiyan",
  "Shivpuri": "Shivpuri",
  "Shimla": "Shimla",
  "Sheopur": "Sheopur",
  "Sheohar": "Sheohar",
  "Sheikhpura": "Sheikhpura",
  "Shamli": "Shamli",
  "Shajapur": "Shajapur",
  "Shahjahanpur": "Shahjahanpur",
  "Shahdol": "Shahdol",
  "Shahdara": "Shahdara",
  "Sehore": "Sehore",
  "Sawai Madhopur": "Sawai Madhopur",
  "Satna": "Satna",
  "Satara": "Satara",
  "Saran": "Saran",
  "Sant Kabir Nagar": "Sant Kabir Nagar",
  "Sangrur": "Sangrur",
  "Sangli": "Sangli",
  "Sangareddy": "Sangareddy",
  "Sambhal": "Sambhal",
  "Samba": "Samba",
  "Samastipur": "Samastipur",
  "Salem": "Salem",
  "Saharsa": "Saharsa",
  "Saharanpur": "Saharanpur",
  "Sagar": "Sagar",
  "Sabarkantha": "Sabarkantha",
  "S.P.S. Nellore": "S.P.S. Nellore",
  "S.A.S. Nagar": "S.A.S. Nagar",
  "Rupnagar": "Rupnagar",
  "Rohtas": "Rohtas",
  "Rohtak": "Rohtak",
  "Rewari": "Rewari",
  "Rewa": "Rewa",
  "Reasi": "Reasi",
  "Ratnagiri": "Ratnagiri",
  "Ratlam": "Ratlam",
  "Ranipet": "Ranipet",
  "Ranga Reddy": "Ranga Reddy",
  "Ranchi": "Ranchi",
  "Rampur": "Rampur",
  "Ramban": "Ramban",
  "Ramanathapuram": "Ramanathapuram",
  "Rajsamand": "Rajsamand",
  "Rajouri": "Rajouri",
  "Rajnandgaon": "Rajnandgaon",
  "Rajkot": "Rajkot",
  "Rajgarh": "Rajgarh",
  "Rajasthan": "Rajasthan",
  "Rajanna Sircilla": "Rajanna Sircilla",
  "Raisen": "Raisen",
  "Raipur": "Raipur",
  "Raigad": "Raigad",
  "Rae Bareli": "Rae Bareli",
  "Purnia": "Purnia",
  "Puri": "Puri",
  "Purba Medinipur": "Purba Medinipur",
  "Purba Bardhaman": "Purba Bardhaman",
  "Punjab": "Punjab",
  "Pune": "Pune",
  "Pulwama": "Pulwama",
  "Pudukkottai": "Pudukkottai",
  "Puducherry": "Puducherry",
  "Prayagraj": "Prayagraj",
  "Pratapgarh": "Pratapgarh",
  "Prakasam": "Prakasam",
  "Porbandar": "Porbandar",
  "Pilibhit": "Pilibhit",
  "Perambalur": "Perambalur",
  "Peddapalli": "Peddapalli",
  "Pauri Garhwal": "Pauri Garhwal",
  "Patna": "Patna",
  "Patiala": "Patiala",
  "Pathankot": "Pathankot",
  "Pathanamthitta": "Pathanamthitta",
  "Patan": "Patan",
  "Paschim Medinipur": "Paschim Medinipur",
  "Paschim Bardhaman": "Paschim Bardhaman",
  "Parbhani": "Parbhani",
  "Panna": "Panna",
  "Panipat": "Panipat",
  "Panchmahal": "Panchmahal",
  "Panchkula": "Panchkula",
  "Palwal": "Palwal",
  "Pali": "Pali",
  "Palghar": "Palghar",
  "Palamu": "Palamu",
  "Palakkad": "Palakkad",
  "Osmanabad": "Osmanabad",
  "Odisha": "Odisha",
  "Nuh": "Nuh",
  "North West Delhi": "North West Delhi",
  "North Tripura": "North Tripura",
  "North Goa": "North Goa",
  "North East Delhi": "North East Delhi",
  "North Delhi": "North Delhi",
  "North and Middle Andaman": "North and Middle Andaman",
  "North 24 Parganas": "North 24 Parganas",
  "Nizamabad": "Nizamabad",
  "Nirmal": "Nirmal",
  "Nilgiris": "Nilgiris",
  "New Delhi": "New Delhi",
  "Neemuch": "Neemuch",
  "Nayagarh": "Nayagarh",
  "Nawada": "Nawada",
  "Navsari": "Navsari",
  "Nashik": "Nashik",
  "Narmada": "Narmada",
  "Narayanpet": "Narayanpet",
  "Nandurbar": "Nandurbar",
  "Nanded": "Nanded",
  "Namakkal": "Namakkal",
  "Nalgonda": "Nalgonda",
  "Nalbari": "Nalbari",
  "Nalanda": "Nalanda",
  "Nainital": "Nainital",
  "Nagpur": "Nagpur",
  "Nagaur": "Nagaur",
  "Nagarkurnool": "Nagarkurnool",
  "Nagapattinam": "Nagapattinam",
  "Nagaland": "Nagaland",
  "Nadia": "Nadia",
  "Mysuru": "Mysuru",
  "Muzaffarpur": "Muzaffarpur",
  "Muzaffarnagar": "Muzaffarnagar",
  "Murshidabad": "Murshidabad",
  "Munger": "Munger",
  "Mumbai Suburban": "Mumbai Suburban",
  "Mumbai": "Mumbai",
  "Mulugu": "Mulugu",
  "Morigaon": "Morigaon",
  "Morena": "Morena",
  "Morbi": "Morbi",
  "Moradabad": "Moradabad",
  "Moga": "Moga",
  "Mizoram": "Mizoram",
  "Mirzapur": "Mirzapur",
  "Mehsana": "Mehsana",
  "Meghalaya": "Meghalaya",
  "Meerut": "Meerut",
  "Medchal Malkajgiri": "Medchal Malkajgiri",
  "Medak": "Medak",
  "Mayurbhanj": "Mayurbhanj",
  "Mau": "Mau",
  "Mathura": "Mathura",
  "Mansa": "Mansa",
  "Manipur": "Manipur",
  "Mandya": "Mandya",
  "Mandsaur": "Mandsaur",
  "Mandi": "Mandi",
  "Mancherial": "Mancherial",
  "Malda": "Malda",
  "Malappuram": "Malappuram",
  "Mainpuri": "Mainpuri",
  "Mahoba": "Mahoba",
  "Mahisagar": "Mahisagar",
  "Mahendragarh": "Mahendragarh",
  "Mahe": "Mahe",
  "Maharashtra": "Maharashtra",
  "Maharajganj": "Maharajganj",
  "Mahabubnagar": "Mahabubnagar",
  "Mahabubabad": "Mahabubabad",
  "Madurai": "Madurai",
  "Madhya Pradesh": "Madhya Pradesh",
  "Madhubani": "Madhubani",
  "Madhepura": "Madhepura",
  "Ludhiana": "Ludhiana",
  "Lucknow": "Lucknow",
  "Lohit": "Lohit",
  "Leh": "Leh",
  "Latur": "Latur",
  "Lakshadweep": "Lakshadweep",
  "Lakhisarai": "Lakhisarai",
  "Lakhimpur Kheri": "Lakhimpur Kheri",
  "Lakhimpur": "Lakhimpur",
  "Ladakh": "Ladakh",
  "Kutch": "Kutch",
  "Kushinagar": "Kushinagar",
  "Kurukshetra": "Kurukshetra",
  "Kurnool": "Kurnool",
  "Kupwara": "Kupwara",
  "Kulgam": "Kulgam",
  "Krishnagiri": "Krishnagiri",
  "Krishna": "Krishna",
  "Kozhikode": "Kozhikode",
  "Kottayam": "Kottayam",
  "Kota": "Kota",
  "Korba": "Korba",
  "Koraput": "Koraput",
  "Komaram Bheem": "Komaram Bheem",
  "Kollam": "Kollam",
  "Kolkata": "Kolkata",
  "Kolhapur": "Kolhapur",
  "Kokrajhar": "Kokrajhar",
  "Koderma": "Koderma",
  "Kodagu": "Kodagu",
  "Kishtwar": "Kishtwar",
  "Kishanganj": "Kishanganj",
  "Khordha": "Khordha",
  "Kheda": "Kheda",
  "Khargone": "Khargone",
  "Khandwa": "Khandwa",
  "Khammam": "Khammam",
  "Khagaria": "Khagaria",
  "Kerala": "Kerala",
  "Kendujhar": "Kendujhar",
  "Kendrapara": "Kendrapara",
  "Kaushambi": "Kaushambi",
  "Katihar": "Katihar",
  "Kathua": "Kathua",
  "Kasganj": "Kasganj",
  "Kasaragod": "Kasaragod",
  "Karur": "Karur",
  "Karnataka": "Karnataka",
  "Karnal": "Karnal",
  "Karimnagar": "Karimnagar",
  "Karimganj": "Karimganj",
  "Kargil": "Kargil",
  "Karauli": "Karauli",
  "Kapurthala": "Kapurthala",
  "Kanyakumari": "Kanyakumari",
  "Kanpur Nagar": "Kanpur Nagar",
  "Kanpur Dehat": "Kanpur Dehat",
  "Kannur": "Kannur",
  "Kannauj": "Kannauj",
  "Kangra": "Kangra",
  "Kancheepuram": "Kancheepuram",
  "Kamrup Metropolitan": "Kamrup Metropolitan",
  "Kamrup": "Kamrup",
  "Kamareddy": "Kamareddy",
  "Kallakurichi": "Kallakurichi",
  "Kalimpong": "Kalimpong",
  "Kalahandi": "Kalahandi",
  "Kalaburagi": "Kalaburagi",
  "Kaithal": "Kaithal",
  "Kaimur": "Kaimur",
  "Kabeerdham": "Kabeerdham",
  "Junagadh": "Junagadh",
  "Jogulamba Gadwal": "Jogulamba Gadwal",
  "Jodhpur": "Jodhpur",
  "Jind": "Jind",
  "Jhunjhunu": "Jhunjhunu",
  "Jharsuguda": "Jharsuguda",
  "Jharkhand": "Jharkhand",
  "Jhansi": "Jhansi",
  "Jhalawar": "Jhalawar",
  "Jhajjar": "Jhajjar",
  "Jhabua": "Jhabua",
  "Jehanabad": "Jehanabad",
  "Jayashankar Bhupalapally": "Jayashankar Bhupalapally",
  "Jaunpur": "Jaunpur",
  "Jangaon": "Jangaon",
  "Jamtara": "Jamtara",
  "Jamnagar": "Jamnagar",
  "Jammu and Kashmir": "Jammu and Kashmir",
  "Jammu": "Jammu",
  "Jalpaiguri": "Jalpaiguri",
  "Jalore": "Jalore",
  "Jalna": "Jalna",
  "Jalgaon": "Jalgaon",
  "Jalaun": "Jalaun",
  "Jalandhar": "Jalandhar",
  "Jajpur": "Jajpur",
  "Jaisalmer": "Jaisalmer",
  "Jaipur": "Jaipur",
  "Jagtial": "Jagtial",
  "Jagatsinghpur": "Jagatsinghpur",
  "Jabalpur": "Jabalpur",
  "Italians": "Italians",
  "Indore": "Indore",
  "Imphal West": "Imphal West",
  "Imphal East": "Imphal East",
  "Idukki": "Idukki",
  "Hyderabad": "Hyderabad",
  "Howrah": "Howrah",
  "Hoshiarpur": "Hoshiarpur",
  "Hoshangabad": "Hoshangabad",
  "Hooghly": "Hooghly",
  "Hisar": "Hisar",
  "Hingoli": "Hingoli",
  "Himachal Pradesh": "Himachal Pradesh",
  "Hazaribagh": "Hazaribagh",
  "Haveri": "Haveri",
  "Hathras": "Hathras",
  "Haryana": "Haryana",
  "Haridwar": "Haridwar",
  "Hardoi": "Hardoi",
  "Harda": "Harda",
  "Hapur": "Hapur",
  "Hanumangarh": "Hanumangarh",
  "Hamirpur": "Hamirpur",
  "Hailakandi": "Hailakandi",
  "Gwalior": "Gwalior",
  "Gurugram": "Gurugram",
  "Gurdaspur": "Gurdaspur",
  "Guntur": "Guntur",
  "Guna": "Guna",
  "Gujarat": "Gujarat",
  "Gorakhpur": "Gorakhpur",
  "Gopalganj": "Gopalganj",
  "Gondia": "Gondia",
  "Gonda": "Gonda",
  "Gomati": "Gomati",
  "Golaghat": "Golaghat",
  "Godda": "Godda",
  "Goalpara": "Goalpara",
  "Goa": "Goa",
  "Giridih": "Giridih",
  "Gir Somnath": "Gir Somnath",
  "Ghazipur": "Ghazipur",
  "Ghaziabad": "Ghaziabad",
  "Gaya": "Gaya",
  "Gautam Buddha Nagar": "Gautam Buddha Nagar",
  "Garhwa": "Garhwa",
  "Ganjam": "Ganjam",
  "Gandhinagar": "Gandhinagar",
  "Ganderbal": "Ganderbal",
  "Gadchiroli": "Gadchiroli",
  "Gadag": "Gadag",
  "Firozabad": "Firozabad",
  "Ferozepur": "Ferozepur",
  "Fazilka": "Fazilka",
  "Fatehpur": "Fatehpur",
  "Fatehgarh Sahib": "Fatehgarh Sahib",
  "Fatehabad": "Fatehabad",
  "Faridkot": "Faridkot",
  "Faridabad": "Faridabad",
  "Etawah": "Etawah",
  "Etah": "Etah",
  "Erode": "Erode",
  "Ernakulam": "Ernakulam",
  "East Khasi Hills": "East Khasi Hills",
  "East Godavari": "East Godavari",
  "East Delhi": "East Delhi",
  "East Champaran": "East Champaran",
  "Durg": "Durg",
  "Dungarpur": "Dungarpur",
  "Dumka": "Dumka",
  "Dindori": "Dindori",
  "Dindigul": "Dindigul",
  "Dhule": "Dhule",
  "Dhubri": "Dhubri",
  "Dholpur": "Dholpur",
  "Dhenkanal": "Dhenkanal",
  "Dharwad": "Dharwad",
  "Dharmapuri": "Dharmapuri",
  "Dhar": "Dhar",
  "Dhanbad": "Dhanbad",
  "Dhalai": "Dhalai",
  "Dewas": "Dewas",
  "Devbhumi Dwarka": "Devbhumi Dwarka",
  "Deoria": "Deoria",
  "Deoghar": "Deoghar",
  "Deogarh": "Deogarh",
  "Delhi": "Delhi",
  "Dehradun": "Dehradun",
  "Davanagere": "Davanagere",
  "Dausa": "Dausa",
  "Darjeeling": "Darjeeling",
  "Darbhanga": "Darbhanga",
  "Dang": "Dang",
  "Daman and Diu": "Daman and Diu",
  "Dakshina Kannada": "Dakshina Kannada",
  "Dahod": "Dahod",
  "Dadra and Nagar Haveli": "Dadra and Nagar Haveli",
  "Cuttack": "Cuttack",
  "Cuddalore": "Cuddalore",
  "Coimbatore": "Coimbatore",
  "Churu": "Churu",
  "Chittorgarh": "Chittorgarh",
  "Chittoor": "Chittoor",
  "Chitrakoot": "Chitrakoot",
  "Chitradurga": "Chitradurga",
  "Chikkaballapura": "Chikkaballapura",
  "Chhota Udaipur": "Chhota Udaipur",
  "Chhindwara": "Chhindwara",
  "Chhattisgarh": "Chhattisgarh",
  "Chennai": "Chennai",
  "Chengalpattu": "Chengalpattu",
  "Charkhi Dadri": "Charkhi Dadri",
  "Chandrapur": "Chandrapur",
  "Chandigarh": "Chandigarh",
  "Chamba": "Chamba",
  "Central Delhi": "Central Delhi",
  "Cachar": "Cachar",
  "Buxar": "Buxar",
  "Burhanpur": "Burhanpur",
  "Buldhana": "Buldhana",
  "Bulandshahr": "Bulandshahr",
  "Budgam": "Budgam",
  "Budaun": "Budaun",
  "Botad": "Botad",
  "Bongaigaon": "Bongaigaon",
  "Bokaro": "Bokaro",
  "Birbhum": "Birbhum",
  "Bilaspur": "Bilaspur",
  "Bikaner": "Bikaner",
  "Bijnor": "Bijnor",
  "Bihar": "Bihar",
  "Bidar": "Bidar",
  "Bhopal": "Bhopal",
  "Bhojpur": "Bhojpur",
  "Bhiwani": "Bhiwani",
  "Bhind": "Bhind",
  "Bhilwara": "Bhilwara",
  "Bhavnagar": "Bhavnagar",
  "Bharuch": "Bharuch",
  "Bharatpur": "Bharatpur",
  "Bhandara": "Bhandara",
  "Bhagalpur": "Bhagalpur",
  "Bhadrak": "Bhadrak",
  "Bhadradri Kothagudem": "Bhadradri Kothagudem",
  "Bhadohi": "Bhadohi",
  "Betul": "Betul",
  "Bengaluru Urban": "Bengaluru Urban",
  "Bengaluru Rural": "Bengaluru Rural",
  "Belagavi": "Belagavi",
  "Begusarai": "Begusarai",
  "Beginning": "Beginning",
  "Beed": "Beed",
  "Bathinda": "Bathinda",
  "Basti": "Basti",
  "Barwani": "Barwani",
  "Barnala": "Barnala",
  "Barmer": "Barmer",
  "Bareilly": "Bareilly",
  "Baran": "Baran",
  "Baramulla": "Baramulla",
  "Barabanki": "Barabanki",
  "Banswara": "Banswara",
  "Banka": "Banka",
  "Bandipora": "Bandipora",
  "Banda": "Banda",
  "Banaskantha": "Banaskantha",
  "Balrampur": "Balrampur",
  "Ballari": "Ballari",
  "Balasore": "Balasore",
  "Balangir": "Balangir",
  "Bahraich": "Bahraich",
  "Baghpat": "Baghpat",
  "Bagalkote": "Bagalkote",
  "Azamgarh": "Azamgarh",
  "Ayodhya": "Ayodhya",
  "Aurangabad": "Aurangabad",
  "Auraiya": "Auraiya",
  "Assam": "Assam",
  "Ashoknagar": "Ashoknagar",
  "Arwal": "Arwal",
  "Arunachal Pradesh": "Arunachal Pradesh",
  "Ariyalur": "Ariyalur",
  "Aravalli": "Aravalli",
  "Araria": "Araria",
  "Anuppur": "Anuppur",
  "Andhra Pradesh": "Andhra Pradesh",
  "Anantnag": "Anantnag",
  "Anantapur": "Anantapur",
  "Anand": "Anand",
  "Amroha": "Amroha",
  "Amritsar": "Amritsar",
  "Amravati": "Amravati",
  "Amethi": "Amethi",
  "Ambala": "Ambala",
  "Alwar": "Alwar",
  "Almora": "Almora",
  "Alirajpur": "Alirajpur",
  "Aligarh": "Aligarh",
  "Alappuzha": "Alappuzha",
  "Akola": "Akola",
  "Ajmer": "Ajmer",
  "Aizawl": "Aizawl",
  "Ahmednagar": "Ahmednagar",
  "Ahmedabad": "Ahmedabad",
  "Agra": "Agra",
  "Agar Malwa": "Agar Malwa",
  "Adilabad": "Adilabad",
  "Yanam": "Yanam",
  "Yadgir": "Yadgir",
  "Yadadri Bhuvanagiri": "Yadadri Bhuvanagiri",
  "West Tripura": "West Tripura",
  "West Singhbhum": "West Singhbhum",
  "West Siang": "West Siang",
  "West Khasi Hills": "West Khasi Hills",
  "West Karbi Anglong": "West Karbi Anglong",
  "West Kameng": "West Kameng",
  "West Jaintia Hills": "West Jaintia Hills",
  "West Garo Hills": "West Garo Hills",
  "Warangal Rural": "Warangal Rural",
  "Wanaparthy": "Wanaparthy",
  "Uttarkashi": "Uttarkashi",
  "Uttar Dinajpur": "Uttar Dinajpur",
  "Uttar Bastar Kanker": "Uttar Bastar Kanker",
  "Upper Subansiri": "Upper Subansiri",
  "Upper Siang": "Upper Siang",
  "Upper Dibang Valley": "Upper Dibang Valley",
  "Unokoti": "Unokoti",
  "Umaria": "Umaria",
  "Ukhrul": "Ukhrul",
  "Udalguri": "Udalguri",
  "Tirap": "Tirap",
  "Tinsukia": "Tinsukia",
  "Thoubal": "Thoubal",
  "Tengnoupal": "Tengnoupal",
  "Tehri Garhwal": "Tehri Garhwal",
  "Tawang": "Tawang",
  "Tamenglong": "Tamenglong",
  "Surguja": "Surguja",
  "Sukma": "Sukma",
  "Subarnapur": "Subarnapur",
  "South West Khasi Hills": "South West Khasi Hills",
  "South West Garo Hills": "South West Garo Hills",
  "South Tripura": "South Tripura",
  "South Garo Hills": "South Garo Hills",
  "Sonitpur": "Sonitpur",
  "Sonbhadra": "Sonbhadra",
  "Sivasagar": "Sivasagar",
  "Sipahijala": "Sipahijala",
  "Singrauli": "Singrauli",
  "Sidhi": "Sidhi",
  "Siang": "Siang",
  "Shivamogga": "Shivamogga",
  "Shi Yomi": "Shi Yomi",
  "Serchhip": "Serchhip",
  "Seoni": "Seoni",
  "Senapati": "Senapati",
  "Saraikela-Kharsawan": "Saraikela-Kharsawan",
  "Sambalpur": "Sambalpur",
  "Saitual": "Saitual",
  "Saiha": "Saiha",
  "Sahibganj": "Sahibganj",
  "Rudraprayag": "Rudraprayag",
  "Ribhoi": "Ribhoi",
  "Rayagada": "Rayagada",
  "Ramgarh": "Ramgarh",
  "Ramanagara": "Ramanagara",
  "Raigarh": "Raigarh",
  "Raichur": "Raichur",
  "Purulia": "Purulia",
  "Punch": "Punch",
  "Pithoragarh": "Pithoragarh",
  "Pherzawl": "Pherzawl",
  "Papum Pare": "Papum Pare",
  "Pakur": "Pakur",
  "Pakke Kessang": "Pakke Kessang",
  "Nuapada": "Nuapada",
  "North Garo Hills": "North Garo Hills",
  "Noney": "Noney",
  "Niwari": "Niwari",
  "Nicobars": "Nicobars",
  "Narsinghpur": "Narsinghpur",
  "Narayanpur": "Narayanpur",
  "Namsai": "Namsai",
  "Nagaon": "Nagaon",
  "Nabarangapur": "Nabarangapur",
  "Muzaffarabad": "Muzaffarabad",
  "Mungeli": "Mungeli",
  "Mirpur": "Mirpur",
  "Mandla": "Mandla",
  "Mamit": "Mamit",
  "Malkangiri": "Malkangiri",
  "Majuli": "Majuli",
  "Mahasamund": "Mahasamund",
  "Lunglei": "Lunglei",
  "Lower Subansiri": "Lower Subansiri",
  "Lower Siang": "Lower Siang",
  "Lower Dibang Valley": "Lower Dibang Valley",
  "Longding": "Longding",
  "Lohardaga": "Lohardaga",
  "Lepa Rada": "Lepa Rada",
  "Lawngtlai": "Lawngtlai",
  "Latehar": "Latehar",
  "Lalitpur": "Lalitpur",
  "Lahaul and Spiti": "Lahaul and Spiti",
  "Kurung Kumey": "Kurung Kumey",
  "Kullu": "Kullu",
  "Kra Daadi": "Kra Daadi",
  "Koriya": "Koriya",
  "Koppal": "Koppal",
  "Kondagaon": "Kondagaon",
  "Kolasib": "Kolasib",
  "Kolar": "Kolar",
  "Kinnaur": "Kinnaur",
  "Khunti": "Khunti",
  "Khowai": "Khowai",
  "Khawzawl": "Khawzawl",
  "Katni": "Katni",
  "Karbi Anglong": "Karbi Anglong",
  "Karaikal": "Karaikal",
  "Kangpokpi": "Kangpokpi",
  "Kandhamal": "Kandhamal",
  "Kamle": "Kamle",
  "Kamjong": "Kamjong",
  "Kakching": "Kakching",
  "Jorhat": "Jorhat",
  "Jiribam": "Jiribam",
  "Jhargram": "Jhargram",
  "Jashpur": "Jashpur",
  "Janjgir Champa": "Janjgir Champa",
  "Jamui": "Jamui",
  "Hojai": "Hojai",
  "Hnahthial": "Hnahthial",
  "Hassan": "Hassan",
  "Gumla": "Gumla",
  "Gariaband": "Gariaband",
  "Ganganagar": "Ganganagar",
  "Gajapati": "Gajapati",
  "Farrukhabad": "Farrukhabad",
  "East Singhbhum": "East Singhbhum",
  "East Siang": "East Siang",
  "East Kameng": "East Kameng",
  "East Jaintia Hills": "East Jaintia Hills",
  "East Garo Hills": "East Garo Hills",
  "Doda": "Doda",
  "Diu": "Diu",
  "Dima Hasao": "Dima Hasao",
  "Dibrugarh": "Dibrugarh",
  "Dhemaji": "Dhemaji",
  "Dhamtari": "Dhamtari",
  "Datia": "Datia",
  "Darrang": "Darrang",
  "Damoh": "Damoh",
  "Daman": "Daman",
  "Dakshin Dinajpur": "Dakshin Dinajpur",
  "Dakshin Bastar Dantewada": "Dakshin Bastar Dantewada",
  "Cooch Behar": "Cooch Behar",
  "Churachandpur": "Churachandpur",
  "Chirang": "Chirang",
  "Chikkamagaluru": "Chikkamagaluru",
  "Chhatarpur": "Chhatarpur",
  "Chatra": "Chatra",
  "Charaideo": "Charaideo",
  "Changlang": "Changlang",
  "Chandel": "Chandel",
  "Chandauli": "Chandauli",
  "Champhai": "Champhai",
  "Champawat": "Champawat",
  "Chamoli": "Chamoli",
  "Chamarajanagara": "Chamarajanagara",
  "Bundi": "Bundi",
  "Boudh": "Boudh",
  "Biswanath": "Biswanath",
  "Bishnupur": "Bishnupur",
  "Bijapur": "Bijapur",
  "Bastar": "Bastar",
  "Barpeta": "Barpeta",
  "Bargarh": "Bargarh",
  "Bankura": "Bankura",
  "Bemetara": "Bemetara",
  "Baloda Bazar": "Baloda Bazar",
  "Balod": "Balod",
  "Ballia": "Ballia",
  "Balaghat": "Balaghat",
  "Baksa": "Baksa",
  "Bageshwar": "Bageshwar",
  "Anjaw": "Anjaw",
  "Angul": "Angul",
  "Amreli": "Amreli",
  "Ambedkar Nagar": "Ambedkar Nagar",
  "Alipurduar": "Alipurduar",
  "Weeks": "Weeks",
  "We stand with everyone fighting on the frontlines": "We stand with everyone fighting on the frontlines",
  "Visit state page": "Visit state page",
  "Unknown": "Unknown",
  "Uniform": "Uniform",
  "Total Cases": "Total Cases",
  "Total": "Total",
  "Tested chart is independent of uniform scaling": "Tested chart is independent of uniform scaling",
  "Tested": "Tested",
  "state/UT": "state/UT",
  "State/UT": "State/UT",
  "State": "State",
  "Spread Trends": "Spread Trends",
  "Shahid Bhagat Singh Nagar": "Shahid Bhagat Singh Nagar",
  "Search your city, resources, etc": "Search your city, resources, etc",
  "Scale Modes": "Scale Modes",
  "report": "report",
  "Recovered": "Recovered",
  "per million": "per million",
  "Other State": "Other State",
  "Other state": "Other state",
  "Other Region": "Other Region",
  "Month": "Month",
  "Map": "Map",
  "Logarithmic": "Logarithmic",
  "Last updated": "Last updated",
  "know more": "know more",
  "India": "India",
  "Hover": "Hover",
  "Home": "Home",
  "for more details": "for more details",
  "Evacuees": "Evacuees",
  "Essentials": "Essentials",
  "District-wise numbers are under reconciliation": "District-wise numbers are under reconciliation",
  "District": "District",
  "Demographics": "Demographics",
  "Deep Dive": "Deep Dive",
  "Deceased": "Deceased",
  "Daily": "Daily",
  "Dadra and Nagar Haveli and Daman and Diu": "Dadra and Nagar Haveli and Daman and Diu",
  "Cumulative": "Cumulative",
  "Confirmed": "Confirmed",
  "Compiled from State Govt. numbers": "Compiled from State Govt. numbers",
  "Checked by default to scale uniformly.": "Checked by default to scale uniformly.",
  "Cases per million": "Cases per million",
  "BSF Camp": "BSF Camp",
  "Based on 2019 population projection by NCP": "Based on 2019 population projection by NCP",
  "As of": "As of",
  "Andaman and Nicobar Islands": "Andaman and Nicobar Islands",
  "All States": "All States",
  "ago": "ago",
  "Active": "Active",
  "About": "About",
  "A crowdsourced initiative.": "A crowdsourced initiative.",
  "Airport Quarantine": "Airport Quarantine"
}