{
  "completion_ratio": "1.00",
  "Language": "ভাষা",
  "State Unassigned": "অধার্য-কৃত রাজ্য",
  "District-wise {{mapOption}} numbers are under reconciliation": "জেলা-ভিত্তীক {{mapOption}}-এর সংখ্যা পুনর্মিলনের অধীনে আছে",
  "Hotspots": "হটস্পট",
  "Back": "পেছনে",
  "Join Telegram to Collaborate!": "সহযোগিতা করার জন্য টেলিগ্রামে যোগ দিন",
  "View updates on Twitter": "টুইটারে আপডেট দেখুন",
  "Crowdsourced Patient Database": "সংগৃহীত রোগীদের তথ্য",
  "Open Sourced on GitHub": "GitHub থেকে ওপেন সোর্সড",
  "See more details on {{state}}": "আরও বিশদে জানার জন্য দেখুন {{রাজ্য}}",
  "tap": "টোকা",
  "{{action}} over a {{mapType}} for more details": "সংশ্লিষ্ট {{map Type}} উপর {{action}} বিস্তারিত জানার জন্য",
  "As of {{date}}": "{{date}} পর্যন্ত ",
  "Zones": "অঞ্চল",
  "Senior citizen support bangalore": "বরিষ্ঠ নাগরিক সহায়তা বেঙ্গালুরু",
  "Locations": "এলাকা",
  "Groceries Chennai": "মুদিখানা চেন্নাই",
  "Community Kitchen in Kerala": "কেরলের সামাজিক রান্নাঘর",
  "Delhi Shelter": "দিল্লির আশ্রয়স্থল",
  "Testing Pune": "টেস্টিং পুনে",
  "Menu": "সূচী",
  "Close": "বন্ধ করুন ",
  "source": "উৎস ",
  "District zones as published by MoHFW": "MoHFW দ্বারা প্রকাশিত জেলা অঞ্চল",
  "Bametara": "বেমেতারা",
  "India Map": "ভারতীয় মানচিত্র",
  "Yavatmal": "ইয়াভাতমাল",
  "Yamunanagar": "যমুনানগর",
  "Y.S.R. Kadapa": "ওয়ায়.এস.আর কাডাপা ",
  "West Godavari": "পশ্চিম গোদাবরী",
  "West Delhi": "পশ্চিম দিল্লি",
  "West Champaran": "পশ্চিম চম্পারণ",
  "West Bengal": "পশ্চিমবঙ্গ",
  "Wayanad": "ওয়ানাদ ",
  "Washim": "ওয়াসিম",
  "Wardha": "ওয়ারধা",
  "Warangal Urban": "ওয়ারাঙ্গাল শহর ",
  "Vizianagaram": "ভিজিয়ানাগারাম ",
  "Visakhapatnam": "বিশাখাপত্তনম",
  "Virudhunagar": "ভিরুধুনগর ",
  "Viluppuram": "ভিলুপ্পুরাম ",
  "Vikarabad": "ভিকারাবাদ ",
  "Vijayapura": "বিজয়পুর ",
  "Vidisha": "বিদিশা",
  "Vellore": "ভেলোর",
  "Varanasi": "বারাণসী",
  "Valsad": "ভালসাড ",
  "Vaishali": "বৈশালী",
  "Vadodara": "ভাডোদারা",
  "Uttarakhand": "উত্তরাখন্ড",
  "Uttara Kannada": "উত্তরা কন্নড",
  "Uttar Pradesh": "উত্তর প্রদেশ",
  "Unnao": "উন্নাউ",
  "Una": "উনা",
  "Ujjain": "উজ্জয়ন ",
  "Udupi": "উডূপী",
  "Udhampur": "উধমপুর ",
  "Udham Singh Nagar": "উধম সিং নগর",
  "Udaipur": "উদয়পুর",
  "Tumakuru": "তুমকুরু ",
  "Tripura": "ত্রিপুরা",
  "Tonk": "টঙ্ক",
  "Tiruvannamalai": "তিরুভান্নামালায় ",
  "Tiruppur": "তিরুপ্পুর ",
  "Tirupathur": "তিরুপাথুর ",
  "Tirunelveli": "তিরুনেলভেলি ",
  "Tiruchirappalli": "তিরুচিরাপল্লী",
  "Tikamgarh": "তিকমগড়",
  "Thrissur": "ত্রিসূর",
  "Thoothukkudi": "থুথুককুড়ি ",
  "Thiruvarur": "থিরুভারুর ",
  "Thiruvananthapuram": "তিরুবনন্তপুরম",
  "Thiruvallur": "থিরুভাল্লুর ",
  "Theni": "থেনী",
  "Thanjavur": "থাঞ্জাভুর ",
  "Thane": "থানে ",
  "Tenkasi": "টেন্কাসী",
  "Telangana": "তেলেঙ্গানা",
  "Tarn Taran": "টার্ন তরণ ",
  "Tapi": "তাপি ",
  "Tamil Nadu": "তামিলনাড়ু",
  "Suryapet": "সূর্যাপেট ",
  "Surendranagar": "সুরেন্দ্রনগর ",
  "Surat": "সুরাট",
  "Surajpur": "সুরজপুর",
  "Supaul": "সুপাল",
  "Sundargarh": "সুন্দরগড় ",
  "Sultanpur": "সুলতানপুর",
  "Srinagar": "শ্রীনগর",
  "Srikakulam": "শ্রীকাকুলাম ",
  "Sri Muktsar Sahib": "শ্রী মুক্তসর সাহিব ",
  "South West Delhi": "দক্ষিণ পশ্চিম দিল্লি",
  "South Salmara Mankachar": "দক্ষিণ শালমারা মানকাচার",
  "South Goa": "দক্ষিণ গোয়া",
  "South East Delhi": "দক্ষিণ পূর্ব দিল্লি",
  "South Delhi": "দক্ষিণ দিল্লি",
  "South Andaman": "দক্ষিণ আন্দামান",
  "South 24 Parganas": "দক্ষিণ ২৪ পরগনা",
  "Sonipat": "সোনিপাত ",
  "Solapur": "সোলাপুর",
  "Solan": "সোলান ",
  "Siwan": "সিয়ান ",
  "Sivaganga": "শিবগঙ্গা ",
  "Sitapur": "সীতাপুর ",
  "Sitamarhi": "সীতামারহি",
  "Sirsa": "শীর্ষা ",
  "Sirohi": "সিরোহি",
  "Sirmaur": "শিরমাউর ",
  "Sindhudurg": "সিন্ধুদূর্গ",
  "Simdega": "সিমদেগা ",
  "Sikkim": "সিকিম",
  "Sikar": "সীকর",
  "Siddipet": "সিদ্দীপেট ",
  "Siddharthnagar": "সিদ্ধার্থনাগার ",
  "Shrawasti": "শ্রাস্বতী ",
  "Shopiyan": "শপিয়ান",
  "Shivpuri": "শিবপুরী ",
  "Shimla": "সিমলা",
  "Sheopur": "শেওপুর",
  "Sheohar": "শীওহার",
  "Sheikhpura": "শেখপুরা ",
  "Shamli": "শামলি",
  "Shajapur": "শাজাপুর",
  "Shahjahanpur": "শাজাহানপুরে",
  "Shahdol": "শাহদোল",
  "Shahdara": "শাহদরা ",
  "Sehore": "সেহোরে",
  "Sawai Madhopur": "সওয়াই মধুপুর",
  "Satna": "সাতনা",
  "Satara": "সাতারা",
  "Saran": "সারান ",
  "Sant Kabir Nagar": "সন্ট কবির নগর",
  "Sangrur": "সানগ্রুর",
  "Sangli": "সাঙলি ",
  "Sangareddy": "সাঙ্গারেড্ডি ",
  "Sambhal": "সম্ভাল ",
  "Samba": "সাম্বা",
  "Samastipur": "সমস্তিপুর",
  "Salem": "সালেম",
  "Saharsa": "সাহার্সা ",
  "Saharanpur": "সাহারানপুর ",
  "Sagar": "সাগর",
  "Sabarkantha": "সাবারকন্ঠা ",
  "S.P.S. Nellore": "এস.পি.এস নেল্লোরে ",
  "S.A.S. Nagar": "এস.এ.এস নগর ",
  "Rupnagar": "রূপনগর ",
  "Rohtas": "রোহতাশ ",
  "Rohtak": "রোহটাক ",
  "Rewari": "রেওয়ারী",
  "Rewa": "রেওয়া",
  "Reasi": "রিয়াসি ",
  "Ratnagiri": "রত্নাগিরি ",
  "Ratlam": "রাতলাম ",
  "Ranipet": "রানিপেট ",
  "Ranga Reddy": "রাঙ্গা রেড্ডি",
  "Ranchi": "রাঁচি",
  "Rampur": "রামপুর",
  "Ramban": "রামবান ",
  "Ramanathapuram": "রামানাথপুরাম ",
  "Rajsamand": "রাজসামান্দ",
  "Rajouri": "রাজৌরি ",
  "Rajnandgaon": "রাজনন্দগাঁও",
  "Rajkot": "রাজকোট",
  "Rajgarh": "রাজগড়",
  "Rajasthan": "রাজস্থান",
  "Rajanna Sircilla": "রাজন্ন সিরসিল্লা ",
  "Raisen": "রায়সেন",
  "Raipur": "রায়পুর",
  "Raigad": "রায়গড় ",
  "Rae Bareli": "রায় বেরিলি",
  "Purnia": "পূর্ণিয়া",
  "Puri": "পুরী",
  "Purba Medinipur": "পূর্ব মেদিনীপুর",
  "Purba Bardhaman": "পূর্ব বর্ধমান",
  "Punjab": "পাঞ্জাব",
  "Pune": "পুনে",
  "Pulwama": "পুলবামা ",
  "Pudukkottai": "পুদুক্কোট্টাই ",
  "Puducherry": "পুদুচেরি",
  "Prayagraj": "প্রয়াগরাজ ",
  "Pratapgarh": "প্রতাপগড়",
  "Prakasam": "প্রকাশম ",
  "Porbandar": "পোরবন্দর",
  "Pilibhit": "পিলিভিট",
  "Perambalur": "পেরামবালুর ",
  "Peddapalli": "পেড্ডাপাল্লি ",
  "Pauri Garhwal": "পৌরি গরবাল ",
  "Patna": "পাটনা",
  "Patiala": "পাতিয়ালা",
  "Pathankot": "পাঠানকোট",
  "Pathanamthitta": "পাথনামথিত্তা",
  "Patan": "পাটান ",
  "Paschim Medinipur": "পশ্চিম মেদিনীপুর",
  "Paschim Bardhaman": "পশ্চিম বর্ধমান",
  "Parbhani": "পারভানি",
  "Panna": "পান্না",
  "Panipat": "পানিপত",
  "Panchmahal": "পঞ্চমহল ",
  "Panchkula": "পাঁচকুলা ",
  "Palwal": "পালয়াল ",
  "Pali": "পালী ",
  "Palghar": "পালঘর ",
  "Palamu": "পালামু ",
  "Palakkad": "পালক্কাদ",
  "Osmanabad": "ওসমানাবাদ",
  "Odisha": "উড়িষ্যা",
  "Nuh": "নূহ",
  "North West Delhi": "উত্তর পশ্চিম দিল্লি",
  "North Tripura": "উত্তর ত্রিপুরা",
  "North Goa": "উত্তর গোয়া",
  "North East Delhi": "উত্তর পূর্ব দিল্লি ",
  "North Delhi": "উত্তর দিল্লি",
  "North and Middle Andaman": "উত্তর ও মধ্য আন্দামান",
  "North 24 Parganas": "উত্তর ২৪ পরগনা ",
  "Nizamabad": "নিজামাবাদ ",
  "Nirmal": "নির্মল",
  "Nilgiris": "নীলগিরি ",
  "New Delhi": "নতুন দিল্লি",
  "Neemuch": "নীমুচ",
  "Nayagarh": "নয়াগড় ",
  "Nawada": "নাওয়াদা",
  "Navsari": "নাভসারী ",
  "Nashik": "নাসিক",
  "Narmada": "নর্মদা",
  "Narayanpet": "নারায়নপেট ",
  "Nandurbar": "নান্দুরবার ",
  "Nanded": "নান্দেড় ",
  "Namakkal": "নামাক্কাল ",
  "Nalgonda": "নালগোন্ডা ",
  "Nalbari": "নলবাড়ি",
  "Nalanda": "নালন্দা",
  "Nainital": "নৈনিতাল",
  "Nagpur": "নাগপুর",
  "Nagaur": "নাগৌর",
  "Nagarkurnool": "নাগারকুর্নুল ",
  "Nagapattinam": "নাগাপাত্তিনাম ",
  "Nagaland": "নাগাল্যান্ড",
  "Nadia": "নদীয়া ",
  "Mysuru": "মৌসুর ",
  "Muzaffarpur": "মুজাফ্ফরপুর",
  "Muzaffarnagar": "মুজাফ্ফরনগর",
  "Murshidabad": "মুর্শিদাবাদ ",
  "Munger": "মুঙ্গের",
  "Mumbai Suburban": "মুম্বাই শহরতলি ",
  "Mumbai": "মুম্বাই",
  "Mulugu": "মুলুগু ",
  "Morigaon": "মৰিগাঁও ",
  "Morena": "মোরেনা",
  "Morbi": "মরবি ",
  "Moradabad": "মোরাদাবাদ",
  "Moga": "মোগা ",
  "Mizoram": "মিজোরাম",
  "Mirzapur": "মির্জাপুর",
  "Mehsana": "মেহসানা ",
  "Meghalaya": "মেঘালয়",
  "Meerut": "মিরাট",
  "Medchal Malkajgiri": "মেডচাল মালকাজগিরি ",
  "Medak": "মেদাক ",
  "Mayurbhanj": "ময়ূরভঞ্জ",
  "Mau": "মৌ",
  "Mathura": "মথুরা",
  "Mansa": "মানসা",
  "Manipur": "মণিপুর",
  "Mandya": "মান্ড্যা ",
  "Mandsaur": "মান্দসৌর ",
  "Mandi": "মান্ডি",
  "Mancherial": "মাঞ্চেরিয়াল ",
  "Malda": "মালদা",
  "Malappuram": "মালাপ্পুরম",
  "Mainpuri": "মাইনপুরী ",
  "Mahoba": "মাহবা",
  "Mahisagar": "মাহীসাগর ",
  "Mahendragarh": "মহেন্দ্রগড় ",
  "Mahe": "মাহে",
  "Maharashtra": "মহারাষ্ট্র",
  "Maharajganj": "মহারাজগঞ্জ",
  "Mahabubnagar": "মাহাবুবনগ",
  "Mahabubabad": "মাহাবুবাবাদ ",
  "Madurai": "মাদুরাই",
  "Madhya Pradesh": "মধ্য প্রদেশ",
  "Madhubani": "মধুবাণী",
  "Madhepura": "মাথিপুরা ",
  "Ludhiana": "লুধিয়ানা",
  "Lucknow": "লক্ষ্ণৌ",
  "Lohit": "লোহিত",
  "Leh": "লেহ",
  "Latur": "লাতুর",
  "Lakshadweep": "লাক্ষাদ্বীপ",
  "Lakhisarai": "লখীসরাই",
  "Lakhimpur Kheri": "লক্ষ্মীপুরে খেরি ",
  "Lakhimpur": "লক্ষ্মীপুর",
  "Ladakh": "লাদাখ",
  "Kutch": "কচ্ছ",
  "Kushinagar": "কুশিনগর",
  "Kurukshetra": "কুরুক্ষেত্র",
  "Kurnool": "কুর্নুল ",
  "Kupwara": "কুপওয়ারা",
  "Kulgam": "কুলগাম",
  "Krishnagiri": "কৃষ্ণগিরি",
  "Krishna": "কৃষ্ণা ",
  "Kozhikode": "কাজ্হীকোডে ",
  "Kottayam": "কোট্টায়াম ",
  "Kota": "কোটা",
  "Korba": "কোবরা ",
  "Koraput": "কোরাপুট ",
  "Komaram Bheem": "কমারাম ভীম ",
  "Kollam": "কোল্লাম",
  "Kolkata": "কলকাতা",
  "Kolhapur": "কোলহাপুর",
  "Kokrajhar": "কোকড়াঝাড়",
  "Koderma": "কোদের্মা ",
  "Kodagu": "কদাগু ",
  "Kishtwar": "কিষত্বর ",
  "Kishanganj": "কিষাণগঞ্জ ",
  "Khordha": "খুরধা ",
  "Kheda": "খেদা",
  "Khargone": "খড়্গণ ",
  "Khandwa": "খন্ডয়া ",
  "Khammam": "খাম্মাম",
  "Khagaria": "খাগারিয়া",
  "Kerala": "কেরল",
  "Kendujhar": "কেন্দুজার ",
  "Kendrapara": "কেন্দ্রপাড়া",
  "Kaushambi": "কৌশাম্বি ",
  "Katihar": "কাতিহার",
  "Kathua": "কাঠুয়া ",
  "Kasganj": "কাশগঞ্জ ",
  "Kasaragod": "কাসারাগোড",
  "Karur": "কারুর ",
  "Karnataka": "কর্ণাটক",
  "Karnal": "কার্নাল",
  "Karimnagar": "করিমনগর",
  "Karimganj": "করিমগঞ্জ",
  "Kargil": "কারগিল",
  "Karauli": "কারাউলী ",
  "Kapurthala": "কাপুরথালা",
  "Kanyakumari": "কন্যাকুমারী",
  "Kanpur Nagar": "কানপুর নগর",
  "Kanpur Dehat": "কানপুর দেহাত ",
  "Kannur": "কন্নুর",
  "Kannauj": "কান্নৌজ",
  "Kangra": "কাংড়া ",
  "Kancheepuram": "কাঞ্চীপুরম",
  "Kamrup Metropolitan": "কামরূপ মহানগর",
  "Kamrup": "কামরূপ",
  "Kamareddy": "কামারেড্ডি",
  "Kallakurichi": "কালাকুরিচি ",
  "Kalimpong": "কালিম্পং",
  "Kalahandi": "কালাহান্ডি",
  "Kalaburagi": "কালাবুরাগী ",
  "Kaithal": "কাইথাল",
  "Kaimur": "কাইমুর",
  "Kabeerdham": "কাবীরধাম ",
  "Junagadh": "জুনাগড়",
  "Jogulamba Gadwal": "জেগুলাম্বা গডওয়াল",
  "Jodhpur": "যোধপুর",
  "Jind": "জিন্দ",
  "Jhunjhunu": "ঝুনঝুনু",
  "Jharsuguda": "ঝারসুগুদা ",
  "Jharkhand": "ঝাড়খণ্ড",
  "Jhansi": "ঝাঁসি",
  "Jhalawar": "ঝালাওয়ার",
  "Jhajjar": "ঝাজ্জর",
  "Jhabua": "ঝাবুয়া",
  "Jehanabad": "জাহানাবাদ ",
  "Jayashankar Bhupalapally": "জয়শঙ্কর ভূপালপল্লী",
  "Jaunpur": "জৌনপুর",
  "Jangaon": "জনগাও",
  "Jamtara": "জামতারা ",
  "Jamnagar": "জামনগর",
  "Jammu and Kashmir": "জম্মু ও কাশ্মীর",
  "Jammu": "জম্মু",
  "Jalpaiguri": "জলপাইগুড়ি",
  "Jalore": "জালোরে ",
  "Jalna": "জলনা",
  "Jalgaon": "জলগাওঁ ",
  "Jalaun": "জালাউন ",
  "Jalandhar": "জলন্ধর",
  "Jajpur": "জাজপুর ",
  "Jaisalmer": "জয়সলমের",
  "Jaipur": "জয়পুর",
  "Jagtial": "জাগতিয়াল",
  "Jagatsinghpur": "জগৎসিংহপুর",
  "Jabalpur": "জবলপুর",
  "Italians": "ইতালীয়",
  "Indore": "ইন্দোর",
  "Imphal West": "পশ্চিম ইম্ফল",
  "Imphal East": "পূর্ব ইম্ফল",
  "Idukki": "ইদুক্কি",
  "Hyderabad": "হায়দ্রাবাদ",
  "Howrah": "হাওড়া",
  "Hoshiarpur": "হোসিয়ারপুর",
  "Hoshangabad": "হোসাঙ্গাবাদ ",
  "Hooghly": "হুগলী",
  "Hisar": "হিসার",
  "Hingoli": "হিঙ্গোলি",
  "Himachal Pradesh": "হিমাচল প্রদেশ",
  "Hazaribagh": "হাজারীবাগ",
  "Haveri": "হাবেরী",
  "Hathras": "হাথরাস ",
  "Haryana": "হরিয়ানা",
  "Haridwar": "হরিদ্বার",
  "Hardoi": "হাড়দ্বয় ",
  "Harda": "হারদা",
  "Hapur": "হাপুর ",
  "Hanumangarh": "হনুমানগড়",
  "Hamirpur": "হামিরপুর",
  "Hailakandi": "হাইলাকান্দি",
  "Gwalior": "গয়ালিওর ",
  "Gurugram": "গুরুগ্রাম ",
  "Gurdaspur": "গুরুদাসপুর",
  "Guntur": "গুন্টুর",
  "Guna": "গুনা ",
  "Gujarat": "গুজরাট",
  "Gorakhpur": "গোরখপুর",
  "Gopalganj": "গোপালগঞ্জ",
  "Gondia": "গন্ডিয়া",
  "Gonda": "গোন্ডা ",
  "Gomati": "গোমতী",
  "Golaghat": "গোলাঘাট ",
  "Godda": "গোড্ডা ",
  "Goalpara": "গোলপাড়া ",
  "Goa": "গোয়া",
  "Giridih": "গিরিডি",
  "Gir Somnath": "গির সোমনাথ",
  "Ghazipur": "গাজিপুর",
  "Ghaziabad": "গাজিয়াবাদ",
  "Gaya": "গয়া",
  "Gautam Buddha Nagar": "গৌতম বুদ্ধ নগর",
  "Garhwa": "গড়বা ",
  "Ganjam": "গঞ্জাম",
  "Gandhinagar": "গান্ধীনগর",
  "Ganderbal": "গান্দেরবাল",
  "Gadchiroli": "গাদচিরোলি",
  "Gadag": "গাদাগ ",
  "Firozabad": "ফিরোজাবাদ",
  "Ferozepur": "ফিরোজপুর",
  "Fazilka": "ফজিল্কা ",
  "Fatehpur": "ফতেপুর",
  "Fatehgarh Sahib": "ফতেহগড় সহীব",
  "Fatehabad": "ফতেহাবাদ",
  "Faridkot": "ফরিদকোট ",
  "Faridabad": "ফরিদাবাদ",
  "Etawah": "এতাব ",
  "Etah": "ইটা ",
  "Erode": "এরোড ",
  "Ernakulam": "এর্নাকুলাম",
  "East Khasi Hills": "পূর্ব খাসি হিলস্",
  "East Godavari": "পূর্ব গোদাবরী",
  "East Delhi": "পূর্ব দিল্লি",
  "East Champaran": "পূর্ব চম্পারণ",
  "Durg": "দুর্গ",
  "Dungarpur": "দুর্গাপুর ",
  "Dumka": "দুমকা",
  "Dindori": "ডিন্ডোরী ",
  "Dindigul": "দিন্দিগুল ",
  "Dhule": "ধুলে",
  "Dhubri": "ধুবরি",
  "Dholpur": "ধৌলপুর",
  "Dhenkanal": "ঢেঙ্কানল",
  "Dharwad": "ধারবাদ ",
  "Dharmapuri": "ধর্মপুরী ",
  "Dhar": "ধর ",
  "Dhanbad": "ধানবাদ",
  "Dhalai": "ধলাই",
  "Dewas": "দিবস ",
  "Devbhumi Dwarka": "দেবভূমি  দ্বারকা",
  "Deoria": "দেরিয়া ",
  "Deoghar": "দেওঘর",
  "Deogarh": "দেওগাঢ় ",
  "Delhi": "দিল্লি",
  "Dehradun": "দেরাদুন",
  "Davanagere": "ডাভানাগেরে",
  "Dausa": "দাউসা",
  "Darjeeling": "দার্জিলিং",
  "Darbhanga": "দ্বারভাঙ্গা",
  "Dang": "ড্যাং ",
  "Daman and Diu": "দমন এন্ড  দিউ",
  "Dakshina Kannada": "দক্ষিনা কন্নড ",
  "Dahod": "দাহোদ ",
  "Dadra and Nagar Haveli": "দাদরা এবং নাগার হাভেলি",
  "Cuttack": "কটক",
  "Cuddalore": "কুড্ডালোরে ",
  "Coimbatore": " কোয়েম্বাটুর",
  "Churu": "চুরু",
  "Chittorgarh": "চিত্তৌরগড়",
  "Chittoor": "চিত্তর",
  "Chitrakoot": "চিত্রকূট ",
  "Chitradurga": "চিত্রদুর্গ",
  "Chikkaballapura": "চিক্কাবাল্লাপুর ",
  "Chhota Udaipur": "ছোটা উদয়পুর",
  "Chhindwara": "ছিন্দওয়ারা ",
  "Chhattisgarh": "ছত্তিশগড়",
  "Chennai": "চেন্নাই",
  "Chengalpattu": "চেঙ্গালপট্টু",
  "Charkhi Dadri": "চারখি দাদরি",
  "Chandrapur": "চন্দ্রপুর",
  "Chandigarh": "চন্ডিগড়",
  "Chamba": "চাম্বা",
  "Central Delhi": "মধ্য দিল্লি",
  "Cachar": "কাচার ",
  "Buxar": "বক্সার",
  "Burhanpur": "বুরহানপুর",
  "Buldhana": "বুলধানা ",
  "Bulandshahr": "বুলান্ডশহর ",
  "Budgam": "বুদগাম",
  "Budaun": "বুদাউন ",
  "Botad": "বোটাড ",
  "Bongaigaon": "বঙাইগাঁও ",
  "Bokaro": "বোকারো",
  "Birbhum": "বীরভূম",
  "Bilaspur": "বিলাসপুর",
  "Bikaner": "বিকানের",
  "Bijnor": "বিজনোর ",
  "Bihar": "বিহার",
  "Bidar": "বিদার ",
  "Bhopal": "ভোপাল",
  "Bhojpur": "ভোজপুর",
  "Bhiwani": "ভিয়ানি ",
  "Bhind": "ভিন্দ",
  "Bhilwara": "ভিলওয়ারা",
  "Bhavnagar": "ভাবনগর",
  "Bharuch": "ভারুচ ",
  "Bharatpur": "ভারতপুর ",
  "Bhandara": "ভান্ডারা ",
  "Bhagalpur": "ভাগলপুর",
  "Bhadrak": "ভদ্রক",
  "Bhadradri Kothagudem": "ভদ্রদী কথাগুদেম ",
  "Bhadohi": "ভাদোহী ",
  "Betul": "বেতুল",
  "Bengaluru Urban": "বেঙ্গালুরু শহর ",
  "Bengaluru Rural": "বেঙ্গালুরু গ্রামীণ",
  "Belagavi": "বেলাগাভি ",
  "Begusarai": "বেগুসরাই ",
  "Beginning": "শুরু থেকে ",
  "Beed": "বিদ",
  "Bathinda": "বাথিন্দা ",
  "Basti": "বস্তি",
  "Barwani": "বারবানী ",
  "Barnala": "বার্নালা",
  "Barmer": "বাড়মীর ",
  "Bareilly": "বেরেলী",
  "Baran": "বারান ",
  "Baramulla": "বারামুল্লা",
  "Barabanki": "বারাবাঁকি ",
  "Banswara": "বাঁশয়োড়া ",
  "Banka": "বাঁকা",
  "Bandipora": "বান্দিপোরা",
  "Banda": "বান্ডা",
  "Banaskantha": "বানাশকন্ঠা ",
  "Balrampur": "বলরামপুর ",
  "Ballari": "বাল্লারি ",
  "Balasore": "বালেশ্বর",
  "Balangir": "বালঙ্গির ",
  "Bahraich": "বাহরাইচ ",
  "Baghpat": "বাঘপাত ",
  "Bagalkote": "বাগালকোটে ",
  "Azamgarh": "আজমগড়",
  "Ayodhya": "অযোধ্যা",
  "Aurangabad": "ঔরঙ্গাবাদ",
  "Auraiya": "আয়ুরায়ন",
  "Assam": "আসাম",
  "Ashoknagar": "অশোকনগর",
  "Arwal": "আর্বল ",
  "Arunachal Pradesh": "অরুনাচল প্রদেশ",
  "Ariyalur": "আরিয়ালুর ",
  "Aravalli": "আরাবল্লী ",
  "Araria": "আড়ারিয়া ",
  "Anuppur": "অনুপপুর ",
  "Andhra Pradesh": "অন্ধ্র প্রদেশ",
  "Anantnag": "অনন্তনাগ",
  "Anantapur": "অনন্তপুর",
  "Anand": "আনন্দ্",
  "Amroha": "আমরোহা",
  "Amritsar": "অমৃতসর",
  "Amravati": "অমরাবতি",
  "Amethi": "আমেথি",
  "Ambala": "আম্বালা",
  "Alwar": "আলওয়ার",
  "Almora": "আলমোড়া",
  "Alirajpur": "আলিরাজপুর",
  "Aligarh": "আলিগড়",
  "Alappuzha": "আলপ্পুজহা  ",
  "Akola": "আকোলা",
  "Ajmer": "আজমীর",
  "Aizawl": "আইজল",
  "Ahmednagar": "আহমেদনগর",
  "Ahmedabad": "আহমেদাবাদ",
  "Agra": "আগ্রা",
  "Agar Malwa": "আগার মালওয়া",
  "Adilabad": "আদিলাবাদ",
  "Yanam": "ইয়ানম",
  "Yadgir": "ইয়াদগির",
  "Yadadri Bhuvanagiri": "ইয়াদাদ্রী ভুবনাগিরি",
  "West Tripura": "পশ্চিম ত্রিপুরা",
  "West Singhbhum": "পশ্চিম সিংভূম",
  "West Siang": "পশ্চিম সিয়াং",
  "West Khasi Hills": "পশ্চিম খাসি পাহাড়",
  "West Karbi Anglong": "পশ্চিম কারবি আংলং",
  "West Kameng": "পশ্চিম কামিং",
  "West Jaintia Hills": "পশ্চিম জৈন্তিয়া পাহাড়",
  "West Garo Hills": "পশ্চিম গারো পাহাড়ের",
  "Warangal Rural": "ওয়ারাঙ্গাল গ্রামীণ",
  "Wanaparthy": "ওয়ানপারথি",
  "Uttarkashi": "উত্তরকাশী",
  "Uttar Dinajpur": "উত্তর দিনাজপুর",
  "Uttar Bastar Kanker": "উত্তর বাস্তার কঙ্কার",
  "Upper Subansiri": "উচ্চ সুবানসিড়ি",
  "Upper Siang": "উচ্চ সিয়াং",
  "Upper Dibang Valley": "উচ্চ দিবাং উপত্যকা",
  "Unokoti": "ঔণ্কোটি",
  "Umaria": "উমারিয়া",
  "Ukhrul": "উখরুল",
  "Udalguri": "উদালগুড়ি",
  "Tirap": "তিরাপ",
  "Tinsukia": "তিনসুকিয়া",
  "Thoubal": "থৌবাল",
  "Tengnoupal": "টেঙ্গনৌপাল",
  "Tehri Garhwal": "তেহরি - গাড়োয়াল ",
  "Tawang": "তাওয়াঙ",
  "Tamenglong": "টামেঙ্গে্লঙ",
  "Surguja": "সুরগুজা",
  "Sukma": "সুকমার",
  "Subarnapur": "সুবর্ণপুর",
  "South West Khasi Hills": "দক্ষিণ পশ্চিম খাসি পাহাড়",
  "South West Garo Hills": "দক্ষিণ পশ্চিম গারো পাহাড়ের",
  "South Tripura": "দক্ষিণ ত্রিপুরা",
  "South Garo Hills": "দক্ষিণ গারো পাহাড়ের",
  "Sonitpur": "সোনি্তপুর",
  "Sonbhadra": "সোনভদ্র",
  "Sivasagar": "শিভাসাগর",
  "Sipahijala": "পেলে সিপাহিজালা",
  "Singrauli": "সিংগৃাউলি",
  "Sidhi": "সিধি",
  "Siang": "সিয়াং",
  "Shivamogga": "শিভামোগ্গা",
  "Shi Yomi": "শি ইয়োমি",
  "Serchhip": "সেরছিপ",
  "Seoni": "সেওনি",
  "Senapati": "সেনাপতি",
  "Saraikela-Kharsawan": "সরাইকালে-খারসাওয়ান",
  "Sambalpur": "সম্বলপুর",
  "Saitual": "সাইতোয়াল",
  "Saiha": "সাইহা",
  "Sahibganj": "সাহেবগঞ্জ",
  "Rudraprayag": "রুদ্রপ্রয়াগ",
  "Ribhoi": "ঋীভই",
  "Rayagada": "রায়গদা",
  "Ramgarh": "রামগড়ে",
  "Ramanagara": "রামনগর",
  "Raigarh": "রায়গড়",
  "Raichur": "রাইচুর",
  "Purulia": "পুরুলিয়া",
  "Punch": "পুঞ্চ",
  "Pithoragarh": "পিথোরাগড়",
  "Pherzawl": "ফেরজাওয়াল",
  "Papum Pare": "পাপুম পারে",
  "Pakur": "পাকুর",
  "Pakke Kessang": "পাক্কে কেসাঙ",
  "Nuapada": "নুয়াপারা",
  "North Garo Hills": "উত্তর গারো পাহাড়ের",
  "Noney": "ননেও",
  "Niwari": "নিওয়ারি",
  "Nicobars": "নিকোবর",
  "Narsinghpur": "নরসিংহপুর",
  "Narayanpur": "নারায়ণপুর",
  "Namsai": "নামসাই",
  "Nagaon": "নগাঁও",
  "Nabarangapur": "নবরঙ্গপুর",
  "Muzaffarabad": "মুজাফারবাদ",
  "Mungeli": "মুঙ্গলি",
  "Mirpur": "মিরপুর",
  "Mandla": "মন্দলা",
  "Mamit": "মামিত",
  "Malkangiri": "মালকানগিরি",
  "Majuli": "মাজুলি",
  "Mahasamund": "মহাসমুন্দ",
  "Lunglei": "লুঙ্গলেই",
  "Lower Subansiri": "নিম্নতর সুবানসিড়ি",
  "Lower Siang": "নিম্নতর সিয়াং",
  "Lower Dibang Valley": "নিম্নতর দিবাং উপত্যকা",
  "Longding": "লংডিং",
  "Lohardaga": "লোহারদাগা",
  "Lepa Rada": "লেপা রাডা",
  "Lawngtlai": "লংজিলাই",
  "Latehar": "লাতেহার",
  "Lalitpur": "ললিতপুর",
  "Lahaul and Spiti": "লাহৌল এবং স্পিতি",
  "Kurung Kumey": "কুরঙ কুমে",
  "Kullu": "কুলু",
  "Kra Daadi": "ক্রা দাদি",
  "Koriya": "কোরিয়া",
  "Koppal": "কোপ্পাল",
  "Kondagaon": "কোনদাগাঁও",
  "Kolasib": "কোলাসিব",
  "Kolar": "কোলার",
  "Kinnaur": "কিন্নৌর",
  "Khunti": "খুনটি",
  "Khowai": "খোয়াই",
  "Khawzawl": "খাওজাওল",
  "Katni": "কাটেনি",
  "Karbi Anglong": "কারবি আংলং",
  "Karaikal": "করাইকল",
  "Kangpokpi": "কান্গপোকপি",
  "Kandhamal": "কান্ধামাল",
  "Kamle": "কামলে",
  "Kamjong": "কামজং",
  "Kakching": "কাকচিং",
  "Jorhat": "জোড়হাট",
  "Jiribam": "জিরিবাম",
  "Jhargram": "ঝাড়গ্রাম",
  "Jashpur": "যশপুর",
  "Janjgir Champa": "জনযগির চম্পা",
  "Jamui": "জামুই",
  "Hojai": "হোজায়ী",
  "Hnahthial": "হান্নাথিয়াল",
  "Hassan": "হাসান",
  "Gumla": "গুমলা",
  "Gariaband": "গরিয়াবন্দ",
  "Ganganagar": "গঙ্গানগর",
  "Gajapati": "গজপতি",
  "Farrukhabad": "ফাররুখাবাদ",
  "East Singhbhum": "পূর্ব সিংভূম",
  "East Siang": "পূর্ব সিয়াং",
  "East Kameng": "ইস্ট কামেং",
  "East Jaintia Hills": "ইস্ট জৈন্তিয়া পাহাড়",
  "East Garo Hills": "ইস্ট গারো পাহাড়ের",
  "Doda": "দোদা",
  "Diu": "দিউ",
  "Dima Hasao": "দিমা হাসাও",
  "Dibrugarh": "ডিব্রুগড়",
  "Dhemaji": "ধেমাজি",
  "Dhamtari": "ধামতরি",
  "Datia": "দাতিয়া",
  "Darrang": "দারাং",
  "Damoh": "দামোহ",
  "Daman": "দামান",
  "Dakshin Dinajpur": "দক্ষিণ দিনাজপুর",
  "Dakshin Bastar Dantewada": "দক্ষিণ বাস্তার দান্তেওয়াদা",
  "Cooch Behar": "কোচবিহার",
  "Churachandpur": "চুরাচাদপুর",
  "Chirang": "চিরাঙ্গ",
  "Chikkamagaluru": "চিক্মাঙ্গালুরু",
  "Chhatarpur": "চ্ছাত্তারপুর",
  "Chatra": "ছাত্রা",
  "Charaideo": "চারাইদেয়",
  "Changlang": "চাংগ্লাঙ",
  "Chandel": "চান্ডেল",
  "Chandauli": "চান্দাউলি",
  "Champhai": "চমফাই",
  "Champawat": "চমপাবত",
  "Chamoli": "চামোলি",
  "Chamarajanagara": "চামারাজানগর",
  "Bundi": "বুন্দি",
  "Boudh": "বোউধ",
  "Biswanath": "বিশ্বনাথ",
  "Bishnupur": "বিষ্ণুপুর",
  "Bijapur": "বিজাপুর",
  "Bastar": "বাস্তার",
  "Barpeta": "বারপেটা",
  "Bargarh": "বারগড়",
  "Bankura": "বাঁকুড়া",
  "Bemetara": "বামেতারা",
  "Baloda Bazar": "বালোদা বাজার",
  "Balod": "বালোদ",
  "Ballia": "বালীয়া",
  "Balaghat": "বালঘাট",
  "Baksa": "বাক্সা",
  "Bageshwar": "বাগেস্সর",
  "Anjaw": "আনজাও",
  "Angul": "অন্গুল",
  "Amreli": "আমরেলি",
  "Ambedkar Nagar": "আম্বেডকর নগর",
  "Alipurduar": "আলিপুরদুয়ার",
  "Weeks": "সপ্তাহ",
  "We stand with everyone fighting on the frontlines": "এই যুদ্ধক্ষেত্রে সম্মুখে দাঁড়িয়ে যারা লড়াই করছেন তাদের সবার পাশে আমরা আছি",
  "Visit state page": "রাজ্যের পেজ পরিদর্শন করুন",
  "Unknown": "অজানা",
  "Uniform": "একরূপ",
  "Total Cases": "মোট আক্রান্ত ",
  "Total": "মোট",
  "Tested chart is independent of uniform scaling": "পরীক্ষিত  তালিকার সংখ্যা  অভিন্ন মাপনী দন্ডের স্বাধীন",
  "Tested": "পরীক্ষিত",
  "state/UT": "রাজ্য / কেন্দ্রশাসিত অঞ্চল",
  "State/UT": "রাজ্য / কেন্দ্রশাসিত অঞ্চল",
  "State": "রাজ্য ",
  "Spread Trends": "সংক্রমণের প্রবণতা",
  "Shahid Bhagat Singh Nagar": "শহীদ ভগৎ সিং নগর",
  "Search your city, resources, etc": "আপনার শহর, সম্পদ, ইত্যাদি অনুসন্ধান করুন",
  "Scale Modes": "মাপদন্ডের ধরণ",
  "report": "প্রতিবেদন",
  "Recovered": "সুস্থ ",
  "per million": "প্রতি দশ লক্ষে",
  "Other State": "অন্যান্য রাজ্য ",
  "Other state": "অন্যান্য রাজ্য ",
  "Other Region": "অন্যান্য অঞ্চল",
  "Month": "মাস",
  "Map": "মানচিত্র",
  "Logarithmic": "লগারিদমিক",
  "Last updated": "শেষ সংযোজিত তথ্য অনুযায়ী",
  "know more": "আরো জানুন",
  "India": "ভারত",
  "Hover": "হাত রাখুন ",
  "Home": "হোম পেজ ",
  "for more details": "বিস্তারিত জানার জন্য",
  "Evacuees": "উদ্বাস্তু",
  "Essentials": "নিত্য প্রয়োজনীয় ",
  "District-wise numbers are under reconciliation": "জেলা- ভিতিক সংখ্যা সমন্বয়সাধনের অধিন",
  "District": "জেলা",
  "Demographics": "জনতাত্ত্বিক",
  "Deep Dive": "বিশদে বিশ্লেষণ",
  "Deceased": "মৃত",
  "Daily": "দৈনিক",
  "Dadra and Nagar Haveli and Daman and Diu": "দাদরা ও নাগার হাভেলি এবং দামান ও দিউ",
  "Cumulative": "ক্রমপুঞ্জিত",
  "Confirmed": "মোট আক্রান্ত",
  "Compiled from State Govt. numbers": "রাজ্য সরকারি তথ্য অনুযায়ী সংকলিত",
  "Checked by default to scale uniformly.": "সাধারণত সমান মাপনী ক্রমে চিহ্নিত",
  "Cases per million": "প্রতি দশ লক্ষ জনে সংক্রমিত ",
  "BSF Camp": "বিএসএফ শিবির",
  "Based on 2019 population projection by NCP": "এনসিপি-এর 2019 জনসংখ্যা অভিক্ষেপ-এর উপর ভিত্তি করে",
  "As of": "তারিখ পর্যন্ত",
  "Andaman and Nicobar Islands": "আন্দামান ও নিকোবর দ্বীপপুঞ্জ",
  "All States": "সব রাজ্য ",
  "ago": "পূর্বে",
  "Active": "সক্রিয়",
  "About": "সাইটটির সম্পর্কে জানুন",
  "A crowdsourced initiative.": "একটি জনসাধারনের উদ্যোগ",
  "Airport Quarantine": "বিমানবন্দরে পৃথকীকরণ"
}