{
  "completion_ratio": "0.99",
  "Language": "इंग्रजी",
  "State Unassigned": "",
  "District-wise {{mapOption}} numbers are under reconciliation": "जिल्हा निहाय {{mapOption}} क्रमांक सलोखा अंतर्गत आहेत",
  "Hotspots": "हॉटस्पॉट",
  "Back": "परत",
  "Join Telegram to Collaborate!": "सहयोग करण्यासाठी टेलिग्राम सामील व्हा!",
  "View updates on Twitter": "\r\nट्विटर वर अद्यतने पहा",
  "Crowdsourced Patient Database": "समुदाय आधारित रुग्णांच्या डेटाबेस",
  "Open Sourced on GitHub": "GitHub वर मिळालेल्या",
  "See more details on {{state}}": "{{state}}चि अधिक माहितीसाठी पहा",
  "tap": "दाबा",
  "{{action}} over a {{mapType}} for more details": "अधिक माहितीसाठी {{mapType}} वर {{action}}",
  "As of {{date}}": "{{date}} तारीख म्हणून",
  "Zones": "क्षेत्र",
  "Senior citizen support bangalore": "ज्येष्ठ नागरिक समर्थन बंगलोर",
  "Locations": "स्थान",
  "Groceries Chennai": "किराण्याचे दुकान चेन्नई",
  "Community Kitchen in Kerala": "केरळ मध्ये समुदाय किचन",
  "Delhi Shelter": "दिल्ली निवारा",
  "Testing Pune": "चाचणी पुणे",
  "Menu": "मेनू",
  "Close": "बंद",
  "source": "स्रोत",
  "District zones as published by MoHFW": "MoHFW प्रकाशित केलेले जिल्हा झोन",
  "Bametara": "बामेटारा",
  "India Map": "भारताचा नकाशा",
  "Yavatmal": "यवतमाळ",
  "Yamunanagar": "यमुनानगर",
  "Y.S.R. Kadapa": "Y.S.R. कडप्पा",
  "West Godavari": "पश्चिम गोदावरी",
  "West Delhi": "पश्चिम दिल्ली",
  "West Champaran": "पश्चिम चंपारण",
  "West Bengal": "पश्चिम बंगाल",
  "Wayanad": "वायनाड",
  "Washim": "वाशिम",
  "Wardha": "वर्धा",
  "Warangal Urban": "वरंगळ शहरी",
  "Vizianagaram": "विजयानगरम",
  "Visakhapatnam": "विशाखापट्टणम",
  "Virudhunagar": "विरुधुनगर",
  "Viluppuram": "विलुप्पुरम",
  "Vikarabad": "विकाराबाद",
  "Vijayapura": "विजयपुर",
  "Vidisha": "विदिशा",
  "Vellore": "वेल्लोर",
  "Varanasi": "वाराणसी",
  "Valsad": "वलसाड",
  "Vaishali": "वैशाली",
  "Vadodara": "वडोदरा",
  "Uttarakhand": "उत्तराखंड",
  "Uttara Kannada": "उत्तर कन्नडा",
  "Uttar Pradesh": "उत्तर प्रदेश",
  "Unnao": "उन्नाव",
  "Una": "उना",
  "Ujjain": "उज्जैन",
  "Udupi": "उडुपी",
  "Udhampur": "उधमपूर",
  "Udham Singh Nagar": "उधम सिंग नगर",
  "Udaipur": "उदयपूर",
  "Tumakuru": "टूमकुर",
  "Tripura": "त्रिपुरा",
  "Tonk": "टोंक",
  "Tiruvannamalai": "तीरुवन्नामलाई",
  "Tiruppur": "तीरुप्पूर ",
  "Tirupathur": "तीरुपाथूर",
  "Tirunelveli": "तिरुनेलवेली",
  "Tiruchirappalli": "तिरुचिरापल्ली",
  "Tikamgarh": "टिकमगढ",
  "Thrissur": "थ्रिसूर",
  "Thoothukkudi": "तुथूक्कुडी",
  "Thiruvarur": "तीरुवारूर",
  "Thiruvananthapuram": "तिरुवानंतपुरम",
  "Thiruvallur": "तिरुवल्लुर ",
  "Theni": "तेनी",
  "Thanjavur": "तंजावर",
  "Thane": "ठाणे",
  "Tenkasi": "टेंकासी",
  "Telangana": "तेलंगणा",
  "Tarn Taran": "तरनतारन",
  "Tapi": "तापी",
  "Tamil Nadu": "तामिळनाडू",
  "Suryapet": "सूर्यपेट",
  "Surendranagar": "सुरेंद्रनगर",
  "Surat": "सुरत",
  "Surajpur": "सूरजपुर",
  "Supaul": "सुपौल",
  "Sundargarh": "सुंदरगढ",
  "Sultanpur": "सुलतानपूर",
  "Srinagar": "श्रीनगर",
  "Srikakulam": "श्रीकाकुलम",
  "Sri Muktsar Sahib": "श्री मुक्तसर साहिब",
  "South West Delhi": "दक्षिण पश्चिम दिल्ली",
  "South Salmara Mankachar": "दक्षिण सल्मारा मन्काचर",
  "South Goa": "दक्षिण गोवा",
  "South East Delhi": "दक्षिण पूर्व दिल्ली",
  "South Delhi": "दक्षिण दिल्ली",
  "South Andaman": "दक्षिण अंदमान",
  "South 24 Parganas": "दक्षिण 24 परगणा",
  "Sonipat": "सोनीपत",
  "Solapur": "सोलापूर",
  "Solan": "सोलन",
  "Siwan": "सिवान",
  "Sivaganga": "शिवगंगा",
  "Sitapur": "सीतापूर",
  "Sitamarhi": "सीतामढी",
  "Sirsa": "सिरसा",
  "Sirohi": "सिरोही",
  "Sirmaur": "सिरमौर",
  "Sindhudurg": "सिंधुदुर्ग",
  "Simdega": "सिमडेगा",
  "Sikkim": "सिक्कीम",
  "Sikar": "सिकर",
  "Siddipet": "सिद्दीपेट",
  "Siddharthnagar": "सिद्धार्थनगर",
  "Shrawasti": "श्रावस्ती",
  "Shopiyan": "शोपियन",
  "Shivpuri": "शिवपुरी",
  "Shimla": "शिमला",
  "Sheopur": "शेवपुर",
  "Sheohar": "शिवहर",
  "Sheikhpura": "शेखपुरा",
  "Shamli": "शामली",
  "Shajapur": "शाजापुर",
  "Shahjahanpur": "शाहजहानपुर",
  "Shahdol": "शाहदोल",
  "Shahdara": "शाहदरा",
  "Sehore": "सिहोर",
  "Sawai Madhopur": "सवाई माधोपूर",
  "Satna": "सतना",
  "Satara": "सातारा",
  "Saran": "सारण",
  "Sant Kabir Nagar": "संत कबीर नगर",
  "Sangrur": "संगरुर",
  "Sangli": "सांगली",
  "Sangareddy": "संगारेड्डी",
  "Sambhal": "संभळ",
  "Samba": "साम्बा",
  "Samastipur": "समस्तीपूर",
  "Salem": "सालेम",
  "Saharsa": "सहरसा",
  "Saharanpur": "सहारणपूर",
  "Sagar": "सागर",
  "Sabarkantha": "साबरकांठा",
  "S.P.S. Nellore": "S.P.S. नेल्लोर",
  "S.A.S. Nagar": "S.A.S. नगर",
  "Rupnagar": "रुपनगर",
  "Rohtas": "रोहतास",
  "Rohtak": "रोहतक",
  "Rewari": "रेवारी",
  "Rewa": "रेवा",
  "Reasi": "रियासी",
  "Ratnagiri": "रत्नागिरी ",
  "Ratlam": "रतलाम",
  "Ranipet": "रानिपेट",
  "Ranga Reddy": "रंगा रेड्डी",
  "Ranchi": "रांची",
  "Rampur": "रामपूर",
  "Ramban": "रामबन",
  "Ramanathapuram": "रामनाथपुरम",
  "Rajsamand": "राजसमंद",
  "Rajouri": "राजौरी",
  "Rajnandgaon": "राजनांदगाव",
  "Rajkot": "राजकोट",
  "Rajgarh": "राजगड",
  "Rajasthan": "राजस्थान",
  "Rajanna Sircilla": "राजण्णा सिर्सिल्ला",
  "Raisen": "रायसेन",
  "Raipur": "रायपूर",
  "Raigad": "रायगड",
  "Rae Bareli": "रायबरेली",
  "Purnia": "पूर्णिया",
  "Puri": "पुरी",
  "Purba Medinipur": "पूर्व मेदिनिपूर",
  "Purba Bardhaman": "पूर्व वर्धमान",
  "Punjab": "पंजाब",
  "Pune": "पुणे",
  "Pulwama": "पुलवामा",
  "Pudukkottai": "पदुकोट्टाई",
  "Puducherry": "पुडुचेरी",
  "Prayagraj": "प्रयागराज",
  "Pratapgarh": "प्रतापगड",
  "Prakasam": "प्रकाशम",
  "Porbandar": "पोरबंदर",
  "Pilibhit": "पिलभीत",
  "Perambalur": "पेरामबलुर",
  "Peddapalli": "पेद्दापल्ली",
  "Pauri Garhwal": "पावरी गढवाल",
  "Patna": "पाटणा",
  "Patiala": "पतियाळा",
  "Pathankot": "पठाणकोट",
  "Pathanamthitta": "पतनामतिट्ट",
  "Patan": "पाटण",
  "Paschim Medinipur": "पश्चिम मेदिनिपूर",
  "Paschim Bardhaman": "पश्चिम वर्धमान",
  "Parbhani": "परभणी",
  "Panna": "पन्ना",
  "Panipat": "पानिपत",
  "Panchmahal": "पंचमहल",
  "Panchkula": "पंचकुला",
  "Palwal": "पलवाल",
  "Pali": "पाली",
  "Palghar": "पालघर",
  "Palamu": "पलामू",
  "Palakkad": "पलक्कड",
  "Osmanabad": "उस्मानाबाद",
  "Odisha": "ओडिसा",
  "Nuh": "नूह",
  "North West Delhi": "उत्तर पश्चिम दिल्ली",
  "North Tripura": "उत्तर त्रिपुरा",
  "North Goa": "उत्तर गोवा",
  "North East Delhi": "उत्तर पूर्व दिल्ली",
  "North Delhi": "उत्तर दिल्ली",
  "North and Middle Andaman": "उत्तर आणि मध्य अंदमान",
  "North 24 Parganas": "उत्तर 24 परगणा",
  "Nizamabad": "निजामाबाद",
  "Nirmal": "निर्मल",
  "Nilgiris": "नीलगिरि",
  "New Delhi": "नवी दिल्ली",
  "Neemuch": "निमूच",
  "Nayagarh": "नयागढ",
  "Nawada": "नवादा",
  "Navsari": "नवसारी",
  "Nashik": "नाशिक",
  "Narmada": "नर्मदा",
  "Narayanpet": "नारायणपेट",
  "Nandurbar": "नंदुरबार",
  "Nanded": "नांदेड",
  "Namakkal": "नामक्कल",
  "Nalgonda": "नालगोंडा",
  "Nalbari": "नलबारी",
  "Nalanda": "नालंदा",
  "Nainital": "नैनिताल",
  "Nagpur": "नागपूर",
  "Nagaur": "नागौर",
  "Nagarkurnool": "नगरकुर्नुल",
  "Nagapattinam": "नागपत्तीनम",
  "Nagaland": "नागालँड",
  "Nadia": "नादिया",
  "Mysuru": "मैसूर",
  "Muzaffarpur": "मुझफ्फरपूर",
  "Muzaffarnagar": "मुझफ्फरनगर",
  "Murshidabad": "मुर्शिदाबाद",
  "Munger": "मुंगेर",
  "Mumbai Suburban": "मुंबई उपनगर",
  "Mumbai": "मुंबई",
  "Mulugu": "मुळूगू",
  "Morigaon": "मोरीगाव",
  "Morena": "मोरेना",
  "Morbi": "मोरबी",
  "Moradabad": "मुरादाबाद",
  "Moga": "मोगा",
  "Mizoram": "मिझोराम",
  "Mirzapur": "मिर्झापूर",
  "Mehsana": "मेहसाणा",
  "Meghalaya": "मेघालय",
  "Meerut": "मेरठ",
  "Medchal Malkajgiri": "मेद्चल मलकाजगिरी",
  "Medak": "मेडक",
  "Mayurbhanj": "मयूरभंज",
  "Mau": "माऊ",
  "Mathura": "मथुरा",
  "Mansa": "मानसा",
  "Manipur": "मणिपूर",
  "Mandya": "मंड्या",
  "Mandsaur": "मंदसौर",
  "Mandi": "मंडी",
  "Mancherial": "मंचेरीयल",
  "Malda": "मालदा",
  "Malappuram": "मलप्पुरम",
  "Mainpuri": "मैनपुरी",
  "Mahoba": "महोबा",
  "Mahisagar": "माहीसागर ",
  "Mahendragarh": "महेन्द्रगढ",
  "Mahe": "माहे",
  "Maharashtra": "महाराष्ट्र",
  "Maharajganj": "महाराजगंज",
  "Mahabubnagar": "मेहबूबनगर",
  "Mahabubabad": "महबुबाबाद",
  "Madurai": "मदुराई ",
  "Madhya Pradesh": "मध्यप्रदेश",
  "Madhubani": "मधुबनी",
  "Madhepura": "माधेपुरा",
  "Ludhiana": "लुधियाना",
  "Lucknow": "लखनौ",
  "Lohit": "लोहित",
  "Leh": "लेह",
  "Latur": "लातूर",
  "Lakshadweep": "लक्षद्वीप",
  "Lakhisarai": "लखीसराई",
  "Lakhimpur Kheri": "लखीमपूर खेरी",
  "Lakhimpur": "लखीमपूर",
  "Ladakh": "लडाख",
  "Kutch": "कच्छ",
  "Kushinagar": "कुशीनगर",
  "Kurukshetra": "कुरुक्षेत्र",
  "Kurnool": "कुर्नुल",
  "Kupwara": "कुपवाडा",
  "Kulgam": "कुलगाम",
  "Krishnagiri": "कृष्णगिरी",
  "Krishna": "कृष्णा",
  "Kozhikode": "कोझिकोडे",
  "Kottayam": "कोट्टायम",
  "Kota": "कोटा",
  "Korba": "कोरबा",
  "Koraput": "कोरापूत",
  "Komaram Bheem": "कोमरम भीम",
  "Kollam": "कोल्लम",
  "Kolkata": "कोलकाता",
  "Kolhapur": "कोल्हापूर",
  "Kokrajhar": "कोक्राझार",
  "Koderma": "कोडरमा",
  "Kodagu": "कोडागु",
  "Kishtwar": "किश्तवार",
  "Kishanganj": "किशनगंज",
  "Khordha": "खोरधा",
  "Kheda": "खेडा",
  "Khargone": "खरगोन",
  "Khandwa": "खांडवा",
  "Khammam": "खम्मम",
  "Khagaria": "खागरीया",
  "Kerala": "केरळा",
  "Kendujhar": "केंदुझार",
  "Kendrapara": "केंद्रपाडा",
  "Kaushambi": "कौशंबी",
  "Katihar": "कटिहार",
  "Kathua": "कथुआ",
  "Kasganj": "कासगंज",
  "Kasaragod": "कासरगोड",
  "Karur": "करूर",
  "Karnataka": "कर्नाटक",
  "Karnal": "कर्नाल",
  "Karimnagar": "करीमनगर",
  "Karimganj": "करीमगंज",
  "Kargil": "कारगिल",
  "Karauli": "करौली",
  "Kapurthala": "कापूरतळा",
  "Kanyakumari": "कन्याकुमारी",
  "Kanpur Nagar": "कानपूर नगर",
  "Kanpur Dehat": "कानपूर ग्रामीण",
  "Kannur": "कन्नूर",
  "Kannauj": "कनोज",
  "Kangra": "कांगडा",
  "Kancheepuram": "कांचीपुरम",
  "Kamrup Metropolitan": "कामरूप महानगर",
  "Kamrup": "कामरूप",
  "Kamareddy": "कामारेड्डी",
  "Kallakurichi": "कल्लाकुरीची",
  "Kalimpong": "कलिपोंग",
  "Kalahandi": "कालाहंडी",
  "Kalaburagi": "कलबुर्गी",
  "Kaithal": "कैथल",
  "Kaimur": "कैमूर",
  "Kabeerdham": "कबीरधाम",
  "Junagadh": "जुनागड",
  "Jogulamba Gadwal": "जोगुलाम बा गढवाल",
  "Jodhpur": "जोधपूर",
  "Jind": "जिंद",
  "Jhunjhunu": "झुनझुनू",
  "Jharsuguda": "झारसुगुडा",
  "Jharkhand": "झारखंड",
  "Jhansi": "झाशी",
  "Jhalawar": "झालवड",
  "Jhajjar": "झज्जर",
  "Jhabua": "झाबुआ",
  "Jehanabad": "जेहानाबाद",
  "Jayashankar Bhupalapally": "जयशंकर भूपाळपल्ली",
  "Jaunpur": "जौनपुर",
  "Jangaon": "जनगांव",
  "Jamtara": "जमतारा",
  "Jamnagar": "जामनगर",
  "Jammu and Kashmir": "जम्मू आणि काश्मीर",
  "Jammu": "जम्मू",
  "Jalpaiguri": "जलपायगुडी",
  "Jalore": "जालोर",
  "Jalna": "जालना",
  "Jalgaon": "जळगाव",
  "Jalaun": "जलौन",
  "Jalandhar": "जालंधर",
  "Jajpur": "जाजपूर",
  "Jaisalmer": "जैसलमेर",
  "Jaipur": "जयपूर",
  "Jagtial": "जगतियाल",
  "Jagatsinghpur": "जगतसिंघपूर",
  "Jabalpur": "जबलपुर",
  "Italians": "इटालियन",
  "Indore": "इंदोर",
  "Imphal West": "इम्फाळ पश्चिम",
  "Imphal East": "इम्फाल पूर्व",
  "Idukki": "इदुक्की",
  "Hyderabad": "हैदराबाद",
  "Howrah": "हावडा",
  "Hoshiarpur": "होशियारपूर",
  "Hoshangabad": "होशंगाबाद",
  "Hooghly": "हुगळी",
  "Hisar": "हिसार",
  "Hingoli": "हिंगोली",
  "Himachal Pradesh": "हिमाचल प्रदेश",
  "Hazaribagh": "हजारीबाग",
  "Haveri": "हावेरी",
  "Hathras": "हथरस",
  "Haryana": "हरियाणा",
  "Haridwar": "हरिद्वार",
  "Hardoi": "हरदोई",
  "Harda": "हरदा",
  "Hapur": "हापूर",
  "Hanumangarh": "हनुमानगढ",
  "Hamirpur": "गोमती",
  "Hailakandi": "हैलाकंडी",
  "Gwalior": "ग्वाल्हेर",
  "Gurugram": "गुरूग्राम",
  "Gurdaspur": "गुरुदासपूर",
  "Guntur": "गुंटूर",
  "Guna": "गुना",
  "Gujarat": "गुजरात",
  "Gorakhpur": "गोरखपुर",
  "Gopalganj": "गोपालगंज",
  "Gondia": "गोंधीया ",
  "Gonda": "गोंडा",
  "Gomati": "गोमती",
  "Golaghat": "गोलाघाट",
  "Godda": "गोड्डा",
  "Goalpara": "गोलपारा",
  "Goa": "गोवा",
  "Giridih": "गिरीदीह",
  "Gir Somnath": "गिर सोमनाथ",
  "Ghazipur": "गाझीपूर",
  "Ghaziabad": "गाझियाबाद",
  "Gaya": "गया",
  "Gautam Buddha Nagar": "गौतम बुद्ध नगर",
  "Garhwa": "गढवा",
  "Ganjam": "गंजम",
  "Gandhinagar": "गांधीनगर",
  "Ganderbal": "गंदेरबल",
  "Gadchiroli": "गडचिरोली",
  "Gadag": "गदग",
  "Firozabad": "फिरोझाबाद",
  "Ferozepur": "फिरोजपुर",
  "Fazilka": "फाझीलका",
  "Fatehpur": "फतेहपूर",
  "Fatehgarh Sahib": "फतेहगड साहिब",
  "Fatehabad": "फातेह्बाद",
  "Faridkot": "फरीदकोट",
  "Faridabad": "फरिदाबाद",
  "Etawah": "इटावा",
  "Etah": "इटाह",
  "Erode": "इरोड",
  "Ernakulam": "एर्नाकुलम",
  "East Khasi Hills": "पूर्व खासी हिल्स",
  "East Godavari": "पूर्व गोदावरी",
  "East Delhi": "पूर्व दिल्ली",
  "East Champaran": "पूर्व चंपारण्य",
  "Durg": "दुर्ग",
  "Dungarpur": "डुंगरपूर",
  "Dumka": "दुमका",
  "Dindori": "दिंडोरी",
  "Dindigul": "दिन्डीगूल",
  "Dhule": "धुळे",
  "Dhubri": "धुबरी",
  "Dholpur": "धोलपूर",
  "Dhenkanal": "धेनकनाल",
  "Dharwad": "धारवाड",
  "Dharmapuri": "धर्मपुरी",
  "Dhar": "धार",
  "Dhanbad": "धनबाद",
  "Dhalai": "धलाई",
  "Dewas": "देवास",
  "Devbhumi Dwarka": "देवभूमी द्वारका",
  "Deoria": "देवरिया",
  "Deoghar": "देवघर",
  "Deogarh": "देवगड",
  "Delhi": "दिल्ली",
  "Dehradun": "डेहराडून",
  "Davanagere": "दावणगिरी",
  "Dausa": "दौसा",
  "Darjeeling": "दार्जिलिंग",
  "Darbhanga": "दरभंगा",
  "Dang": "डांग",
  "Daman and Diu": "दमण आणि दीव",
  "Dakshina Kannada": "दक्षिणा कन्नडा",
  "Dahod": "दाहोड",
  "Dadra and Nagar Haveli": "दादरा आणि नगर हवेली",
  "Cuttack": "कटक",
  "Cuddalore": "कद्दालोर",
  "Coimbatore": "कोईमतूर",
  "Churu": "चुरू",
  "Chittorgarh": "चित्तोडगड",
  "Chittoor": "चित्तूर",
  "Chitrakoot": "चित्रकूट",
  "Chitradurga": "चित्रदुर्ग",
  "Chikkaballapura": "चिक्कबल्लपुरा",
  "Chhota Udaipur": "छोटा उदयपूर",
  "Chhindwara": "छिंदवाडा",
  "Chhattisgarh": "छत्तीसगड",
  "Chennai": "चेन्नई",
  "Chengalpattu": "चेंगलपट्टु",
  "Charkhi Dadri": "चरखी दादरी",
  "Chandrapur": "चंद्रपूर",
  "Chandigarh": "चंदीगड",
  "Chamba": "चंबा ",
  "Central Delhi": "मध्य दिल्ली",
  "Cachar": "कचार",
  "Buxar": "बक्सर",
  "Burhanpur": "बुर्हाणपूर",
  "Buldhana": "बुलढाणा",
  "Bulandshahr": "बुलंदशहर",
  "Budgam": "बडगाम",
  "Budaun": "बुडाउन",
  "Botad": "बोताड",
  "Bongaigaon": "बोंगाईगाव",
  "Bokaro": "बोकारो",
  "Birbhum": "बीरभूम",
  "Bilaspur": "बिलासपूर",
  "Bikaner": "बिकानेर",
  "Bijnor": "बिजनौर:",
  "Bihar": "बिहार",
  "Bidar": "बिदर",
  "Bhopal": "भोपाळ",
  "Bhojpur": "भोजपूर",
  "Bhiwani": "भिवानी",
  "Bhind": "भिंड",
  "Bhilwara": "भिलवाडा",
  "Bhavnagar": "भावनगर",
  "Bharuch": "भरूच",
  "Bharatpur": "भरतपूर",
  "Bhandara": "भंडारा",
  "Bhagalpur": "भागलपूर",
  "Bhadrak": "भद्रक",
  "Bhadradri Kothagudem": "भद्राद्री कोठागुदेम",
  "Bhadohi": "भदोही",
  "Betul": "बैतुल",
  "Bengaluru Urban": "बंगळुरू शहरी",
  "Bengaluru Rural": "बंगळुरू ग्रामीण",
  "Belagavi": "बेळगाव",
  "Begusarai": "बेगुसराय",
  "Beginning": "सुरुवात",
  "Beed": "बीड",
  "Bathinda": "भटिंडा",
  "Basti": "बस्ती",
  "Barwani": "बडवाणी",
  "Barnala": "बर्नाला",
  "Barmer": "बारमेर",
  "Bareilly": "बरेली",
  "Baran": "बरान",
  "Baramulla": "बारामुल्ला",
  "Barabanki": "बाराबंकी",
  "Banswara": "बांसवाडा",
  "Banka": "बांका",
  "Bandipora": "बंदीपोरा",
  "Banda": "बांदा",
  "Banaskantha": "बनासकांठा",
  "Balrampur": "बलरामपूर",
  "Ballari": "बेल्लारी",
  "Balasore": "बालासोर",
  "Balangir": "बालांगीर",
  "Bahraich": "बहराईच",
  "Baghpat": "बागपत",
  "Bagalkote": "बागलकोट",
  "Azamgarh": "आझमगड",
  "Ayodhya": "अयोध्या",
  "Aurangabad": "औरंगाबाद",
  "Auraiya": "औरैया",
  "Assam": "आसाम",
  "Ashoknagar": "अशोकनगर",
  "Arwal": "अर्वाल",
  "Arunachal Pradesh": "अरुणाचल प्रदेश",
  "Ariyalur": "अरीयालूर",
  "Aravalli": "अरावली",
  "Araria": "अररिया",
  "Anuppur": "अनुप्पूर",
  "Andhra Pradesh": "आंध्र प्रदेश",
  "Anantnag": "अनंतनाग",
  "Anantapur": "अनंतपूर",
  "Anand": "आनंद",
  "Amroha": "अमरोहा",
  "Amritsar": "अमृतसर",
  "Amravati": "अमरावती",
  "Amethi": "अमेठी",
  "Ambala": "अंबाला",
  "Alwar": "अलवार",
  "Almora": "अल्मोरा",
  "Alirajpur": "अलीराजपूर",
  "Aligarh": "अलिगढ",
  "Alappuzha": "अलप्पुझा",
  "Akola": "अकोला",
  "Ajmer": "अजमेर",
  "Aizawl": "ऐईझवळ",
  "Ahmednagar": "अहमदनगर",
  "Ahmedabad": "अहमदाबाद",
  "Agra": "आग्रा",
  "Agar Malwa": "आगर माळवा",
  "Adilabad": "आंध्र प्रदेश ",
  "Yanam": "यानम",
  "Yadgir": "यादगीर",
  "Yadadri Bhuvanagiri": "यादादरी भुवनगिरी",
  "West Tripura": "त्रिपुरा",
  "West Singhbhum": "वेस्ट सिंघभूम",
  "West Siang": "पश्चिम सियांग",
  "West Khasi Hills": "पश्चिम खासी हिल्स",
  "West Karbi Anglong": "वेस्ट कार्बी अंगलॉंग",
  "West Kameng": "वेस्ट कामेंग",
  "West Jaintia Hills": "वेस्ट जैंतिया हिल्स",
  "West Garo Hills": "वेस्ट गारो हिल्स",
  "Warangal Rural": "वारंगल ग्रामीण",
  "Wanaparthy": "वनपर्थय",
  "Uttarkashi": "उत्तरकाशी",
  "Uttar Dinajpur": "उत्तर दिनाजपूर",
  "Uttar Bastar Kanker": "उत्तर बस्तर कांकेर",
  "Upper Subansiri": "उप्पर सुबांशिरी",
  "Upper Siang": "उच्च सियांग",
  "Upper Dibang Valley": "उच्च दिबांग व्हॅली",
  "Unokoti": "उनोकोटी",
  "Umaria": "उमरिया",
  "Ukhrul": "उखरूल",
  "Udalguri": "उदालगुरी",
  "Tirap": "तिरपा",
  "Tinsukia": "तिनसुकिया",
  "Thoubal": "थॉबल",
  "Tengnoupal": "टेंगनोपल",
  "Tehri Garhwal": "टिहरी गढवाल",
  "Tawang": "तवांग",
  "Tamenglong": "टामेंगलोन्ग",
  "Surguja": "सुरगुजा",
  "Sukma": "सुकमा",
  "Subarnapur": "सुबर्नपूर",
  "South West Khasi Hills": "दक्षिण पश्चिम खासी हिल्स",
  "South West Garo Hills": "दक्षिण पश्चिम गारो हिल्स",
  "South Tripura": "दक्षिण त्रिपुरा",
  "South Garo Hills": "दक्षिण गारो हिल्स",
  "Sonitpur": "सोनितपूर",
  "Sonbhadra": "सोनभद्र",
  "Sivasagar": "शिवसागर",
  "Sipahijala": "सिपाहीजेला",
  "Singrauli": "सिंगरौली",
  "Sidhi": "सिधी",
  "Siang": "सियांग",
  "Shivamogga": "शिवमोग्गा",
  "Shi Yomi": "शी योमी",
  "Serchhip": "सेर्च्चीप",
  "Seoni": "सेवोनि",
  "Senapati": "सेनापती",
  "Saraikela-Kharsawan": "सरैकेला-खरसावं",
  "Sambalpur": "संबलपूर",
  "Saitual": "सैतुअल",
  "Saiha": "सैहा",
  "Sahibganj": "साहिबगंज",
  "Rudraprayag": "रुद्रप्रयाग",
  "Ribhoi": "रिभोई",
  "Rayagada": "रायगड",
  "Ramgarh": "रामगड",
  "Ramanagara": "रामनगर",
  "Raigarh": "रायगड",
  "Raichur": "रायचूर",
  "Purulia": "पुरुलिया",
  "Punch": "पंच",
  "Pithoragarh": "पिठोरागर्ह",
  "Pherzawl": "फेरजवळ",
  "Papum Pare": "पापम परे",
  "Pakur": "पाकूर",
  "Pakke Kessang": "पक्के केससंग",
  "Nuapada": "नऊपाडा",
  "North Garo Hills": "उत्तर गारो हिल्स",
  "Noney": "नोनी",
  "Niwari": "निवारी",
  "Nicobars": "निकोबार",
  "Narsinghpur": "नरसिंगपूर",
  "Narayanpur": "नारायणपूर",
  "Namsai": "नामसाई",
  "Nagaon": "नागांव",
  "Nabarangapur": "नंबरांगापूर",
  "Muzaffarabad": "मुजफ्फराबाद",
  "Mungeli": "मुंगेली",
  "Mirpur": "मिरपूर",
  "Mandla": "मांडला",
  "Mamit": "मामीत",
  "Malkangiri": "मालकानगिरी",
  "Majuli": "माजुली",
  "Mahasamund": "महासमुंद",
  "Lunglei": "लुंगलाई",
  "Lower Subansiri": "लोवेरा सुबांशिरी",
  "Lower Siang": "लोअर सियांग",
  "Lower Dibang Valley": "लोअर दिबांग व्हॅली",
  "Longding": "लॉंगडींग",
  "Lohardaga": "लोहारडगा",
  "Lepa Rada": "लेप राडा",
  "Lawngtlai": "लवन्गतलॆ",
  "Latehar": "लातेहार",
  "Lalitpur": "ललितपूर",
  "Lahaul and Spiti": "लाहौल आणि स्पिति जिल्हा",
  "Kurung Kumey": "कुरुंग कुमेय",
  "Kullu": "कुल्लू",
  "Kra Daadi": "करा दांडी",
  "Koriya": "कोरिया",
  "Koppal": "कोप्पल",
  "Kondagaon": "कोंडगाव",
  "Kolasib": "कोलासीब",
  "Kolar": "कोलार",
  "Kinnaur": "किन्नौर",
  "Khunti": "खुंती",
  "Khowai": "खोवाई",
  "Khawzawl": "खवझवल",
  "Katni": "कटनी",
  "Karbi Anglong": "कार्बी अंगलॉंग",
  "Karaikal": "कारिकल",
  "Kangpokpi": "कांगपोकपि",
  "Kandhamal": "कंधमाल",
  "Kamle": "कमळे",
  "Kamjong": "कमजोन्ग",
  "Kakching": "काकचिंग",
  "Jorhat": "जोरहाट",
  "Jiribam": "जिरीबां",
  "Jhargram": "झारग्राम",
  "Jashpur": "जशपूर",
  "Janjgir Champa": "जांजगीर चंपा",
  "Jamui": "जमुई",
  "Hojai": "होजई",
  "Hnahthial": "हनःथील",
  "Hassan": "हसन",
  "Gumla": "गुमला",
  "Gariaband": "ग्रिअबंद",
  "Ganganagar": "गंगानगर",
  "Gajapati": "गजपती",
  "Farrukhabad": "फर्रुखबड",
  "East Singhbhum": "पूर्व सिंघभूम ",
  "East Siang": "पूर्व सियांग",
  "East Kameng": "पूर्व कामेंग",
  "East Jaintia Hills": "पूर्व जैंतिया हिल्स",
  "East Garo Hills": "पूर्व गारो हिल्स",
  "Doda": "दोडा",
  "Diu": "दीव",
  "Dima Hasao": "डिम हसतो",
  "Dibrugarh": "दिब्रुगर्ह",
  "Dhemaji": "धेमाजी",
  "Dhamtari": "धाम्तरी",
  "Datia": "दातिया",
  "Darrang": "दररांगः",
  "Damoh": "दमोह",
  "Daman": "दमण",
  "Dakshin Dinajpur": "दक्षिण दिनाजपूर",
  "Dakshin Bastar Dantewada": "दक्षिण बस्तर दंतेवाडा",
  "Cooch Behar": "कूच बिहार",
  "Churachandpur": "चुराचांदपूर",
  "Chirang": "चिरांग",
  "Chikkamagaluru": "चिक्कमंगळुरु",
  "Chhatarpur": "छतरपूर",
  "Chatra": "छात्र",
  "Charaideo": "चारेडिओ",
  "Changlang": "चांगलांग",
  "Chandel": "चंदेल",
  "Chandauli": "चंदौली",
  "Champhai": "चंफई",
  "Champawat": "चॅम्पवत",
  "Chamoli": "चमोली",
  "Chamarajanagara": "चामराजनगर",
  "Bundi": "बुंदी",
  "Boudh": "बौद्ध",
  "Biswanath": "बिश्वनाथ",
  "Bishnupur": "बिष्णुपूर",
  "Bijapur": "विजापूर",
  "Bastar": "बस्तर",
  "Barpeta": "बारपेटा",
  "Bargarh": "बारगर्ह",
  "Bankura": "बांकुरा",
  "Bemetara": "बामेटारा",
  "Baloda Bazar": "बालोदा बाजार",
  "Balod": "बालोद",
  "Ballia": "बलिया",
  "Balaghat": "बालाघाट",
  "Baksa": "बक्सा",
  "Bageshwar": "बागेश्वर",
  "Anjaw": "अंजाव",
  "Angul": "अंगुल",
  "Amreli": "अमरेली",
  "Ambedkar Nagar": "आंबेडकर नगर",
  "Alipurduar": "अलीपुरद्वार",
  "Weeks": "आठवडे",
  "We stand with everyone fighting on the frontlines": "आम्ही ह्या युद्धातील सैनिकांच्या पाठीशी उभे आहोत.",
  "Visit state page": "राज्याची माहिती पहा ",
  "Unknown": "अज्ञात",
  "Uniform": "एकसमान",
  "Total Cases": "एकूण रुग्ण",
  "Total": "एकूण",
  "Tested chart is independent of uniform scaling": "चाचणी तक्त्यामध्ये एकसमान प्रमाण नाही.",
  "Tested": "तपासणी",
  "state/UT": "राज्य / केंद्रशासित प्रदेश",
  "State/UT": "राज्य / केंद्रशासित प्रदेश",
  "State": "राज्य",
  "Spread Trends": "प्रसार आलेख",
  "Shahid Bhagat Singh Nagar": "शाहिद भगतसिंग नगर",
  "Search your city, resources, etc": "आपले शहर, संसाधने, इत्यादी  शोधा",
  "Scale Modes": "स्केल मोड",
  "report": "अहवाल",
  "Recovered": "बरे झालेले",
  "per million": "प्रति दशलक्ष",
  "Other State": "इतर राज्य",
  "Other state": "इतर राज्य",
  "Other Region": "इतर क्षेत्र",
  "Month": "महिना",
  "Map": "नकाशा",
  "Logarithmic": "लॉगेरिदमिक ",
  "Last updated": "अंतिम माहिती मिळाल्याची वेळ",
  "know more": "अधिक जाणून घ्या ",
  "India": "भारत",
  "Hover": "फिरवा",
  "Home": "मुख्यपृष्ठ",
  "for more details": "अधिक माहितीसाठी",
  "Evacuees": "विस्थापित",
  "Essentials": "अत्यावश्यक सेवा",
  "District-wise numbers are under reconciliation": "जिल्हानिहाय आकडे अजून अंतिम झालेले नाहीत.",
  "District": "जिल्हा",
  "Demographics": "लोकसंख्याशास्त्र",
  "Deep Dive": "अधिक विश्लेषण",
  "Deceased": "मृत्यू",
  "Daily": "प्रतिदिन",
  "Dadra and Nagar Haveli and Daman and Diu": "दादरा व नगर हवेली आणि दमण आणि दीव",
  "Cumulative": "एकूण",
  "Confirmed": "बाधित",
  "Compiled from State Govt. numbers": "राज्यशासनाच्या आकड्यांवरून घेतलेले.",
  "Checked by default to scale uniformly.": "समान प्रमाणात दाखविण्यासाठी आधीच निवडलेला पर्याय",
  "Cases per million": "प्रति दशलक्ष रुग्ण",
  "BSF Camp": "सीमा सुरक्षा दलाचे (BSF) कॅम्प",
  "Based on 2019 population projection by NCP": "राष्ट्रीय लोकसंख्या आयोगाच्या २०१९ च्या लोकसंख्येच्या अंदाजावर आधारीत.",
  "As of": "आतापर्यंत",
  "Andaman and Nicobar Islands": "अंदमान आणि निकोबार",
  "All States": "सर्व राज्ये",
  "ago": "पूर्वी",
  "Active": "सक्रिय",
  "About": "विषयक",
  "A crowdsourced initiative.": "लोकसहभागातून केलेला उपक्रम",
  "Airport Quarantine": "विमानतळावर विलग्नवास"
}