{
  "completion_ratio": "0.99",
  "Language": "மொழி. மொழி",
  "State Unassigned": "",
  "District-wise {{mapOption}} numbers are under reconciliation": "மாவட்ட வாரியாக {{mapOption}} எண்கள் சமரசம் கீழ்",
  "Hotspots": "ஆபத்துப்பகுதிகள்",
  "Back": "மீண்டும்",
  "Join Telegram to Collaborate!": "கூட்டுப்பனியாளர்கள் தந்தி மூலமாக சேர!",
  "View updates on Twitter": "ட்விட்டர் மீதான அறிவிப்புகளைத் தொடர்ந்து காண்க",
  "Crowdsourced Patient Database": "Crowdsourced நோயாளி டேட்டாபேஸ்",
  "Open Sourced on GitHub": "GitHub இல் தயாரிக்கப்படுகிறது திறந்த",
  "See more details on {{state}}": "விரிவான தகவலைப் பார்க்கவும் {{state}}",
  "tap": "குழாய் ",
  "{{action}} over a {{mapType}} for more details": "மேலும் விவரங்களுக்கு {{action}} மீது ஒரு {{mapType}}",
  "As of {{date}}": "As of {{date}}",
  "Zones": "மண்டலங்கள்",
  "Senior citizen support bangalore": "மூத்த குடிமக்களுக்கான ஆதரவு பெங்களூர்",
  "Locations": "இடங்கள் ",
  "Groceries Chennai": "மளிகை சென்னை",
  "Community Kitchen in Kerala": "கேரளாவில் சமூக சமையலறை",
  "Delhi Shelter": "தில்லி தங்குமிடம்",
  "Testing Pune": "சோதனை புனே",
  "Menu": "பட்டி",
  "Close": "மூடு",
  "source": "ஆதாரம்",
  "District zones as published by MoHFW": "MoHFW மூலம் வெளியிடப்பட்ட மாவட்ட மண்டலங்கள்",
  "Bametara": "பமெத்ரா",
  "India Map": "இந்திய வரைபடம்",
  "Yavatmal": "யாவத்மால்",
  "Yamunanagar": "யமுனா நகர்",
  "Y.S.R. Kadapa": "Y.S.R. கடப்பா",
  "West Godavari": "மேற்கு கோதாவரி",
  "West Delhi": "மேற்கு தில்லி",
  "West Champaran": "மேற்கு சம்பரன்",
  "West Bengal": "மேற்கு வங்காளம்",
  "Wayanad": "வயநாடு",
  "Washim": "வாஷிம்",
  "Wardha": "வார்தா",
  "Warangal Urban": "வாரங்கல் நகர்",
  "Vizianagaram": "விஜயநகரம்",
  "Visakhapatnam": "விசாகப்பட்டினம்",
  "Virudhunagar": "விருதுநகர்",
  "Viluppuram": "விழுப்புரம்",
  "Vikarabad": "விக்ரபாத்",
  "Vijayapura": "விஜயபுரா",
  "Vidisha": "விதிஷா",
  "Vellore": "வேலூர்",
  "Varanasi": "வாரணாசி",
  "Valsad": "வால்சட்",
  "Vaishali": "வைசாலி",
  "Vadodara": "வதோதரா",
  "Uttarakhand": "உத்தரகண்ட்",
  "Uttara Kannada": "உத்தர கன்னட",
  "Uttar Pradesh": "உத்திரப் பிரதேசம்",
  "Unnao": "உன்னாவோ",
  "Una": "உணா",
  "Ujjain": "உஜ்ஜைன்",
  "Udupi": "உடுப்பி",
  "Udhampur": "உதம்பூர்",
  "Udham Singh Nagar": "உதம் சிங் நகர்",
  "Udaipur": "உதய்பூர்",
  "Tumakuru": "துமகுரு",
  "Tripura": "திரிபுரா",
  "Tonk": "டோங்க்",
  "Tiruvannamalai": "திருவண்ணாமலை",
  "Tiruppur": "திருப்பூர்",
  "Tirupathur": "திருப்பத்தூர் ",
  "Tirunelveli": "திருநெல்வேலி",
  "Tiruchirappalli": "திருச்சிராப்பள்ளி",
  "Tikamgarh": "திகம்கரா",
  "Thrissur": "திருச்சூர்",
  "Thoothukkudi": "தூத்துக்குடி",
  "Thiruvarur": "திருவாரூர்",
  "Thiruvananthapuram": "திருவனந்தபுரம்",
  "Thiruvallur": "திருவள்ளூர்",
  "Theni": "தேனி ",
  "Thanjavur": "தஞ்சாவூர்",
  "Thane": "தானே",
  "Tenkasi": "தென்காசி",
  "Telangana": "தெலுங்கானா",
  "Tarn Taran": "தார் தரன்",
  "Tapi": "தாபி",
  "Tamil Nadu": "தமிழ்நாடு",
  "Suryapet": "சூரியாபெட்",
  "Surendranagar": "சுரேந்தரநகர்",
  "Surat": "சூரத்",
  "Surajpur": "சுர்ஜ்பூர்",
  "Supaul": "சுபால்",
  "Sundargarh": "சுந்தர்கர்",
  "Sultanpur": "சுல்தான்பூர்",
  "Srinagar": "ஸ்ரீநகர்",
  "Srikakulam": "ஸ்ரீகாகுளம்",
  "Sri Muktsar Sahib": "ஸ்ரீ முக்ட்சர் சாஹிப்",
  "South West Delhi": "தென் மேற்கு தில்லி",
  "South Salmara Mankachar": "தென் சலமாரா மன்கசர்",
  "South Goa": "தெற்கு கோவா",
  "South East Delhi": "தென் கிழக்கு தில்லி",
  "South Delhi": "தென் தில்லி",
  "South Andaman": "தென் அந்தமான்",
  "South 24 Parganas": "தென் 24 பர்கானாஸ்",
  "Sonipat": "சோனிபட்",
  "Solapur": "சோலாப்பூர்",
  "Solan": "சோலன்",
  "Siwan": "சிவான்",
  "Sivaganga": "சிவகங்கை",
  "Sitapur": "சீதாப்புர்",
  "Sitamarhi": "சித்தமார்கி",
  "Sirsa": "சிர்சா",
  "Sirohi": "சிரோஹி",
  "Sirmaur": "சிர்மாவூர்",
  "Sindhudurg": "சிந்துதுர்க்",
  "Simdega": "சிம்டிகா",
  "Sikkim": "சிக்கிம்",
  "Sikar": "சிகார்",
  "Siddipet": "சித்திபெட்",
  "Siddharthnagar": "சித்தார்த்நகர்",
  "Shrawasti": "ஸரவஸ்தி",
  "Shopiyan": "சோபியான்",
  "Shivpuri": "ஷிவ்புரி",
  "Shimla": "சிம்லா",
  "Sheopur": "ஷியோபூர்",
  "Sheohar": "ஸியோகர்",
  "Sheikhpura": "ஸெய்கபூரா",
  "Shamli": "ஷாம்லி",
  "Shajapur": "சாஜாபூர்",
  "Shahjahanpur": "ஷாஜகான்பூர்",
  "Shahdol": "சகாடோல்",
  "Shahdara": "ஷாதராவில்",
  "Sehore": "சீகூரி",
  "Sawai Madhopur": "சவாய் மாதோபூர்",
  "Satna": "சாத்னா",
  "Satara": "சதாரா",
  "Saran": "சரண்",
  "Sant Kabir Nagar": "சந்த் கபீர் நகர்",
  "Sangrur": "சங்குரூர்",
  "Sangli": "சாங்க்லி",
  "Sangareddy": "சங்கரெட்டி",
  "Sambhal": "சம்பல்",
  "Samba": "சம்பா",
  "Samastipur": "சமஸ்திபூர்",
  "Salem": "சேலம்",
  "Saharsa": "சஹார்சா",
  "Saharanpur": "சஹாரான்பூர்",
  "Sagar": "சாகர்",
  "Sabarkantha": "சபர்கந்தா",
  "S.P.S. Nellore": "S.P.S. நெல்லூர்",
  "S.A.S. Nagar": "எஸ்.ஏ.எஸ் நகர்",
  "Rupnagar": "ரூப்நகர்",
  "Rohtas": "ரோஹ்தாஸ்",
  "Rohtak": "ரோதக்",
  "Rewari": "ரேவாரி",
  "Rewa": "ரேவா",
  "Reasi": "ரியாசி",
  "Ratnagiri": "ரத்னகிரி",
  "Ratlam": "ரட்லாம்",
  "Ranipet": "ராணிப்பேட்டை",
  "Ranga Reddy": "ரங்கா ரெட்டி",
  "Ranchi": "ராஞ்சி",
  "Rampur": "ராம்பூர்",
  "Ramban": "ரம்பன்",
  "Ramanathapuram": "ராமநாதபுரம்",
  "Rajsamand": "ராஜச்மன்ட்",
  "Rajouri": "ரஜோரி",
  "Rajnandgaon": "ராஜ்நந்த்கான்",
  "Rajkot": "ராஜ்கோட்",
  "Rajgarh": "ராஜ்கர்",
  "Rajasthan": "ராஜஸ்தான்",
  "Rajanna Sircilla": "ராஜண்ணா சிர்சிலா",
  "Raisen": "உயர்ந்தது",
  "Raipur": "ராய்ப்பூர்",
  "Raigad": "ராய்காட்",
  "Rae Bareli": "ரே பரேலி",
  "Purnia": "பூர்னியாவில்",
  "Puri": "பூரி",
  "Purba Medinipur": "புர்பா மேதினிபூர்",
  "Purba Bardhaman": "கிழக்கு பர்தாமன்",
  "Punjab": "பஞ்சாப்",
  "Pune": "புனே",
  "Pulwama": "புல்வாமா",
  "Pudukkottai": "புதுக்கோட்டை",
  "Puducherry": "புதுச்சேரி",
  "Prayagraj": "பிறயாக்ராஜ்",
  "Pratapgarh": "பிரதாப்கர்",
  "Prakasam": "பிரகாசம்",
  "Porbandar": "போர்பந்தர்",
  "Pilibhit": "பிலிபிட்",
  "Perambalur": "பெரம்பலூர்",
  "Peddapalli": "பெடபள்ளி",
  "Pauri Garhwal": "பாவ்ரி கர்வால்",
  "Patna": "பாட்னா",
  "Patiala": "பாட்டியாலா",
  "Pathankot": "பதான்கோட்",
  "Pathanamthitta": "பத்தனம்திட்டா",
  "Patan": "படான்",
  "Paschim Medinipur": "பாஸிசிம் மேதினிபூர்",
  "Paschim Bardhaman": "மேற்கு பர்தாமன்",
  "Parbhani": "பர்பானி",
  "Panna": "பன்னா",
  "Panipat": "பானிபட்",
  "Panchmahal": "பஞ்ச்மகால்",
  "Panchkula": "பஞ்ச்குலா",
  "Palwal": "பல்வால்",
  "Pali": "பாலி",
  "Palghar": "பால்ஹர்",
  "Palamu": "பலாமு",
  "Palakkad": "பாலக்காடு",
  "Osmanabad": "உஸ்மனாபாத்",
  "Odisha": "ஒடிசா",
  "Nuh": "நூக்",
  "North West Delhi": "வட மேற்கு தில்லி",
  "North Tripura": "வட திரிபுரா",
  "North Goa": "வடக்கு கோவா",
  "North East Delhi": "வடகிழக்கு தில்லி",
  "North Delhi": "வட தில்லி",
  "North and Middle Andaman": "வடக்கு மற்றும் மத்திய அந்தமான்",
  "North 24 Parganas": "வட 24 பர்கானாஸ்",
  "Nizamabad": "நிஜாமாபாத்",
  "Nirmal": "நிர்மல்",
  "Nilgiris": "நீலகிரி",
  "New Delhi": "புது தில்லி",
  "Neemuch": "நீமுச்",
  "Nayagarh": "நாயகர்க்",
  "Nawada": "நவாதா",
  "Navsari": "நவ்சாரி",
  "Nashik": "நாசிக்",
  "Narmada": "நர்மதா",
  "Narayanpet": "நாராயண்பெட்",
  "Nandurbar": "நந்தர்பார்",
  "Nanded": "நந்தீத்",
  "Namakkal": "நாமக்கல்",
  "Nalgonda": "நல்கொண்டா",
  "Nalbari": "நலபாரி",
  "Nalanda": "நாளந்தா",
  "Nainital": "நைனிடால்",
  "Nagpur": "நாக்பூர்",
  "Nagaur": "நாகவ்ர்",
  "Nagarkurnool": "நாகர்குர்ணுல்",
  "Nagapattinam": "நாகப்பட்டினம்",
  "Nagaland": "நாகாலாந்து",
  "Nadia": "நாடியா",
  "Mysuru": "மைசூரு",
  "Muzaffarpur": "முஸாபர்பூர்",
  "Muzaffarnagar": "முசாபர்நகர்",
  "Murshidabad": "மூர்ஷிதாபாத்",
  "Munger": "முங்கர்",
  "Mumbai Suburban": "மும்பை புறநகர்",
  "Mumbai": "மும்பை",
  "Mulugu": "முழுகூ",
  "Morigaon": "மெரிகாயோன்",
  "Morena": "மொரீனா",
  "Morbi": "ஃபேப்ரிக்",
  "Moradabad": "மொரதாபாத்",
  "Moga": "மோகா",
  "Mizoram": "மிசோரம்",
  "Mirzapur": "மிர்சாபூர்",
  "Mehsana": "மேசனா",
  "Meghalaya": "மேகாலயா",
  "Meerut": "மீரட்",
  "Medchal Malkajgiri": "மெட்சல் மல்கஜ்கிரி",
  "Medak": "மேடக்",
  "Mayurbhanj": "மயுர்பஞ்ச்",
  "Mau": "மாவ்",
  "Mathura": "மதுராவில்",
  "Mansa": "மன்சா",
  "Manipur": "மணிப்பூர்",
  "Mandya": "மாண்டியா",
  "Mandsaur": "மண்ட்சோர்",
  "Mandi": "மண்டி",
  "Mancherial": "மஞ்செரியல்",
  "Malda": "மால்டா",
  "Malappuram": "மலப்புரம்",
  "Mainpuri": "மைன்புரி",
  "Mahoba": "மஹோபா",
  "Mahisagar": "மஹிஸாகர்",
  "Mahendragarh": "மகேந்திரகர்",
  "Mahe": "மாஹே",
  "Maharashtra": "மகாராஷ்டிரா",
  "Maharajganj": "மஹாராஜ்கஞ்ச்",
  "Mahabubnagar": "மகபூப்நகர்",
  "Mahabubabad": "மெகபுபாபாத்",
  "Madurai": "மதுரை",
  "Madhya Pradesh": "மத்தியப் பிரதேசம்",
  "Madhubani": "மதுபானி",
  "Madhepura": "மாதேபுரா",
  "Ludhiana": "லூதியானா",
  "Lucknow": "லக்னோ",
  "Lohit": "லோஹித்",
  "Leh": "லே",
  "Latur": "லத்தூர்",
  "Lakshadweep": "இலட்சத்தீவுகள்",
  "Lakhisarai": "லக்கிசராய்",
  "Lakhimpur Kheri": "லக்கிம்பூர் கேரி",
  "Lakhimpur": "லக்கிம்பூர்",
  "Ladakh": "லடாக்",
  "Kutch": "கட்ச்",
  "Kushinagar": "குஷிநகர்",
  "Kurukshetra": "குருஷேத்ரா",
  "Kurnool": "கர்னூல்",
  "Kupwara": "குப்வாரா",
  "Kulgam": "குல்கம்",
  "Krishnagiri": "கிருஷ்ணகிரி",
  "Krishna": "கிருஷ்ணா",
  "Kozhikode": "கோழிக்கோடு",
  "Kottayam": "கோட்டயம்",
  "Kota": "கோட்டா",
  "Korba": "கோர்பா",
  "Koraput": "கோரபுட்",
  "Komaram Bheem": "கோமரம் பீம்",
  "Kollam": "கொல்லம்",
  "Kolkata": "கொல்கத்தா",
  "Kolhapur": "கோலாப்பூர்",
  "Kokrajhar": "கோக்ரஜார்",
  "Koderma": "கொடீர்மூ",
  "Kodagu": "குடகு",
  "Kishtwar": "கிஷ்ட்வார்",
  "Kishanganj": "கிஷான்கஞ்ச்",
  "Khordha": "கோர்தா",
  "Kheda": "கீடா",
  "Khargone": "கர்கோனி",
  "Khandwa": "கந்த்வா",
  "Khammam": "கம்மம்",
  "Khagaria": "கஜாரியா",
  "Kerala": "கேரளா",
  "Kendujhar": "கென்துஹார்",
  "Kendrapara": "கேந்திரபரா",
  "Kaushambi": "கவுசாம்பி",
  "Katihar": "கடிஹர்",
  "Kathua": "கதுவா",
  "Kasganj": "காஸ்கஞ்ச்",
  "Kasaragod": "காசர்கோடு",
  "Karur": "கரூர்",
  "Karnataka": "கர்நாடக",
  "Karnal": "கர்னல்",
  "Karimnagar": "கரீம்நகர்",
  "Karimganj": "கரீம்கஞ்ச்",
  "Kargil": "கார்கில்",
  "Karauli": "கரவ்லி",
  "Kapurthala": "காபுர்தாலாவில்",
  "Kanyakumari": "கன்னியாகுமாரி",
  "Kanpur Nagar": "கான்பூர் நகர்",
  "Kanpur Dehat": "கான்பூர் டிகத்",
  "Kannur": "கண்ணூர்",
  "Kannauj": "கன்னோஜ்",
  "Kangra": "காங்க்ரா",
  "Kancheepuram": "காஞ்சிபுரம்",
  "Kamrup Metropolitan": "கம்ருப் பெருநகர்",
  "Kamrup": "கம்ருப்",
  "Kamareddy": "காமாரெட்டி",
  "Kallakurichi": "கள்ளக்குறிச்சி",
  "Kalimpong": "கலிம்போன்ங்",
  "Kalahandi": "காலாஹண்டி",
  "Kalaburagi": "காலாபுராகி",
  "Kaithal": "கெய்தாலில்",
  "Kaimur": "கைமூர்",
  "Kabeerdham": "கபீர்தம்",
  "Junagadh": "ஜூனாகத்",
  "Jogulamba Gadwal": "ஜொகுலம்பா காட்வால்",
  "Jodhpur": "ஜோத்பூர்",
  "Jind": "ஜிந்த்",
  "Jhunjhunu": "ஜுன்ஜுனு",
  "Jharsuguda": "ஜர்ஸுகுடா",
  "Jharkhand": "ஜார்கண்ட்",
  "Jhansi": "ஜான்சி",
  "Jhalawar": "ஜலவால்",
  "Jhajjar": "ஜஜ்ஜார்",
  "Jhabua": "ஜுபுவா",
  "Jehanabad": "ஜிகன்பாத்",
  "Jayashankar Bhupalapally": "ஜொயசங்கர் புபாலபள்ளி",
  "Jaunpur": "ஜான்பூர்",
  "Jangaon": "ஜன்கோன்",
  "Jamtara": "ஜாம்தரா",
  "Jamnagar": "ஜாம்நகர்",
  "Jammu and Kashmir": "ஜம்மு காஷ்மீர்",
  "Jammu": "ஜம்மு",
  "Jalpaiguri": "ஜல்பைகுரி",
  "Jalore": "ஜலுர்",
  "Jalna": "ஜல்னா",
  "Jalgaon": "ஜல்கான்",
  "Jalaun": "ஜலாவுன்",
  "Jalandhar": "ஜலந்தர்",
  "Jajpur": "ஜாஜ்பூர்",
  "Jaisalmer": "ஜெய்சால்மர்",
  "Jaipur": "ஜெய்ப்பூர்",
  "Jagtial": "ஜக்தியால்",
  "Jagatsinghpur": "ஜகத்சிங்பூர்",
  "Jabalpur": "ஜபல்பூர்",
  "Italians": "இத்தாலியர்கள்",
  "Indore": "இந்தூர்",
  "Imphal West": "இம்பால் மேற்கு",
  "Imphal East": "இம்பால் கிழக்கு",
  "Idukki": "இடுக்கி",
  "Hyderabad": "ஹைதெராபாத்",
  "Howrah": "ஹவுரா",
  "Hoshiarpur": "ஹோஷியார்பூர்",
  "Hoshangabad": "ஹோஷங்காபாத்",
  "Hooghly": "ஹூக்ளி",
  "Hisar": "ஹிசார்",
  "Hingoli": "ஹின்கோலி",
  "Himachal Pradesh": "இமாசலப் பிரதேசம்",
  "Hazaribagh": "ஹசாரிபாக்",
  "Haveri": "ஹாவேரி",
  "Hathras": "ஹத்ராஸ்",
  "Haryana": "ஹரியானா",
  "Haridwar": "ஹரித்வார்",
  "Hardoi": "ஹற்டோய்",
  "Harda": "ஹர்தா",
  "Hapur": "ஷபூர்",
  "Hanumangarh": "ஹனுமன்கர்",
  "Hamirpur": "ஹமீர்புர்",
  "Hailakandi": "ஹய்லாகண்டி",
  "Gwalior": "குவாலியர்",
  "Gurugram": "குருகிராம்",
  "Gurdaspur": "குர்தாஸ்பூர்",
  "Guntur": "குண்டூர்",
  "Guna": "குணா",
  "Gujarat": "குஜராத்",
  "Gorakhpur": "கோரக்பூர்",
  "Gopalganj": "கோபால்கஞ்ச்",
  "Gondia": "ஒடிசா",
  "Gonda": "கோண்டா",
  "Gomati": "கோமதி",
  "Golaghat": "கோலாகாத்",
  "Godda": "கோடா",
  "Goalpara": "கோல்பாரா",
  "Goa": "கோவா",
  "Giridih": "கிரிடிஹ்",
  "Gir Somnath": "கிர் சோம்நாத்",
  "Ghazipur": "கஷிபூர்",
  "Ghaziabad": "காஸியாபாத்",
  "Gaya": "கயா",
  "Gautam Buddha Nagar": "கவுதம் புத்தா நகர்",
  "Garhwa": "கார்வா",
  "Ganjam": "கஞ்சம்",
  "Gandhinagar": "காந்திநகர்",
  "Ganderbal": "கண்டேர்பல்",
  "Gadchiroli": "கட்சிரோலி",
  "Gadag": "கடக்",
  "Firozabad": "பிரோசாபாத்",
  "Ferozepur": "பிறோஸீபூர்",
  "Fazilka": "பஸீல்கா",
  "Fatehpur": "ஃபதேபூர்",
  "Fatehgarh Sahib": "பதீகிரா சாஹிப்",
  "Fatehabad": "பதீகாபாத்",
  "Faridkot": "ஃபரித்கோட்",
  "Faridabad": "பரிதாபாத்",
  "Etawah": "எட்டாவ்",
  "Etah": "எடாவிலிருந்து",
  "Erode": "ஈரோடு",
  "Ernakulam": "எர்ணாகுளம்",
  "East Khasi Hills": "கிழக்கு காசி ஹில்ஸ்",
  "East Godavari": "கிழக்கு கோதாவரி",
  "East Delhi": "கிழக்கு தில்லி",
  "East Champaran": "கிழக்கு சம்பரன்",
  "Durg": "துர்க்",
  "Dungarpur": "துங்கர்பூர்",
  "Dumka": "தும்கா",
  "Dindori": "தின்தோரி",
  "Dindigul": "திண்டுக்கல்",
  "Dhule": "துலே",
  "Dhubri": "துப்ரி",
  "Dholpur": "டோல்பூர்",
  "Dhenkanal": "தென்கனல்",
  "Dharwad": "தர்வாதைச்",
  "Dharmapuri": "தர்மபுரி",
  "Dhar": "தார்",
  "Dhanbad": "தான்பாத்",
  "Dhalai": "தலாய்",
  "Dewas": "தேவாஸ்",
  "Devbhumi Dwarka": "தேவ் பூமி துவாரகா",
  "Deoria": "தியோரியா",
  "Deoghar": "தியோகார்",
  "Deogarh": "டியோகர்",
  "Delhi": "தில்லி",
  "Dehradun": "டேராடூன்",
  "Davanagere": "தேவநகரி",
  "Dausa": "தவுஸா",
  "Darjeeling": "டார்ஜீலிங்",
  "Darbhanga": "தர்பங்கா",
  "Dang": "டாங்",
  "Daman and Diu": "டாமன் மற்றும் டையூ",
  "Dakshina Kannada": "தக்ஷின கன்னடா",
  "Dahod": "டஹூட்",
  "Dadra and Nagar Haveli": "தாத்ரா மற்றும் நாகர் ஹவேலி",
  "Cuttack": "கட்டாக்",
  "Cuddalore": "கடலூர்",
  "Coimbatore": "கோயம்புத்தூர்",
  "Churu": "சுரு",
  "Chittorgarh": "சிட்டர்கர்",
  "Chittoor": "சித்தூர்",
  "Chitrakoot": "சித்ரகூட்",
  "Chitradurga": "சித்ரதுர்கா",
  "Chikkaballapura": "சிக்கபல்லபுரா",
  "Chhota Udaipur": "சோட்டா உதய்பூர்",
  "Chhindwara": "சிக்கிந்வாராவில்",
  "Chhattisgarh": "சத்தீஸ்கர்",
  "Chennai": "சென்னை",
  "Chengalpattu": "செங்கல்பட்டு",
  "Charkhi Dadri": "சர்கீ தாத்ரி",
  "Chandrapur": "சந்திராபூர்",
  "Chandigarh": "சண்டிகர்",
  "Chamba": "சம்பா",
  "Central Delhi": "மத்திய தில்லி",
  "Cachar": "சாச்சர்",
  "Buxar": "பக்சர்",
  "Burhanpur": "பர்ஹான்புரை",
  "Buldhana": "புல்தானா",
  "Bulandshahr": "புலந்த்ஷல்",
  "Budgam": "புடகம்",
  "Budaun": "புதவுன்",
  "Botad": "போட்டாட்",
  "Bongaigaon": "பொங்காய்கான்",
  "Bokaro": "பொகாரோ",
  "Birbhum": "பிர்பும்",
  "Bilaspur": "பிலாஸ்பூர்",
  "Bikaner": "பிகானீர்",
  "Bijnor": "பிஜ்னூர்",
  "Bihar": "பீகார்",
  "Bidar": "பிதார்",
  "Bhopal": "போபால்",
  "Bhojpur": "போஜ்பூர்",
  "Bhiwani": "பிவானி",
  "Bhind": "பின்ட்",
  "Bhilwara": "பில்வரா",
  "Bhavnagar": "பாவ்நகர்",
  "Bharuch": "பாருச்",
  "Bharatpur": "பரத்பூர்",
  "Bhandara": "பண்டாரா",
  "Bhagalpur": "பாகல்பூர்",
  "Bhadrak": "பாத்ராக்",
  "Bhadradri Kothagudem": "பதார்திரி கொத்தகுடம்",
  "Bhadohi": "படோகி",
  "Betul": "பெடுல்",
  "Bengaluru Urban": "பெங்களூரு நகர்",
  "Bengaluru Rural": "பெங்களூரு ஊரகம்",
  "Belagavi": "பெலாகவி",
  "Begusarai": "பெகுஸராய்",
  "Beginning": "தொடங்கி",
  "Beed": "பீட்",
  "Bathinda": "பதிந்தா",
  "Basti": "பஸ்தி",
  "Barwani": "பற்வானி",
  "Barnala": "பர்னாலா",
  "Barmer": "பார்மர்",
  "Bareilly": "பரேலி",
  "Baran": "பாரன்",
  "Baramulla": "பாரமுல்லா",
  "Barabanki": "பாராபங்கி",
  "Banswara": "பன்ஸ்வாரா",
  "Banka": "பங்கா",
  "Bandipora": "பண்டிபோரா",
  "Banda": "பண்டா",
  "Banaskantha": "பனஸ்கன்தா",
  "Balrampur": "பல்ராம்பூர்",
  "Ballari": "பல்லாரி",
  "Balasore": "பலாசோர்",
  "Balangir": "பாலாங்கீர்",
  "Bahraich": "பகிரிச்",
  "Baghpat": "பக்பட்",
  "Bagalkote": "பகல்கோதி",
  "Azamgarh": "ஆசம்கர்",
  "Ayodhya": "அயோத்தி",
  "Aurangabad": "அவுரங்காபாத்",
  "Auraiya": "அவுரியா",
  "Assam": "அசாம்",
  "Ashoknagar": "அசோக்நகர்",
  "Arwal": "அர்வால்",
  "Arunachal Pradesh": "அருணாச்சல பிரதேசம்",
  "Ariyalur": "அரியலூர்",
  "Aravalli": "ஆரவல்லி",
  "Araria": "அராரியாவில்",
  "Anuppur": "அனுப்பூர்",
  "Andhra Pradesh": "ஆந்திரப் பிரதேசம்",
  "Anantnag": "அனந்த்நாக்",
  "Anantapur": "அனந்தபூர்",
  "Anand": "ஆனந்த்",
  "Amroha": "அம்ரோகா",
  "Amritsar": "அமிர்தசரஸ்",
  "Amravati": "அமராவதி",
  "Amethi": "அமேதி",
  "Ambala": "அம்பாலா",
  "Alwar": "ஆழ்வார்",
  "Almora": "அல்மோரா",
  "Alirajpur": "அலிராஜ்பூர்",
  "Aligarh": "அலிகார்",
  "Alappuzha": "ஆலப்புழை",
  "Akola": "அகோலா",
  "Ajmer": "அஜ்மீர்",
  "Aizawl": "அய்சால்",
  "Ahmednagar": "அகமதுநகர்",
  "Ahmedabad": "அகமதாபாத்",
  "Agra": "ஆக்ரா",
  "Agar Malwa": "அகர் மால்வா",
  "Adilabad": "அடிலாபாத்",
  "Yanam": "யானம்",
  "Yadgir": "யாதகிரி",
  "Yadadri Bhuvanagiri": "யாதத்ரி புவனகிரி",
  "West Tripura": "மேற்கு திரிபுரா",
  "West Singhbhum": "மேற்கு சிங்பும்",
  "West Siang": "மேற்கு சியாங்",
  "West Khasi Hills": "மேற்கு காசி ஹில்ஸ்",
  "West Karbi Anglong": "மேற்கு கர்பி அங்லாங்",
  "West Kameng": "மேற்கு காமெங்",
  "West Jaintia Hills": "மேற்கு ஜெயின்டியா ஹில்ஸ்",
  "West Garo Hills": "மேற்கு கரோ ஹில்ஸ்",
  "Warangal Rural": "வாரங்கல் ஊரகம்",
  "Wanaparthy": "வனபர்த்தி",
  "Uttarkashi": "உத்தரகாசி",
  "Uttar Dinajpur": "உத்தர் டினாஜ்பூர்",
  "Uttar Bastar Kanker": "உத்தர பஸ்தர் காங்கர்",
  "Upper Subansiri": "மேல் சுபன்சிரி",
  "Upper Siang": "மேல் சியாங்",
  "Upper Dibang Valley": "மேல் திபாங் பள்ளத்தாக்கு",
  "Unokoti": "உனகோட்டி",
  "Umaria": "உமரியா",
  "Ukhrul": "உக்ருல்",
  "Udalguri": "உடல்குரி",
  "Tirap": "டிராப்",
  "Tinsukia": "தின்சுகியா",
  "Thoubal": "தௌபல்",
  "Tengnoupal": "தென்கொபால்",
  "Tehri Garhwal": "டெஹ்ரி கர்வால்",
  "Tawang": "தவாங்",
  "Tamenglong": "தமெங்லாங்",
  "Surguja": "சர்குஜா",
  "Sukma": "சுக்மா",
  "Subarnapur": "சுபர்ணாபூர்",
  "South West Khasi Hills": "தென் மேற்கு காசி ஹில்ஸ்",
  "South West Garo Hills": "தென் மேற்கு கரோ ஹில்ஸ்",
  "South Tripura": "தென் திரிபுரா",
  "South Garo Hills": "தென் கரோ ஹில்ஸ்",
  "Sonitpur": "சோனித்பூர்",
  "Sonbhadra": "சோன்பத்ரா",
  "Sivasagar": "சிவசாகர்",
  "Sipahijala": "சிபாஹிஜலா",
  "Singrauli": "சிங்ராலி",
  "Sidhi": "சித்தி",
  "Siang": "சியாங்",
  "Shivamogga": "சிவமோகா",
  "Shi Yomi": "ஷி யோமி",
  "Serchhip": "செர்ச்சிப்",
  "Seoni": "சியோனி",
  "Senapati": "சேனாபதி",
  "Saraikela-Kharsawan": "சரிகேலா-கர்சவன்",
  "Sambalpur": "சம்பல்பூர்",
  "Saitual": "சைட்டுவல்",
  "Saiha": "சைஹா",
  "Sahibganj": "சாஹிப்கன்ஜ்",
  "Rudraprayag": "ருத்ரபிரயாக்",
  "Ribhoi": "ரிபோய்",
  "Rayagada": "ராயகடா",
  "Ramgarh": "ராம்கர்",
  "Ramanagara": "ராமநகரா",
  "Raigarh": "ராய்கர்",
  "Raichur": "ராய்ச்சூர்",
  "Purulia": "புருலியா",
  "Punch": "பன்ச்",
  "Pithoragarh": "பித்தோகார்க்",
  "Pherzawl": "பெர்சால்",
  "Papum Pare": "பாபம் பரே",
  "Pakur": "பக்கூர்",
  "Pakke Kessang": "பக்கே கெசாங்",
  "Nuapada": "நுவபாடா",
  "North Garo Hills": "வடக்கு கரோ ஹில்ஸ்",
  "Noney": "நோநே",
  "Niwari": "நிவாரி",
  "Nicobars": "நிகோபார்ஸ்",
  "Narsinghpur": "நரசிங்க்பூர்",
  "Narayanpur": "நாராயண்பூர்",
  "Namsai": "நம்சாய்",
  "Nagaon": "நாகான்",
  "Nabarangapur": "நபரங்கபூர்",
  "Muzaffarabad": "முசாபராபாத்",
  "Mungeli": "முங்கேலி",
  "Mirpur": "மிர்பூர்",
  "Mandla": "மாண்டலா",
  "Mamit": "மாமித்",
  "Malkangiri": "மல்கங்கிரி",
  "Majuli": "மஜுலி",
  "Mahasamund": "மகாசமுந்த்",
  "Lunglei": "லுங்லே",
  "Lower Subansiri": "லோவர் சுபான்ஸ்ரீ",
  "Lower Siang": "லோவர் சியாங்",
  "Lower Dibang Valley": "கீழ் திபாங் பள்ளத்தாக்கு",
  "Longding": "லாங்டிங்",
  "Lohardaga": "லோஹர்டாகா",
  "Lepa Rada": "லெபா ராடா",
  "Lawngtlai": "லாங்ட்லாய்",
  "Latehar": "லதேஹர்",
  "Lalitpur": "லலித்புர்",
  "Lahaul and Spiti": "லாகால் மற்றும் ஸ்பிட்டி",
  "Kurung Kumey": "குருங் குமே",
  "Kullu": "குலு",
  "Kra Daadi": "க்ரா தாதி",
  "Koriya": "கோரியா",
  "Koppal": "கொப்பல்",
  "Kondagaon": "கோண்டகான்",
  "Kolasib": "கோலாசிப்",
  "Kolar": "கோலார்",
  "Kinnaur": "கின்னார்",
  "Khunti": "ராஞ்சி",
  "Khowai": "கோவாய்",
  "Khawzawl": "கவ்ஸால்",
  "Katni": "கட்னி",
  "Karbi Anglong": "கர்பி அங்லாங்",
  "Karaikal": "காரைக்கால்",
  "Kangpokpi": "காங்போக்பி",
  "Kandhamal": "கந்தமால்",
  "Kamle": "கம்லே",
  "Kamjong": "கம்ஜோங்",
  "Kakching": "கச்சிங்",
  "Jorhat": "ஜோர்கட்",
  "Jiribam": "ஜிரிபம்",
  "Jhargram": "ஜார்கிராம்",
  "Jashpur": "ஜாஸ்பூர்",
  "Janjgir Champa": "ஜஞ்ச்கிர் சம்பா",
  "Jamui": "ஜமுய்",
  "Hojai": "ஹோஜாய்",
  "Hnahthial": "ஹநாக்தியல்",
  "Hassan": "ஹாசன்",
  "Gumla": "கும்லா",
  "Gariaband": "கிரியாபந்த்",
  "Ganganagar": "கங்கா நகர்",
  "Gajapati": "கஜபதி",
  "Farrukhabad": "பரூக்காபாத்",
  "East Singhbhum": "கிழக்கு சிங்பும்",
  "East Siang": "கிழக்கு சியாங்",
  "East Kameng": "கிழக்கு கமிங்",
  "East Jaintia Hills": "கிழக்கு ஜெயின்டியா ஹில்ஸ்",
  "East Garo Hills": "கிழக்கு கரோ ஹில்ஸ்",
  "Doda": "தோடா",
  "Diu": "டையூ",
  "Dima Hasao": "திமா கஸாயோ",
  "Dibrugarh": "திப்ருகார்",
  "Dhemaji": "திமாஜி",
  "Dhamtari": "தம்தரியில்",
  "Datia": "டாடியா",
  "Darrang": "தரங்",
  "Damoh": "தாமோ",
  "Daman": "டாமன்",
  "Dakshin Dinajpur": "தக்ஷிண் டினாஜ்பூர்",
  "Dakshin Bastar Dantewada": "தக்ஷிண் பேஸ்டர் தண்டேவாடா",
  "Cooch Behar": "கூச் பெஹூர்",
  "Churachandpur": "சுரசந்த்பூர்",
  "Chirang": "சிராங்",
  "Chikkamagaluru": "சிக்கமகளூரு",
  "Chhatarpur": "சாட்டார்புர்",
  "Chatra": "சாத்ரா",
  "Charaideo": "சராய்டியோ",
  "Changlang": "சாங்லாங்",
  "Chandel": "சான்டெல்",
  "Chandauli": "வாரணாசி",
  "Champhai": "சாம்பாய்",
  "Champawat": "சம்பவத்",
  "Chamoli": "சாமோலி",
  "Chamarajanagara": "சாமராஜநகர்",
  "Bundi": "பூந்தி",
  "Boudh": "பௌத்",
  "Biswanath": "பிஸ்வநாத்",
  "Bishnupur": "பிஷ்ணுபூர்",
  "Bijapur": "பிஜப்பூர்",
  "Bastar": "பஸ்தர்",
  "Barpeta": "பர்பேடா",
  "Bargarh": "பார்கர்",
  "Bankura": "பங்குரா",
  "Bemetara": "பமேதாரா",
  "Baloda Bazar": "பலோத் பஜார்",
  "Balod": "பலோத்",
  "Ballia": "பாலியா",
  "Balaghat": "பாலகாட்",
  "Baksa": "பக்ஸா",
  "Bageshwar": "பேகேஸ்வர்",
  "Anjaw": "அஞ்சாவ்",
  "Angul": "அங்குல்",
  "Amreli": "அம்ரேலி",
  "Ambedkar Nagar": "அம்பேத்கர் நகர்",
  "Alipurduar": "அலிப்பூர்துவர்",
  "Weeks": "வாரங்கள்",
  "We stand with everyone fighting on the frontlines": "முன்னணியில் போராடும் அனைவருடனும் நாம் துணை நிற்போம்",
  "Visit state page": "மாநிலப் பக்கத்தைப் பார்வையிடவும்",
  "Unknown": "தெரியவில்லை",
  "Uniform": "சீரான",
  "Total Cases": "மொத்த பாதிப்பு",
  "Total": "மொத்தம்",
  "Tested chart is independent of uniform scaling": "சோதிக்கப்பட்ட விளக்கப்படம் சீரான அளவிலிருந்து சுயாதீனமாக உள்ளது",
  "Tested": "சோதனைகள்",
  "state/UT": "மாநிலம் / யூனியன் பிரதேசம் ",
  "State/UT": "மாநிலம் / யூனியன் பிரதேசம் ",
  "State": "மாநிலம்",
  "Spread Trends": "பரவலான போக்குகள்",
  "Shahid Bhagat Singh Nagar": "ஷாஹித் பகத் சிங் நகர்",
  "Search your city, resources, etc": "உங்கள் நகரம், தேவைகளைத் தேடுக",
  "Scale Modes": "அளவீட்டு முறைகள்",
  "report": "அறிக்கை",
  "Recovered": "மீண்டோர்",
  "per million": "10 லட்சங்களுக்கு",
  "Other State": "மற்ற மாநிலம் ",
  "Other state": "மற்ற மாநிலம் ",
  "Other Region": "மற்ற பகுதி",
  "Month": "மாதம்",
  "Map": "வரைபடம்",
  "Logarithmic": "மடக்கை",
  "Last updated": "கடைசியாகப் புதுப்பித்தது",
  "know more": "மேலும் அறிய",
  "India": "இந்தியா",
  "Hover": "மிதவை",
  "Home": "முகப்பு",
  "for more details": "மேலும் விவரங்களுக்கு",
  "Evacuees": "வெளியேற்றப்பட்டவர்கள்",
  "Essentials": "அத்தியாவசியங்கள்",
  "District-wise numbers are under reconciliation": "மாவட்ட வாரியாக எண்கள் சரி செய்யப்படுகின்றன",
  "District": "மாவட்டம்",
  "Demographics": "புள்ளிவிவரங்கள்",
  "Deep Dive": "விளக்கப்படங்கள்",
  "Deceased": "இறப்பு",
  "Daily": "தினசரி",
  "Dadra and Nagar Haveli and Daman and Diu": "தாத்ரா மற்றும் நகர் ஹவேலி மற்றும் தமன் மற்றும் டியு",
  "Cumulative": "திரள்",
  "Confirmed": "பாதிப்பு",
  "Compiled from State Govt. numbers": "மாநில அரசிடம் இருந்து தொகுக்கப்பட்ட எண்ணிக்கை",
  "Checked by default to scale uniformly.": "இயல்பான  அளவிட்டில் சீரான முறையில் சரிபார்க்கப்பட்டது.",
  "Cases per million": "பாதிப்பு மில்லியனுக்கு",
  "BSF Camp": "பி.எஸ்.எஃப் முகாம்",
  "Based on 2019 population projection by NCP": "என்சிபி 2019 மக்கள் தொகை கணிப்பின் அடிப்படையில்",
  "As of": "வரை",
  "Andaman and Nicobar Islands": "அந்தமான் நிக்கோபார் தீவுகள்",
  "All States": "அனைத்து மாநிலங்கள்",
  "ago": "முன்பு",
  "Active": "தொற்றில்",
  "About": "எங்களைப் பற்றி",
  "A crowdsourced initiative.": "இது ஒரு கூட்டு முன்முயற்சி.",
  "Airport Quarantine": "விமானநிலைய தனிமைப்பகுதி"
}