{
  "completion_ratio": "1.00",
  "Language": "ભાષા",
  "State Unassigned": "",
  "District-wise {{mapOption}} numbers are under reconciliation": "",
  "Hotspots": "કેન્દ્રસ્થાન",
  "Back": "પાછળ",
  "Join Telegram to Collaborate!": "સહયોગ કરવા ટેલિગ્રામમાં જોડાઓ",
  "View updates on Twitter": "ટ્વિટ્ટર પર સુધારાઓ જુઓ",
  "Crowdsourced Patient Database": "સમુદાયસ્ત્રોત પેશન્ટ ડેટાબેઝ",
  "Open Sourced on GitHub": "GitHub પર ઓપન સ્ત્રોત",
  "See more details on {{state}}": "{{state}} પર વધુ વિગતો જુઓ",
  "tap": "દબાવો",
  "{{action}} over a {{mapType}} for more details": "એક {{mapType}} પર {{action}} વધુ વિગતો માટે",
  "As of {{date}}": "તારીખ {{date}}",
  "Zones": "ઝોન",
  "Senior citizen support bangalore": "વરિષ્ઠ નાગરિક આધાર બેંગલોર",
  "Locations": "સ્થાનો",
  "Groceries Chennai": "કરિયાણા ચેન્નાઇ",
  "Community Kitchen in Kerala": "કેરળમાં કોમ્યુનિટી કિચન",
  "Delhi Shelter": "દિલ્હી આશ્રયસ્થાન",
  "Testing Pune": "પરીક્ષણ પુણે",
  "Menu": "મેનુ",
  "Close": "બંધ",
  "source": "સ્ત્રોત",
  "District zones as published by MoHFW": "MoHFW દ્વારા પ્રકાશિત જિલ્લાના ઝોન",
  "Bametara": "બામેતારા",
  "India Map": "ભારતનો નકશો",
  "Yavatmal": "યવતમાલ",
  "Yamunanagar": "યમુનાનગર",
  "Y.S.R. Kadapa": "Y.S.R. કડપા",
  "West Godavari": "પશ્ચિમ ગોદાવરી",
  "West Delhi": "પશ્ચિમ દિલ્હી",
  "West Champaran": "પશ્ચિમ ચંપારણ",
  "West Bengal": "પશ્ચિમ બંગાળ",
  "Wayanad": "વાયનાદ",
  "Washim": "વાશિમ",
  "Wardha": "વાર્ધા",
  "Warangal Urban": "વારંગલ શહેર",
  "Vizianagaram": "વિજયનગરમ",
  "Visakhapatnam": "વિશાખાપટ્ટનમ",
  "Virudhunagar": "વિરુધુનગર",
  "Viluppuram": "વિલુપુરમ",
  "Vikarabad": "વિકારાબાદ",
  "Vijayapura": "વિજયપુરા",
  "Vidisha": "વિદિશા",
  "Vellore": "વેલ્લોર",
  "Varanasi": "વારાણસી",
  "Valsad": "વલસાડ",
  "Vaishali": "વૈશાલી",
  "Vadodara": "વડોદરા",
  "Uttarakhand": "ઉત્તરાખંડ",
  "Uttara Kannada": "ઉત્તર કન્નડ",
  "Uttar Pradesh": "ઉત્તરપ્રદેશ",
  "Unnao": "ઉન્નાવ",
  "Una": "ઉના",
  "Ujjain": "ઉજ્જૈન",
  "Udupi": "ઉડુપી",
  "Udhampur": "ઉધમપૂર",
  "Udham Singh Nagar": "ઉધમ સિંઘ નગર",
  "Udaipur": "ઉદયપુર",
  "Tumakuru": "ટુમકુર",
  "Tripura": "ત્રિપુરા",
  "Tonk": "ટોન્ક",
  "Tiruvannamalai": "તિરુવન્નામલાઈ",
  "Tiruppur": "તિરુપ્પુર",
  "Tirupathur": "તિરુપત્તુર",
  "Tirunelveli": "તિરુનેલવેલી",
  "Tiruchirappalli": "તિરુચિરાપલ્લી",
  "Tikamgarh": "ટીકમગઢ઼",
  "Thrissur": "થ્રિસુર",
  "Thoothukkudi": "થુથુકુડી",
  "Thiruvarur": "તિરુવરુર",
  "Thiruvananthapuram": "તિરૂવનંથપુરમ",
  "Thiruvallur": "થીરૂવલ્લુર",
  "Theni": "થેની",
  "Thanjavur": "થંજાવુર",
  "Thane": "થાણે",
  "Tenkasi": "તેનકાસી",
  "Telangana": "તેલંગણા",
  "Tarn Taran": "તરણ તારણ",
  "Tapi": "તાપી",
  "Tamil Nadu": "તમિલનાડુ",
  "Suryapet": "સૂર્યપેટ",
  "Surendranagar": "સુરેન્દ્રનગર",
  "Surat": "સુરત",
  "Surajpur": "સુરજપુર ",
  "Supaul": "સુપૌલ",
  "Sundargarh": "સુન્દરગઢ",
  "Sultanpur": "સુલતાનપુર",
  "Srinagar": "શ્રીનગર",
  "Srikakulam": "શ્રીકાકુલમ",
  "Sri Muktsar Sahib": "શ્રી મુક્તસર સાહિબ",
  "South West Delhi": "દક્ષિણ પશ્ચિમ દિલ્હી",
  "South Salmara Mankachar": "દક્ષિણ સલમાર મણકાચર ",
  "South Goa": "દક્ષિણ ગોવા",
  "South East Delhi": "દક્ષિણ પૂર્વ દિલ્હી",
  "South Delhi": "દક્ષિણ દિલ્હી",
  "South Andaman": "દક્ષિણ આંદામાન",
  "South 24 Parganas": "દક્ષિણ 24 પરગણાના",
  "Sonipat": "સોનીપત",
  "Solapur": "સોલાપુર",
  "Solan": "સોલન",
  "Siwan": "સિવાન ",
  "Sivaganga": "સીવગંગા",
  "Sitapur": "સીતાપુર",
  "Sitamarhi": "સીતામઢી",
  "Sirsa": "સિરસા",
  "Sirohi": "સિરોહી",
  "Sirmaur": "સિરમૌર ",
  "Sindhudurg": "સિંધુદુર્ગ",
  "Simdega": "સિમડેગા ",
  "Sikkim": "સિક્કિમ",
  "Sikar": "સીકર",
  "Siddipet": "સીદ્દીપેત",
  "Siddharthnagar": "સિદ્ધાર્થનગર",
  "Shrawasti": "શ્રાવસ્તી",
  "Shopiyan": "શોપિયાન",
  "Shivpuri": "શિવપુરી",
  "Shimla": "શિમલા ",
  "Sheopur": "શીઓપુર ",
  "Sheohar": "શિવહર",
  "Sheikhpura": "શેખપુરા",
  "Shamli": "શામલી",
  "Shajapur": "શાજાપુર",
  "Shahjahanpur": "શાહજહાંપુર",
  "Shahdol": "શાહડોલ",
  "Shahdara": "શાહદારા",
  "Sehore": "સીહોર",
  "Sawai Madhopur": "સવાઈ માધોપુર",
  "Satna": "સતના",
  "Satara": "સતારા",
  "Saran": "સરન",
  "Sant Kabir Nagar": "સંત કબીર નગર",
  "Sangrur": "સંગરૂર",
  "Sangli": "સાંગલી",
  "Sangareddy": "સાંગરેડ્ડી",
  "Sambhal": "સંભલ",
  "Samba": "સામ્બા",
  "Samastipur": "સમસ્તિપુર",
  "Salem": "સલેમ",
  "Saharsa": "સહરસા",
  "Saharanpur": "સહરાનપુર",
  "Sagar": "સાગર",
  "Sabarkantha": "સાબરકાંઠા",
  "S.P.S. Nellore": "S.P.S. નેલ્લૂર",
  "S.A.S. Nagar": "S.A.S. નગર",
  "Rupnagar": "રૂપનગર ",
  "Rohtas": "રોહતાસ",
  "Rohtak": "રોહતક",
  "Rewari": "રેવાડી",
  "Rewa": "રીવા",
  "Reasi": "રેસાઇ",
  "Ratnagiri": "રત્નાગિરી",
  "Ratlam": "રતલામ",
  "Ranipet": "રાણીપેટ",
  "Ranga Reddy": "રંગા રેડ્ડી",
  "Ranchi": "રાંચી",
  "Rampur": "રામપુર",
  "Ramban": "રામબાણ",
  "Ramanathapuram": "રામનાથાપુરમ",
  "Rajsamand": "રાજસમંદ",
  "Rajouri": "રજૌરી",
  "Rajnandgaon": "રાજનંદ ગાંવ",
  "Rajkot": "રાજકોટ",
  "Rajgarh": "રાજગઢ઼",
  "Rajasthan": "રાજસ્થાન",
  "Rajanna Sircilla": "રાજન્ના સિસિલા",
  "Raisen": "રાયસેન",
  "Raipur": "રાયપુર",
  "Raigad": "રાયગઢ",
  "Rae Bareli": "રાયબરેલી",
  "Purnia": "પૂર્ણિયા ",
  "Puri": "પુરી",
  "Purba Medinipur": "પુર્વ મેદિનીપુર",
  "Purba Bardhaman": "પુર્વ બર્ધમાન",
  "Punjab": "પંજાબ",
  "Pune": "પુણે",
  "Pulwama": "પુલવામા",
  "Pudukkottai": "પુડુકોટ્ટાઇ",
  "Puducherry": "પુડુચેરી",
  "Prayagraj": "પ્રયાગરાજ",
  "Pratapgarh": "પ્રતાપગઢ",
  "Prakasam": "પ્રકાસમ",
  "Porbandar": "પોરબંદર",
  "Pilibhit": "પિલીભીત",
  "Perambalur": "પેરામ્બલુર",
  "Peddapalli": "પેડદાપલ્લી",
  "Pauri Garhwal": "પૌડી ગઢવાલ",
  "Patna": "પટના",
  "Patiala": "પટિયાલા",
  "Pathankot": "પઠાણકોટ",
  "Pathanamthitta": "પથાનમથિટ્ટા ",
  "Patan": "પાટણ",
  "Paschim Medinipur": "પશ્ચિમ મેદિનીપુર",
  "Paschim Bardhaman": "પશ્ચિમ બર્ધમાન",
  "Parbhani": "પરભણી",
  "Panna": "પન્ના",
  "Panipat": "પાણીપત",
  "Panchmahal": "પંચમહાલ",
  "Panchkula": "પંચકુલા ",
  "Palwal": "પલવલ ",
  "Pali": "પાલી",
  "Palghar": "પાલઘર",
  "Palamu": "પલામુ ",
  "Palakkad": "પલક્કડ",
  "Osmanabad": "ઓસ્માનાબાદ",
  "Odisha": "ઓરિસ્સા",
  "Nuh": "નુહ",
  "North West Delhi": "ઉત્તર પશ્ચિમ દિલ્હી",
  "North Tripura": "ઉત્તર ત્રિપુરા",
  "North Goa": "ઉત્તર ગોવા",
  "North East Delhi": "ઉત્તર પૂર્વ દિલ્હી",
  "North Delhi": "ઉત્તર દિલ્હી",
  "North and Middle Andaman": "ઉત્તર અને મધ્ય આંદામાન",
  "North 24 Parganas": "ઉત્તર 24 પરગણાં",
  "Nizamabad": "નીઝામાબાદ",
  "Nirmal": "નિર્મલ",
  "Nilgiris": "નીલગિરિ",
  "New Delhi": "નવી દિલ્હી",
  "Neemuch": "નીમચ",
  "Nayagarh": "નયાગઢ",
  "Nawada": "નવાડા",
  "Navsari": "નવસારી",
  "Nashik": "નાસિક",
  "Narmada": "નર્મદા",
  "Narayanpet": "નારાયણપેટ",
  "Nandurbar": "નંદુરબાર",
  "Nanded": "નાંદેડ",
  "Namakkal": "નમક્કલ",
  "Nalgonda": "નાલગોંડા",
  "Nalbari": "નલબારી",
  "Nalanda": "નાલંદા",
  "Nainital": "નૈનિતાલ",
  "Nagpur": "નાગપુર",
  "Nagaur": "નાગૌર",
  "Nagarkurnool": "નાગરકૃણૂલ",
  "Nagapattinam": "નાગપટ્ટિનમ",
  "Nagaland": "નાગાલેન્ડ",
  "Nadia": "નાદિયા",
  "Mysuru": "મૈસૂર",
  "Muzaffarpur": "મુઝફ્ફરપુર",
  "Muzaffarnagar": "મુઝફ્ફરનગર",
  "Murshidabad": "મુર્શિદાબાદ",
  "Munger": "મુંગેરમાં",
  "Mumbai Suburban": "મુંબઇ ઉપનગરીય",
  "Mumbai": "મુંબઇ",
  "Mulugu": "મુલુગુ",
  "Morigaon": "મોરીગાંવ",
  "Morena": "મોરેના",
  "Morbi": "મોરબી",
  "Moradabad": "મુરાદાબાદ",
  "Moga": "મોગા",
  "Mizoram": "મિઝોરમ",
  "Mirzapur": "મિર્ઝાપુર",
  "Mehsana": "મહેસાણા",
  "Meghalaya": "મેઘાલય",
  "Meerut": "મેરઠ",
  "Medchal Malkajgiri": "મેડચલ મલકજગિરી",
  "Medak": "મેડક",
  "Mayurbhanj": "મયૂરભંજ",
  "Mau": "માઉ",
  "Mathura": "મથુરા",
  "Mansa": "માણસા",
  "Manipur": "મણિપુર",
  "Mandya": "માંડ્યા",
  "Mandsaur": "મંદસૌર",
  "Mandi": "મંડી",
  "Mancherial": "માન્ચેરીયલ",
  "Malda": "માલદા",
  "Malappuram": "માલાપ્પુરામ",
  "Mainpuri": "મૈનપુરી",
  "Mahoba": "મહોબા ",
  "Mahisagar": "મહિસાગર",
  "Mahendragarh": "મહેન્દ્રગઢ",
  "Mahe": "માહે",
  "Maharashtra": "મહારાષ્ટ્ર",
  "Maharajganj": "મહારાજગંજ",
  "Mahabubnagar": "મહ્બુબ્નાગર",
  "Mahabubabad": "મહાબુબાબાદ",
  "Madurai": "મદુરાઈ",
  "Madhya Pradesh": "મધ્ય પ્રદેશ",
  "Madhubani": "મધુબની",
  "Madhepura": "માધેપુરા ",
  "Ludhiana": "લુધિયાણા",
  "Lucknow": "લખનૌ",
  "Lohit": "લોહિત",
  "Leh": "લેહ",
  "Latur": "લાતુર",
  "Lakshadweep": "લક્ષદ્વીપ",
  "Lakhisarai": "લખીસરાઈ",
  "Lakhimpur Kheri": "લખીમપુર ખેરી",
  "Lakhimpur": "લખીમપુર",
  "Ladakh": "લદાખ",
  "Kutch": "કચ્છ",
  "Kushinagar": "કુશીનગર",
  "Kurukshetra": "કુરુક્ષેત્ર",
  "Kurnool": "કુરનુલ",
  "Kupwara": "કુપવાડા",
  "Kulgam": "કુલગામ",
  "Krishnagiri": "કૃષ્ણાગિરિ",
  "Krishna": "કૃષ્ણ",
  "Kozhikode": "કોઝિકોડ",
  "Kottayam": "કોટ્ટાયમ",
  "Kota": "કોટા",
  "Korba": "કોરબા",
  "Koraput": "કોરાપુટ",
  "Komaram Bheem": "કોમારામ ભીમ",
  "Kollam": "કોલ્લમ",
  "Kolkata": "કોલકાતા",
  "Kolhapur": "કોલ્હાપુર",
  "Kokrajhar": "કોકરાઝાર",
  "Koderma": "કોડેરમા",
  "Kodagu": "કોડાગુ",
  "Kishtwar": "કિશ્તવાર",
  "Kishanganj": "કિશનગંજ",
  "Khordha": "ખોરધા ",
  "Kheda": "ખેડા",
  "Khargone": "ખરગૌન",
  "Khandwa": "ખંડવા",
  "Khammam": "ખમ્મમ",
  "Khagaria": "ખગરિયા",
  "Kerala": "કેરળ",
  "Kendujhar": "કેન્ડુઝર ",
  "Kendrapara": "કેન્દ્રપાડા",
  "Kaushambi": "કૌશામ્બી",
  "Katihar": "કટિહાર",
  "Kathua": "કઠુઆ",
  "Kasganj": "કાસગંજ",
  "Kasaragod": "કાસરગોડ",
  "Karur": "કરુર",
  "Karnataka": "કર્ણાટક",
  "Karnal": "કર્નાલ",
  "Karimnagar": "કરીમનગર",
  "Karimganj": "કરીમગંજ",
  "Kargil": "કારગિલ",
  "Karauli": "કરૌલી",
  "Kapurthala": "કપૂરથલા",
  "Kanyakumari": "કન્યાકુમારી",
  "Kanpur Nagar": "કાનપુર નગર",
  "Kanpur Dehat": "કાનપુર ગ્રામ્ય",
  "Kannur": "કન્નુર",
  "Kannauj": "કનૌજ",
  "Kangra": "કાંગરા",
  "Kancheepuram": "કાંચીપુરમ",
  "Kamrup Metropolitan": "કામરૂપ મહાનગર",
  "Kamrup": "કામરુપ",
  "Kamareddy": "કામરેડ્ડી",
  "Kallakurichi": "કલ્લાકુરિચી",
  "Kalimpong": "કાલિમપોંગ",
  "Kalahandi": "કલાહંડી",
  "Kalaburagi": "કાલાબુર્ગી",
  "Kaithal": "કૈથલ ",
  "Kaimur": "કૈમૂર ",
  "Kabeerdham": "કબીરધામ ",
  "Junagadh": "જુનાગઢ",
  "Jogulamba Gadwal": "જોગુલંબા ગડવાલ",
  "Jodhpur": "જોધપુર",
  "Jind": "ઞિન્દ્",
  "Jhunjhunu": "ઝુનઝુનુ",
  "Jharsuguda": "ઝારસુગુડા ",
  "Jharkhand": "ઝારખંડ",
  "Jhansi": "ઝાંસી",
  "Jhalawar": "ઝાલાવાડ",
  "Jhajjar": "ઝજ્જર ",
  "Jhabua": "ઝાબુઆ",
  "Jehanabad": "જેહાંનાબાદ ",
  "Jayashankar Bhupalapally": "જયશંકર ભૂપાલપલ્લી",
  "Jaunpur": "જૌનપુર",
  "Jangaon": "જનગાંવ",
  "Jamtara": "જામતારા",
  "Jamnagar": "જામનગર",
  "Jammu and Kashmir": "જમ્મુ અને કાશ્મીર",
  "Jammu": "જમ્મુ",
  "Jalpaiguri": "જલપાઇગુરી",
  "Jalore": "જાલોર",
  "Jalna": "જાલના",
  "Jalgaon": "જલગાંવ",
  "Jalaun": "જલાઉન",
  "Jalandhar": "જલંધર",
  "Jajpur": "જાજપુર",
  "Jaisalmer": "જેસલમેર",
  "Jaipur": "જયપુર",
  "Jagtial": "જગ્તીઅલ",
  "Jagatsinghpur": "જગતસિંહપુર",
  "Jabalpur": "જબલપુર",
  "Italians": "ઈટાલિયન",
  "Indore": "ઇન્દૌર",
  "Imphal West": "ઈમ્ફાલ પશ્ચિમ",
  "Imphal East": "ઈમ્ફાલ પૂર્વ",
  "Idukki": "ઇડુક્કી ",
  "Hyderabad": "હૈદરાબાદ",
  "Howrah": "હાવડા",
  "Hoshiarpur": "હોશિયારપુર",
  "Hoshangabad": "હોશંગાબાદ",
  "Hooghly": "હુગલી",
  "Hisar": "હિસાર",
  "Hingoli": "હિંગોલી",
  "Himachal Pradesh": "હિમાચલ પ્રદેશ",
  "Hazaribagh": "હજારીબાગ",
  "Haveri": "હાવેરી",
  "Hathras": "હાથરસ",
  "Haryana": "હરિયાણા",
  "Haridwar": "હરિદ્વાર",
  "Hardoi": "હરદોઈ",
  "Harda": "હરદા",
  "Hapur": "હાપુર",
  "Hanumangarh": "હનુમાનગઢ",
  "Hamirpur": "હમીરપુર",
  "Hailakandi": "હૈલાકાંડી",
  "Gwalior": "ગ્વાલિયર",
  "Gurugram": "ગુરુગ્રામ",
  "Gurdaspur": "ગુરદાસપુર",
  "Guntur": "ગુંટુર",
  "Guna": "ગુના",
  "Gujarat": "ગુજરાત",
  "Gorakhpur": "ગોરખપુર",
  "Gopalganj": "ગોપાલગંજ",
  "Gondia": "ગોંદિયા",
  "Gonda": "ગોન્ડા",
  "Gomati": "ગોમતી",
  "Golaghat": "ગોલાઘાટ",
  "Godda": "ગોડ્ડા",
  "Goalpara": "ગોળપારા ",
  "Goa": "ગોવા",
  "Giridih": "ગિરીડીહ",
  "Gir Somnath": "ગીર સોમનાથ",
  "Ghazipur": "ગાઝીપુર",
  "Ghaziabad": "ગાઝિયાબાદ",
  "Gaya": "ગયા",
  "Gautam Buddha Nagar": "ગૌતમ બુદ્ધ નગર",
  "Garhwa": "ગઢવા",
  "Ganjam": "ગંજામ",
  "Gandhinagar": "ગાંધીનગર",
  "Ganderbal": "ગંદેરબલ",
  "Gadchiroli": "ગઢચિરોલી",
  "Gadag": "ગડગ ",
  "Firozabad": "ફિરોઝાબાદ",
  "Ferozepur": "ફિરોઝપુર ",
  "Fazilka": "ફઝીલ્કા ",
  "Fatehpur": "ફતેહપુર",
  "Fatehgarh Sahib": "ફત્તેહગઢ સાહિબ",
  "Fatehabad": "ફતેહબાદ",
  "Faridkot": "ફરીદકોટ ",
  "Faridabad": "ફરીદાબાદ",
  "Etawah": "ઇટાવા",
  "Etah": "ઇટાહ",
  "Erode": "ઇરોડ",
  "Ernakulam": "એર્નાકુલમ",
  "East Khasi Hills": "પૂર્વ ખાસી હિલ્સ",
  "East Godavari": "પૂર્વ ગોદાવરી",
  "East Delhi": "પૂર્વ દિલ્હી",
  "East Champaran": "પૂર્વીય ચંપારણ",
  "Durg": "દુર્ગ",
  "Dungarpur": "ડુંગરપુર",
  "Dumka": "દુમકા",
  "Dindori": "ડિંડોરી",
  "Dindigul": "દિંડીગુલ",
  "Dhule": "ધુળે",
  "Dhubri": "ધુબરી",
  "Dholpur": "ધૌલપુર",
  "Dhenkanal": "ઢેંકનાલ",
  "Dharwad": "ધારવાડ",
  "Dharmapuri": "ધર્મપુરી",
  "Dhar": "ધાર",
  "Dhanbad": "ધનબાદ",
  "Dhalai": "ઢલાઈ",
  "Dewas": "દેવાસ",
  "Devbhumi Dwarka": "દેવભૂમિ દ્વારકા",
  "Deoria": "દેઓરિયા",
  "Deoghar": "દેઓધર ",
  "Deogarh": "દેવગઢ",
  "Delhi": "દિલ્હી",
  "Dehradun": "દહેરાદૂન",
  "Davanagere": "દાવણગેરે",
  "Dausa": "દૌસા",
  "Darjeeling": "દાર્જિલિંગ",
  "Darbhanga": "દરભંગા",
  "Dang": "ડાંગ",
  "Daman and Diu": "દમણ અને દીવ",
  "Dakshina Kannada": "દક્ષિણ કન્નડા",
  "Dahod": "દાહોદ",
  "Dadra and Nagar Haveli": "દાદરા અને નગર હવેલી",
  "Cuttack": "કટક",
  "Cuddalore": "કુડ્લોર",
  "Coimbatore": "કોઈમ્બતુર",
  "Churu": "ચુરુ",
  "Chittorgarh": "ચિત્તોડગઢ",
  "Chittoor": "ચીત્તોર",
  "Chitrakoot": "ચિત્રકૂટ",
  "Chitradurga": "ચિત્રદુર્ગ",
  "Chikkaballapura": "ચિકકાબલ્લાપુરા",
  "Chhota Udaipur": "છોટા ઉદયપુર",
  "Chhindwara": "છિંદવાડ઼ા",
  "Chhattisgarh": "છત્તીસગઢ",
  "Chennai": "ચેન્નાઇ",
  "Chengalpattu": "ચેનગાલપટ્ટુ",
  "Charkhi Dadri": "ચરખી દાદરી",
  "Chandrapur": "ચંદ્રપુર",
  "Chandigarh": "ચંદીગઢ",
  "Chamba": "ચંબા",
  "Central Delhi": "સેન્ટ્રલ દિલ્હી",
  "Cachar": "કછાર",
  "Buxar": "બક્સર",
  "Burhanpur": "બુર્હાનપુર",
  "Buldhana": "બુલડાના",
  "Bulandshahr": "બુલંદશહર",
  "Budgam": "બડગામ",
  "Budaun": "બુદૌન",
  "Botad": "બોટાદ",
  "Bongaigaon": "બોંગાઈગાંવ",
  "Bokaro": "બોકારો",
  "Birbhum": "બિરભુમ",
  "Bilaspur": "બિલાસપુર",
  "Bikaner": "બિકાનેર",
  "Bijnor": "બિજનૌર",
  "Bihar": "બિહાર",
  "Bidar": "બીડર",
  "Bhopal": "ભોપાલ",
  "Bhojpur": "ભોજપુર",
  "Bhiwani": "ભિવાની",
  "Bhind": "ભિંડ",
  "Bhilwara": "ભીલવાડા",
  "Bhavnagar": "ભાવનગર",
  "Bharuch": "ભરૂચ",
  "Bharatpur": "ભરતપુર",
  "Bhandara": "ભંડારા",
  "Bhagalpur": "ભાગલપુર",
  "Bhadrak": "ભદ્રક",
  "Bhadradri Kothagudem": "ભદ્રાદ્રી  કોથગુડેમ",
  "Bhadohi": "ભદોહી",
  "Betul": "બૈતૂલ",
  "Bengaluru Urban": "બેંગલુરુ શહેર",
  "Bengaluru Rural": "બેંગલુરુ ગ્રામ્ય વિસ્તાર",
  "Belagavi": "બેલગાવી",
  "Begusarai": "બેગુસરાઈ ",
  "Beginning": "શરૂઆતથી",
  "Beed": "બીડ",
  "Bathinda": "ભટિંડા",
  "Basti": "બસ્તી",
  "Barwani": "બરવાની",
  "Barnala": "બારનાળા ",
  "Barmer": "બાડમેર",
  "Bareilly": "બરેલી",
  "Baran": "બારન",
  "Baramulla": "બારામુલ્લા",
  "Barabanki": "બારાબંકી",
  "Banswara": "બાંસવાડા",
  "Banka": "બાંકા ",
  "Bandipora": "બાંદીપોરા",
  "Banda": "બંદા",
  "Banaskantha": "બનાસકાંઠા",
  "Balrampur": "બલરામપુર",
  "Ballari": "બેલ્લારી",
  "Balasore": "બાલાસોર",
  "Balangir": "બોલાંગીર",
  "Bahraich": "બહરૈચ",
  "Baghpat": "બાઘપત",
  "Bagalkote": "બગલકોટ",
  "Azamgarh": "આઝમગઢ",
  "Ayodhya": "અયોધ્યા",
  "Aurangabad": "ઔરંગાબાદ",
  "Auraiya": "ઔરૈયા ",
  "Assam": "આસામ",
  "Ashoknagar": "અશોક નગર",
  "Arwal": "અરવાલ",
  "Arunachal Pradesh": "અરુણાચલ પ્રદેશ",
  "Ariyalur": "અરીયાલુર",
  "Aravalli": "અરવલ્લી",
  "Araria": "અરારીઆ",
  "Anuppur": "અનૂપપુર",
  "Andhra Pradesh": "આંધ્રપ્રદેશ",
  "Anantnag": "અનંતનાગ",
  "Anantapur": "અનંતપુર",
  "Anand": "આણંદ",
  "Amroha": "અમરોહા",
  "Amritsar": "અમૃતસર",
  "Amravati": "અમરાવતી",
  "Amethi": "અમેઠી",
  "Ambala": "અંબાલા",
  "Alwar": "અલવર",
  "Almora": "અલમોરા",
  "Alirajpur": "અલીરાજપુર",
  "Aligarh": "અલીગઢ",
  "Alappuzha": "અલાપુઝા",
  "Akola": "અકોલા",
  "Ajmer": "અજમેર",
  "Aizawl": "ઐઝવાલ ",
  "Ahmednagar": "અહમદનગર",
  "Ahmedabad": "અમદાવાદ",
  "Agra": " આગરા",
  "Agar Malwa": "આગર માલવા",
  "Adilabad": "અદિલાબાદ",
  "Yanam": "યનમ",
  "Yadgir": "યાદગીર",
  "Yadadri Bhuvanagiri": "યદાદ્રી ભુવનગિરિ",
  "West Tripura": "વેસ્ટ ત્રિપુરા",
  "West Singhbhum": "પશ્ચિમ સિંઘભૂમ",
  "West Siang": "વેસ્ટ સિયાંગ",
  "West Khasi Hills": "વેસ્ટ ખાસી હિલ્સ",
  "West Karbi Anglong": "પશ્ચિમ કરબી એંગલોંગ",
  "West Kameng": "પશ્ચિમ કામેંગ",
  "West Jaintia Hills": "પશ્ચિમ જૈંટીયા હિલ્સ",
  "West Garo Hills": "પશ્ચિમ ગારો હિલ્સ",
  "Warangal Rural": "વારંગલ ગ્રામીણ",
  "Wanaparthy": "વાનપરથી ",
  "Uttarkashi": "ઉત્તરકાશી",
  "Uttar Dinajpur": "ઉત્તર દીનાજપુર",
  "Uttar Bastar Kanker": "ઉત્તર બસ્તર કાંકેર",
  "Upper Subansiri": "અપર સુબાનસિરી",
  "Upper Siang": "અપર સિયાંગ",
  "Upper Dibang Valley": "અપર દિબાંગ વેલી",
  "Unokoti": "યુનોકોટી",
  "Umaria": "ઉમરિયા",
  "Ukhrul": "ઉખરૂલ",
  "Udalguri": "ઉદલગુરી",
  "Tirap": "તિરપ",
  "Tinsukia": "તિનસુકિયા",
  "Thoubal": "થૌબાલ",
  "Tengnoupal": "ટેન્ગ્નોપલ",
  "Tehri Garhwal": "તેહરી ગર્હવાલ",
  "Tawang": "તવાન્ગ",
  "Tamenglong": "ટેમેંગલોંગ",
  "Surguja": "સરગુજા",
  "Sukma": "સુકમા",
  "Subarnapur": "સુબરનાપુર",
  "South West Khasi Hills": "દક્ષિણ પશ્ચિમ ખાસી હિલ્સ",
  "South West Garo Hills": "દક્ષિણ પશ્ચિમ ગારો હિલ્સ",
  "South Tripura": "દક્ષિણ ત્રિપુરા",
  "South Garo Hills": "દક્ષિણ ગારો હિલ્સ",
  "Sonitpur": "સોનીતપુર",
  "Sonbhadra": "સોનભદ્ર",
  "Sivasagar": "શિવસાગર",
  "Sipahijala": "સિપહિજલા",
  "Singrauli": "સિંગરૌલી",
  "Sidhi": "સીધી",
  "Siang": "સિયાંગ",
  "Shivamogga": "શિવમોગા",
  "Shi Yomi": "શી યોમી",
  "Serchhip": "સેરછિપ",
  "Seoni": "સિઓની",
  "Senapati": "સેનાપતિ",
  "Saraikela-Kharsawan": "સરૈકલા-ખરસાવાન",
  "Sambalpur": "સાંબલપુર",
  "Saitual": "સૈતુળ",
  "Saiha": "સાઇહા",
  "Sahibganj": "સાહિબગંજ",
  "Rudraprayag": "રુદ્રપ્રયાગ",
  "Ribhoi": "રિભોઇ",
  "Rayagada": "રાયગડા",
  "Ramgarh": "રામગર્હ",
  "Ramanagara": "રામનગરા",
  "Raigarh": "રાયગઢ",
  "Raichur": "રાયચૂર",
  "Purulia": "પુરૂલિયા",
  "Punch": "પંચ",
  "Pithoragarh": "પિથોરાગર્હ",
  "Pherzawl": "ફેર્ઝોલ",
  "Papum Pare": "પપુમ પારે",
  "Pakur": "પાકુર",
  "Pakke Kessang": "પાકકે કેસાંગ",
  "Nuapada": "નુઆપાડા",
  "North Garo Hills": "ઉત્તર ગારો હિલ્સ",
  "Noney": "નોનેય",
  "Niwari": "નિવાડ઼ી",
  "Nicobars": "નિકોબાર્સ",
  "Narsinghpur": "નરસિંહપુર",
  "Narayanpur": "નારાયણપુર",
  "Namsai": "નમશાય",
  "Nagaon": "નાગાંવ",
  "Nabarangapur": "નબરંગપુર",
  "Muzaffarabad": "મુઝફ્ફરાબાદ",
  "Mungeli": "મુંગલી",
  "Mirpur": "મિરપુર",
  "Mandla": "મંડલા",
  "Mamit": "મમિત",
  "Malkangiri": "મલ્કાનગિરિ",
  "Majuli": "માજુલી",
  "Mahasamund": "મહાસમુંદ",
  "Lunglei": "લંગલેઇ",
  "Lower Subansiri": "લોઅર સુબાનસિરી",
  "Lower Siang": "લોઅર સિયાંગ",
  "Lower Dibang Valley": "લોઅર દિબાંગ વેલી",
  "Longding": "લોન્ગડિંગ",
  "Lohardaga": "લોહરદગા",
  "Lepa Rada": "લેપા રાડા",
  "Lawngtlai": "લોંગટલાઈ",
  "Latehar": "લતેહર",
  "Lalitpur": "લલિતપુર",
  "Lahaul and Spiti": "લાહૌલ અને સ્પીતિ",
  "Kurung Kumey": "કુરુંગ કુમેય",
  "Kullu": "કુલ્લુ",
  "Kra Daadi": "ક્રા દાદી",
  "Koriya": "કોરીયા",
  "Koppal": "કોપલ",
  "Kondagaon": "કોંડાગાંવ",
  "Kolasib": "કોલાસિબ",
  "Kolar": "કોલર",
  "Kinnaur": "કિન્નૌર",
  "Khunti": "ખુન્તી",
  "Khowai": "ખોવાઈ",
  "Khawzawl": "ખાવઝોલ",
  "Katni": "કટની",
  "Karbi Anglong": "કરબી એંગલોંગ",
  "Karaikal": "કરૈકલ",
  "Kangpokpi": "કાંગપોકપી",
  "Kandhamal": "કંધમાલ",
  "Kamle": "કમલે",
  "Kamjong": "કમજોંગ",
  "Kakching": "કકચિંગ",
  "Jorhat": "જોરહાટ",
  "Jiribam": "જિરીબમ",
  "Jhargram": "ઝારગ્રામ",
  "Jashpur": "જશપુર",
  "Janjgir Champa": "જાંજગીર ચંપા",
  "Jamui": "જામુઇ",
  "Hojai": "હોજાઈ",
  "Hnahthial": "હનહથિળઃ",
  "Hassan": "હસન",
  "Gumla": "ગુમલા",
  "Gariaband": "ગારીયાબંદ",
  "Ganganagar": "ગંગાનગર",
  "Gajapati": "ગજાપતિ",
  "Farrukhabad": "ફરરૂખાબાદ",
  "East Singhbhum": "પૂર્વ સિંઘભૂમ",
  "East Siang": "પૂર્વ સિયાંગ",
  "East Kameng": "પૂર્વ કામેંગ",
  "East Jaintia Hills": "પૂર્વ જૈંટીયા હિલ્સ",
  "East Garo Hills": "પૂર્વ ગારો હિલ્સ",
  "Doda": "ડોડા",
  "Diu": "દીવ",
  "Dima Hasao": "દિમા હસાઓ",
  "Dibrugarh": "ડિબ્રગર્હ",
  "Dhemaji": "ધેમાજી",
  "Dhamtari": "ધમતરીમાં",
  "Datia": "દાતિયા",
  "Darrang": "દારંગ",
  "Damoh": "દમોહ",
  "Daman": "દારંગ",
  "Dakshin Dinajpur": "દક્ષિણ દિનાજપુર",
  "Dakshin Bastar Dantewada": "દક્ષિણ બસ્તર દંતેવાડા",
  "Cooch Behar": "કુચ બિહાર",
  "Churachandpur": "ચુરાચંદપુર",
  "Chirang": "ચિરાંગ",
  "Chikkamagaluru": "ચિકમગલગુરુ",
  "Chhatarpur": "છતરપુર",
  "Chatra": "ચત્રા",
  "Charaideo": "ચરૈડો",
  "Changlang": "ચાંગલાંગ",
  "Chandel": "ચાંદેલ",
  "Chandauli": "ચંદૌલી",
  "Champhai": "ચંપાળ",
  "Champawat": "ચંપાવત",
  "Chamoli": "ચમોલી",
  "Chamarajanagara": "ચમરાજનગર",
  "Bundi": "બૂંદી",
  "Boudh": "બૌધ",
  "Biswanath": "બિસ્વનાથ",
  "Bishnupur": "વિષ્ણુપુર",
  "Bijapur": "બીજાપુર",
  "Bastar": "બસ્તર",
  "Barpeta": "બારપેટા",
  "Bargarh": "બારગર્હ",
  "Bankura": "બંકુરા",
  "Bemetara": "બામેતારા",
  "Baloda Bazar": "બાલોડા બજાર",
  "Balod": "બાલોડ",
  "Ballia": "બલિયા",
  "Balaghat": "બાલાઘાટ",
  "Baksa": "બક્સા",
  "Bageshwar": "બાગેશ્વર",
  "Anjaw": "અંજાવ",
  "Angul": "અંગુલ",
  "Amreli": "અમરેલી",
  "Ambedkar Nagar": "આંબેડકરનગર",
  "Alipurduar": "અલિપુરદુઆર",
  "Weeks": "અઠવાડિયા",
  "We stand with everyone fighting on the frontlines": "અમે ફ્રન્ટલાઈન પર લડતા દરેકની સાથે ઉભા છીએ",
  "Visit state page": "રાજ્યની વિગત જાણો",
  "Unknown": "અજ્ઞાત",
  "Uniform": "એક સમાન",
  "Total Cases": "કુલ કેસ",
  "Total": "કુલ",
  "Tested chart is independent of uniform scaling": "પરીક્ષણ નો ચાર્ટ એ એકરૂપતા થી સ્વતંત્ર છે ",
  "Tested": "પરીક્ષિત",
  "state/UT": "રાજ્ય / કેન્દ્રશાસિત પ્રદેશ",
  "State/UT": "રાજ્ય / કેન્દ્રશાસિત પ્રદેશ",
  "State": "રાજ્ય",
  "Spread Trends": "પ્રસાર નું વલણ",
  "Shahid Bhagat Singh Nagar": "શાહિદ ભગત સિંહ નગર",
  "Search your city, resources, etc": "તમારા શહેર, સ્રોતો, વગેરે શોધો",
  "Scale Modes": "સ્કેલ મોડ્સ",
  "report": "અહેવાલ",
  "Recovered": "સાજા થયેલા",
  "per million": "દસ લાખ દીઠ",
  "Other State": "અન્ય રાજ્ય",
  "Other state": "અન્ય રાજ્ય",
  "Other Region": "અન્ય પ્રદેશ",
  "Month": "મહિના",
  "Map": "નકશો",
  "Logarithmic": "લઘુગણક",
  "Last updated": "છેલ્લુ અપડેટ",
  "know more": "વધુ જાણો",
  "India": "ભારત",
  "Hover": "હાથ રાખો",
  "Home": "મુખ્યપૃષ્ઠ",
  "for more details": "વધુ વિગતો માટે",
  "Evacuees": "સ્થળાંતરિત કરીને આવેલા",
  "Essentials": "આવશ્યક સેવાઓ",
  "District-wise numbers are under reconciliation": "જિલ્લા મુજબની નંબરો સમાધાન હેઠળ છે",
  "District": "જીલ્લા",
  "Demographics": "વસ્તી-વિષયક",
  "Deep Dive": "વિગત વાર માહિતી",
  "Deceased": "મૃત",
  "Daily": "દૈનિક",
  "Dadra and Nagar Haveli and Daman and Diu": "દાદરા અને નગર હવેલી અને દમણ અને દીવ",
  "Cumulative": "સંચિત",
  "Confirmed": "પુષ્ટિ",
  "Compiled from State Govt. numbers": "રાજ્ય સરકાર દ્વારા સંકલિત સંખ્યાઓ",
  "Checked by default to scale uniformly.": "એકસરખી રીતે સ્કેલ કરવા માટે મૂળભૂત રીતે જ તપાસ્યું છે.",
  "Cases per million": "દસ લાખ દીઠ કેસ",
  "BSF Camp": "બીએસએફ કેમ્પ",
  "Based on 2019 population projection by NCP": "NCP દ્વારા 2019 ની જનસંખ્યા અનુમાનના આધારે",
  "As of": "સુધી",
  "Andaman and Nicobar Islands": "આંદામાન અને નિકોબાર ટાપુઓ",
  "All States": "બધા રાજ્યો",
  "ago": "અગાઉ",
  "Active": "સક્રિય",
  "About": "અમારા વિશે",
  "A crowdsourced initiative.": "લોકો દ્વારા કરેલી પહેલ",
  "Airport Quarantine": "એરપોર્ટ ક્વોરૅન્ટીન"
}