{
  "completion_ratio": "1.00",
  "Language": "భాష",
  "State Unassigned": "రాష్రం తెలియనివి",
  "District-wise {{mapOption}} numbers are under reconciliation": "జిల్లా వారీగా {{mapOption}} సంఖ్యలు నవికరించబడుతున్నవి",
  "Hotspots": "హాట్ స్పాట్లు",
  "Back": "వెనక్కి",
  "Join Telegram to Collaborate!": "సహాయం చేయడానికి టెలిగ్రాంలో చేరండి!",
  "View updates on Twitter": "ట్విట్టర్ లో అప్డేట్లు చూడండి",
  "Crowdsourced Patient Database": "ప్రజలు అందించిన బాధితుల డేటాబేస్",
  "Open Sourced on GitHub": "మేము GitHub లో ఉన్నాము",
  "See more details on {{state}}": "{{state}} వివరాలను చూడండి",
  "tap": "నొక్కండి",
  "{{action}} over a {{mapType}} for more details": "మరిన్ని వివరాలకు {{mapType}} పై {{action}}",
  "As of {{date}}": "{{date}} వరకు",
  "Zones": "జోన్లు",
  "Senior citizen support bangalore": "సీనియర్ పౌరుల మద్దతు బెంగుళూర్",
  "Locations": "స్థానాలు",
  "Groceries Chennai": "కిరాణా చెన్నై",
  "Community Kitchen in Kerala": "కేరళ లో సామూహిక వంటశాల",
  "Delhi Shelter": "ఢిల్లీ ఆవాసం",
  "Testing Pune": "టెస్టింగ్ పూనే",
  "Menu": "మెను",
  "Close": "మూయండి",
  "source": "మూలం",
  "District zones as published by MoHFW": "MoHFW ప్రచురించిన జిల్లా మండలాలు",
  "Bametara": "బమేతారా",
  "India Map": "భారతదేశం మాప్",
  "Yavatmal": "యావత్మల్",
  "Yamunanagar": "యమునా",
  "Y.S.R. Kadapa": "వైయస్సార్ కడప",
  "West Godavari": "పశ్చిమ గోదావరి",
  "West Delhi": "పశ్చిమ ఢిల్లీ",
  "West Champaran": "వెస్ట్ చంపారన్",
  "West Bengal": "వెస్ట్ బెంగాల్",
  "Wayanad": "వయనాడ్",
  "Washim": "వాషిం",
  "Wardha": "వార్ధా",
  "Warangal Urban": "వరంగల్ అర్బన్",
  "Vizianagaram": "విజయనగరం",
  "Visakhapatnam": "విశాఖపట్నం",
  "Virudhunagar": "విరుదునగర్",
  "Viluppuram": "విలుప్పురం",
  "Vikarabad": "వికారాబాద్",
  "Vijayapura": "విజయపుర",
  "Vidisha": "విదీష",
  "Vellore": "వెల్లూర్",
  "Varanasi": "వారణాసి",
  "Valsad": "వల్సాడ్",
  "Vaishali": "వైశాలి",
  "Vadodara": "వడోదర",
  "Uttarakhand": "ఉత్తరాఖండ్",
  "Uttara Kannada": "ఉత్తర కన్నడ",
  "Uttar Pradesh": "ఉత్తర ప్రదేశ్",
  "Unnao": "ఉన్నావ్",
  "Una": "ఉన",
  "Ujjain": "ఉజ్జయినీ",
  "Udupi": "ఉడిపి",
  "Udhampur": "ఉధంపూర్",
  "Udham Singh Nagar": "ఉద్దం సింగ్ నగర్",
  "Udaipur": "ఉదయపూర్",
  "Tumakuru": "తుముకూరు",
  "Tripura": "త్రిపుర",
  "Tonk": "టాంక్",
  "Tiruvannamalai": "తిరువన్నమలై",
  "Tiruppur": "తిరుప్పూర్",
  "Tirupathur": "తిరుపతూర్",
  "Tirunelveli": "తిరునల్వేలి",
  "Tiruchirappalli": "తిరుచిరాపల్లి",
  "Tikamgarh": "తికంగర్",
  "Thrissur": "త్రిస్సూర్",
  "Thoothukkudi": "తూతుక్కుడి",
  "Thiruvarur": "తిరువరూర్",
  "Thiruvananthapuram": "తిరువంతపురం",
  "Thiruvallur": "తిరువల్లూర్",
  "Theni": "థేని",
  "Thanjavur": "తంజావూరు",
  "Thane": "థానే",
  "Tenkasi": "తేన్కాసి",
  "Telangana": "తెలంగాణ",
  "Tarn Taran": "టార్న్ తరణ్",
  "Tapi": "టపి",
  "Tamil Nadu": "తమిళనాడు",
  "Suryapet": "సూర్యాపేట",
  "Surendranagar": "సురేంద్రనగర్",
  "Surat": "సూరత్",
  "Surajpur": "షార్జాపూర్",
  "Supaul": "సుపౌల్",
  "Sundargarh": "సుందర్గఢ్",
  "Sultanpur": "సుల్తాన్పూర్",
  "Srinagar": "శ్రీనగర్",
  "Srikakulam": "శ్రీకాకుళం",
  "Sri Muktsar Sahib": "శ్రీ ముక్త్సార్ సాహిబ్",
  "South West Delhi": "దక్షిణ పశ్చిమ ఢిల్లీ",
  "South Salmara Mankachar": "దక్షిణ సాలమర మంకచర్",
  "South Goa": "దక్షిణ గోవా",
  "South East Delhi": "ఆగ్నేయ ఢిల్లీ",
  "South Delhi": "దక్షిణ ఢిల్లీ",
  "South Andaman": "దక్షిణ అండమాన్",
  "South 24 Parganas": "దక్షిణ 24 పరగణాల",
  "Sonipat": "సోనిపట్",
  "Solapur": "సోలాపూర్",
  "Solan": "సోలన్",
  "Siwan": "శివన్",
  "Sivaganga": "శివగంగ",
  "Sitapur": "సీతాపూర్",
  "Sitamarhi": "సీతామర్హి",
  "Sirsa": "సిర్సా",
  "Sirohi": "సిరోహి",
  "Sirmaur": "శ్రీమౌర్",
  "Sindhudurg": "సింధుదుర్గ్",
  "Simdega": "సిందేగా",
  "Sikkim": "సిక్కిం",
  "Sikar": "సికార్",
  "Siddipet": "సిద్దిపేట",
  "Siddharthnagar": "సిద్దార్థ్ నగర్",
  "Shrawasti": "శ్రవస్తి",
  "Shopiyan": "షోపియాన్",
  "Shivpuri": "శివపురి",
  "Shimla": "సిమ్లా",
  "Sheopur": "శియోపూర్",
  "Sheohar": "శియోహర్",
  "Sheikhpura": "షేక్ పురా",
  "Shamli": "షామిలి",
  "Shajapur": "షాజాపూర్",
  "Shahjahanpur": "షాజహాన్పూర్",
  "Shahdol": "శాహ్డోలు",
  "Shahdara": " షాహ్దార",
  "Sehore": "సిహోరే",
  "Sawai Madhopur": "శవై మధోపూర్",
  "Satna": "సాత్నా",
  "Satara": "సతారా",
  "Saran": "సరన్",
  "Sant Kabir Nagar": "సంత్ కబీర్ నగర్",
  "Sangrur": "సంగ్రూర్",
  "Sangli": "సాంగ్లి",
  "Sangareddy": "సంగారెడ్డి",
  "Sambhal": "సంభల్",
  "Samba": "సాంబా",
  "Samastipur": "సమస్తిపూర్",
  "Salem": "సేలం",
  "Saharsa": "సహర్ష",
  "Saharanpur": "సహారన్పూర్",
  "Sagar": "సాగర్",
  "Sabarkantha": "సబర్కాంత",
  "S.P.S. Nellore": "శ్రీ పొట్టి శ్రీరాములు నెల్లూరు",
  "S.A.S. Nagar": "S.A.S. నగర్",
  "Rupnagar": "రూప్నగర్",
  "Rohtas": "రోహ్తాస్",
  "Rohtak": "రోహ్తక్",
  "Rewari": "రేవారి",
  "Rewa": "రేవా",
  "Reasi": "రియాసి",
  "Ratnagiri": "రత్నగిరి",
  "Ratlam": "రత్లాం",
  "Ranipet": "రాణిపేట",
  "Ranga Reddy": "రంగారెడ్డి",
  "Ranchi": "రాంచీ",
  "Rampur": "రాంపూర్",
  "Ramban": "రాంబన్",
  "Ramanathapuram": "రామనాథపురం",
  "Rajsamand": "రాజసమండ్",
  "Rajouri": "రాజౌరి",
  "Rajnandgaon": "రాజ్ నంద్ గావ్",
  "Rajkot": "రాజ్కోట్",
  "Rajgarh": "రాజ్ఘర్",
  "Rajasthan": "రాజస్థాన్",
  "Rajanna Sircilla": "రాజన్న సిర్సిల్ల",
  "Raisen": "రాయ్సేన్",
  "Raipur": "రాయ్పూర్",
  "Raigad": "రాయగడ్",
  "Rae Bareli": "రాయ్బరేలీ",
  "Purnia": "పూర్ణియా",
  "Puri": "పూరి",
  "Purba Medinipur": "పూర్బా మేదినీపూర్",
  "Purba Bardhaman": "పుర్బా బర్ధమాన్",
  "Punjab": "పంజాబ్",
  "Pune": "పూనే",
  "Pulwama": "పుల్వామా",
  "Pudukkottai": "పుడుక్కొట్టాయ్",
  "Puducherry": "పుదుచ్చేరి",
  "Prayagraj": "ప్రయాగ్రాజ్",
  "Pratapgarh": "ప్రతాప్గఢ్",
  "Prakasam": "ప్రకాశం",
  "Porbandar": "పోర్బందర్",
  "Pilibhit": "పిలిభిత్",
  "Perambalur": "పెరంబలూర్",
  "Peddapalli": "పెద్దపల్లి",
  "Pauri Garhwal": "పూరీ గర్హ్వాల్",
  "Patna": "పాట్నా",
  "Patiala": "పాటియాలా",
  "Pathankot": "పఠాంకోట్",
  "Pathanamthitta": "పతనంతిట్ట",
  "Patan": "పటాన్",
  "Paschim Medinipur": "పశ్చిమ్ మిడ్నాపూర్",
  "Paschim Bardhaman": "పశ్చిమ్ బర్ధమాన్",
  "Parbhani": "పర్భాని",
  "Panna": "పన్నా",
  "Panipat": "పానిపట్",
  "Panchmahal": "పంచమహల్",
  "Panchkula": "పంచకుల",
  "Palwal": "పల్వాల్",
  "Pali": "పాలి",
  "Palghar": "పల్ఘర్",
  "Palamu": "పాలము",
  "Palakkad": "పాలక్కాడ్",
  "Osmanabad": "ఉస్మానాబాద్",
  "Odisha": "ఒడిషా",
  "Nuh": "నుహ్",
  "North West Delhi": "నార్త్ వెస్ట్ ఢిల్లీ",
  "North Tripura": "నార్త్ త్రిపుర",
  "North Goa": "నార్త్ గోవా",
  "North East Delhi": "ఈశాన్య ఢిల్లీ",
  "North Delhi": "ఉత్తర ఢిల్లీ",
  "North and Middle Andaman": "ఉత్తర మరియు మధ్య అండమాన్",
  "North 24 Parganas": "ఉత్తర 24 పరగణాల",
  "Nizamabad": "నిజామాబాద్",
  "Nirmal": "నిర్మల్",
  "Nilgiris": "నీల్గిరిస్",
  "New Delhi": "న్యూఢిల్లీ",
  "Neemuch": "నీముచ్",
  "Nayagarh": "నయగర్",
  "Nawada": "నవాడా",
  "Navsari": "నవసారి",
  "Nashik": "నాసిక్",
  "Narmada": "నర్మదా",
  "Narayanpet": "నారాయణపేట",
  "Nandurbar": "నన్దూర్ బార్",
  "Nanded": "నాందేడ్",
  "Namakkal": "నమక్కల్",
  "Nalgonda": "నల్గొండ",
  "Nalbari": "నల్బరి",
  "Nalanda": "నలంద",
  "Nainital": "నైనిటాల్",
  "Nagpur": "నాగ్పూర్",
  "Nagaur": "నాగౌర్",
  "Nagarkurnool": "నాగర్ కర్నూల్",
  "Nagapattinam": "నాగపట్నం",
  "Nagaland": "నాగాలాండ్",
  "Nadia": "నాడియా",
  "Mysuru": "మైసూరు",
  "Muzaffarpur": "ముజఫర్పూర్",
  "Muzaffarnagar": "ముజఫర్నగర్",
  "Murshidabad": "ముర్షిదాబాద్",
  "Munger": "ముంగేర్",
  "Mumbai Suburban": "ముంబై సబర్బన్",
  "Mumbai": "ముంబై",
  "Mulugu": "ములుగు",
  "Morigaon": "మోరిగాన్",
  "Morena": "మోరేన",
  "Morbi": "మూర్బి",
  "Moradabad": "మోరాడాబాద్",
  "Moga": "మోగ",
  "Mizoram": "మిజోరం",
  "Mirzapur": "మిర్జాపూర్",
  "Mehsana": "మెహసానా",
  "Meghalaya": "మేఘాలయ",
  "Meerut": "మీరట్",
  "Medchal Malkajgiri": "మేడ్చల్ మల్కాజ్గిరి",
  "Medak": "మెదక్",
  "Mayurbhanj": "మయూర్ భంజ్",
  "Mau": "మాయు",
  "Mathura": "మధుర",
  "Mansa": "మాన్సా",
  "Manipur": "మణిపూర్",
  "Mandya": "మాండ్య",
  "Mandsaur": "మాంద్సౌర్",
  "Mandi": "మండి",
  "Mancherial": "మంచేరియాల్",
  "Malda": "మాల్దా",
  "Malappuram": "మలప్పురం",
  "Mainpuri": "మెయిన్పురి",
  "Mahoba": "మహోబ",
  "Mahisagar": "మహి సాగర్",
  "Mahendragarh": "మహేంద్ర ఘర్",
  "Mahe": "మాహే",
  "Maharashtra": "మహారాష్ట్ర",
  "Maharajganj": "మహరాజ్గంజ్",
  "Mahabubnagar": "మహబూబ్ నగర్",
  "Mahabubabad": "మహబూబాబాద్",
  "Madurai": "మధురై",
  "Madhya Pradesh": "మధ్యప్రదేశ్",
  "Madhubani": "మధుబని",
  "Madhepura": "మాధేపురా",
  "Ludhiana": "లుధియానా",
  "Lucknow": "లక్నో",
  "Lohit": "లోహిత్",
  "Leh": "లేహ్",
  "Latur": "లాతూర్",
  "Lakshadweep": "లక్షద్వీప్",
  "Lakhisarai": "లఖిసరై",
  "Lakhimpur Kheri": "లఖింపూర్ ఖేరి",
  "Lakhimpur": "లఖింపూర్",
  "Ladakh": "లడఖ్",
  "Kutch": "కచ్",
  "Kushinagar": "కుషినగర్",
  "Kurukshetra": "కురుక్షేత్ర",
  "Kurnool": "కర్నూలు",
  "Kupwara": "కుప్వారా",
  "Kulgam": "కుల్లామ్",
  "Krishnagiri": "క్రిష్ణగిరి",
  "Krishna": "కృష్ణ",
  "Kozhikode": "కోజికోడ్",
  "Kottayam": "కొట్టాయం",
  "Kota": "కోటా",
  "Korba": "కోర్బా",
  "Koraput": "కోరాపుట్",
  "Komaram Bheem": "కొమరం భీమ్",
  "Kollam": "కొల్లాం",
  "Kolkata": "కోలకతా",
  "Kolhapur": "కొల్హాపూర్",
  "Kokrajhar": "కోక్రాఝర్",
  "Koderma": "కోడెర్మ",
  "Kodagu": "కొడగు",
  "Kishtwar": "కిష్ట్వార్",
  "Kishanganj": "కిషన్గంజ్",
  "Khordha": "ఖోర్ధ",
  "Kheda": "ఖేడా",
  "Khargone": "ఖర్గోన్",
  "Khandwa": "ఖాండ్వా",
  "Khammam": "ఖమ్మం",
  "Khagaria": "ఖగరియా",
  "Kerala": "కేరళ",
  "Kendujhar": "కెందుజ్హర్",
  "Kendrapara": "కేంద్రపారా",
  "Kaushambi": "కుశంబి",
  "Katihar": "కటిహర్",
  "Kathua": "కథువ",
  "Kasganj": "కస్ గంజ్",
  "Kasaragod": "కాసర్గోడ్",
  "Karur": "కరూర్",
  "Karnataka": "కర్ణాటక",
  "Karnal": "కర్నాల్",
  "Karimnagar": "కరీంనగర్",
  "Karimganj": "కరీంగంజ్",
  "Kargil": "కార్గిల్",
  "Karauli": "కరౌలి",
  "Kapurthala": "కపుర్తలా",
  "Kanyakumari": "కన్యాకుమారి",
  "Kanpur Nagar": "కాన్పూర్ నగర్",
  "Kanpur Dehat": "కాన్పూర్ దేహత్",
  "Kannur": "కన్నూర్",
  "Kannauj": "కనౌజ్",
  "Kangra": "కాంగ్రా",
  "Kancheepuram": "కాంచీపురం",
  "Kamrup Metropolitan": "కామరూప్ మెట్రోపాలిటన్",
  "Kamrup": "కామరూప్",
  "Kamareddy": "కామారెడ్డి",
  "Kallakurichi": "కల్లకురిచి",
  "Kalimpong": "కాలింపాంగ్ లో",
  "Kalahandi": "కలహండి",
  "Kalaburagi": "కాలాబురగి",
  "Kaithal": "కైతల్",
  "Kaimur": "కైమూర్",
  "Kabeerdham": "కబీర్దామ్ ",
  "Junagadh": "జునాగఢ్",
  "Jogulamba Gadwal": "జోగులాంబ గద్వాల్",
  "Jodhpur": "జోధ్పూర్",
  "Jind": "జింద్",
  "Jhunjhunu": "జున్జును",
  "Jharsuguda": "ఝర్సుగుడా",
  "Jharkhand": "జార్ఖండ్",
  "Jhansi": "ఝాన్సీ",
  "Jhalawar": "ఝలావర్",
  "Jhajjar": "ఝజ్జర్",
  "Jhabua": "జబువా",
  "Jehanabad": "జెహానాబాద్",
  "Jayashankar Bhupalapally": " జయశంకర్ భూపాలపల్లి",
  "Jaunpur": "జౌన్పూర్",
  "Jangaon": "జనగాం",
  "Jamtara": "జంతారా",
  "Jamnagar": "జామ్నగర్",
  "Jammu and Kashmir": "జమ్మూ కాశ్మీర్",
  "Jammu": "జమ్మూ",
  "Jalpaiguri": "జల్పైగురి",
  "Jalore": "జాలూరు",
  "Jalna": "జాల్నా",
  "Jalgaon": "జల్గావ్",
  "Jalaun": "జలాఉన్",
  "Jalandhar": "జలంధర్",
  "Jajpur": "జైపూర్",
  "Jaisalmer": "జైసల్మేర్",
  "Jaipur": "జైపూర్",
  "Jagtial": "జగిత్యాల",
  "Jagatsinghpur": "జగత్సింగ్పూర్",
  "Jabalpur": "జబల్పూర్",
  "Italians": "ఇటాలియన్లు",
  "Indore": "ఇండోర్",
  "Imphal West": "ఇంఫాల్ వెస్ట్",
  "Imphal East": "ఇంఫాల్ ఈస్ట్",
  "Idukki": "ఇడుక్కి",
  "Hyderabad": "హైదరాబాద్",
  "Howrah": "హౌరా",
  "Hoshiarpur": "హోషియార్పూర్",
  "Hoshangabad": "హొసంగాబాద్",
  "Hooghly": "హుగ్లీ",
  "Hisar": "హిసార్",
  "Hingoli": "హింగోలీ",
  "Himachal Pradesh": "హిమాచల్ ప్రదేశ్",
  "Hazaribagh": "హజారీబాగ్",
  "Haveri": "హావేరి",
  "Hathras": "హత్రాస్",
  "Haryana": "హర్యానా",
  "Haridwar": "హరిద్వార్",
  "Hardoi": "హార్దోయ్",
  "Harda": "హర్దా",
  "Hapur": "హాపూర్",
  "Hanumangarh": "హనుమాన్ గర్",
  "Hamirpur": "హమీర్ పూర్",
  "Hailakandi": "హైలాకండి",
  "Gwalior": "గౌలియార్",
  "Gurugram": "గురుగామ్",
  "Gurdaspur": "గురుదాస్పూర్",
  "Guntur": "గుంటూరు",
  "Guna": "గుణ",
  "Gujarat": "గుజరాత్",
  "Gorakhpur": "గోరఖ్పూర్",
  "Gopalganj": "గోపాల్ గంజ్",
  "Gondia": "గోండియా",
  "Gonda": "గోండా",
  "Gomati": "గోమతి",
  "Golaghat": "గోలాఘాట్",
  "Godda": "గొడ్డా",
  "Goalpara": "గోల్పార",
  "Goa": "గోవా",
  "Giridih": "గిరిధ్",
  "Gir Somnath": "గిర్ సోమనాథ్",
  "Ghazipur": "గాజీపూర్",
  "Ghaziabad": "ఘజియాబాద్",
  "Gaya": "గయ",
  "Gautam Buddha Nagar": "గౌతమ్ బుద్ధ నగర్",
  "Garhwa": "గర్హ్వా",
  "Ganjam": "గంజాం",
  "Gandhinagar": "గాంధీనగర్",
  "Ganderbal": "గండేర్బాల్",
  "Gadchiroli": "గడ్చిరోలి",
  "Gadag": "గడగ్",
  "Firozabad": "ఫిరోజాబాద్",
  "Ferozepur": "ఫిరోజ్పూర్",
  "Fazilka": "ఫాజిల్కా",
  "Fatehpur": "ఫతేపూర్",
  "Fatehgarh Sahib": "ఫతేగఢ్ సాహిబ్",
  "Fatehabad": "ఫతేహాబాద్",
  "Faridkot": "ఫరీద్కోట్",
  "Faridabad": "ఫరీదాబాద్",
  "Etawah": "ఎటావాహ్",
  "Etah": "ఎటాహ్",
  "Erode": "ఈరోడ్",
  "Ernakulam": "ఎర్నాకులం",
  "East Khasi Hills": "ఈస్ట్ కాశీ హిల్స్",
  "East Godavari": "తూర్పు గోదావరి",
  "East Delhi": "తూర్పు ఢిల్లీ",
  "East Champaran": "తూర్పు చంపారణ్",
  "Durg": "దుర్గ్",
  "Dungarpur": "కొండల రాజ్యం",
  "Dumka": "దుమ్కా",
  "Dindori": "దిందోరి",
  "Dindigul": "దిండిగల్",
  "Dhule": "ధూలే",
  "Dhubri": "ధుబ్రి",
  "Dholpur": "ధోల్పూర్",
  "Dhenkanal": "దెంకనల్",
  "Dharwad": "ధార్వాడ్",
  "Dharmapuri": "ధర్మపురి",
  "Dhar": "ధర్",
  "Dhanbad": "ధన్బాద్",
  "Dhalai": "దలై",
  "Dewas": "దేవాస్",
  "Devbhumi Dwarka": "దేవభూమి ద్వారకా",
  "Deoria": "డెఒరియా",
  "Deoghar": "డియోఘర్",
  "Deogarh": "డియోగర్",
  "Delhi": "ఢిల్లీ",
  "Dehradun": "డెహ్రాడూన్",
  "Davanagere": "దావణగేరె",
  "Dausa": "దౌసా",
  "Darjeeling": "డార్జిలింగ్",
  "Darbhanga": "దర్భాంగా",
  "Dang": "డాంగ్",
  "Daman and Diu": "డామన్ మరియు డయ్యు",
  "Dakshina Kannada": "దక్షిణ కన్నడ",
  "Dahod": "దాహోడ్",
  "Dadra and Nagar Haveli": "దాద్రా మరియు నగర్ హవేలీ",
  "Cuttack": "కటక్",
  "Cuddalore": "కడలూరు",
  "Coimbatore": "కోయంబత్తూరు",
  "Churu": "చురు",
  "Chittorgarh": "చిత్తోర్ గర్",
  "Chittoor": "చిత్తూరు",
  "Chitrakoot": "చిత్రకూట్",
  "Chitradurga": "చిత్రదుర్గ",
  "Chikkaballapura": "చిక్కబల్లపురా",
  "Chhota Udaipur": "చోటా ఉదయపూర్",
  "Chhindwara": "చింద్వారా",
  "Chhattisgarh": "ఛత్తీస్గఢ్",
  "Chennai": "చెన్నై",
  "Chengalpattu": "చెంగల్పట్టు",
  "Charkhi Dadri": "దాద్రి చర్కి",
  "Chandrapur": "చంద్రపూర్",
  "Chandigarh": "చండీగఢ్",
  "Chamba": "చంబా",
  "Central Delhi": "సెంట్రల్ ఢిల్లీ",
  "Cachar": "కచార్",
  "Buxar": "బక్సర్",
  "Burhanpur": "బురహన్పూర్లలో",
  "Buldhana": "బుల్దానా",
  "Bulandshahr": "బులంద్షహర్",
  "Budgam": "బడ్ గాం",
  "Budaun": "బడౌన్",
  "Botad": "బోటడ్లు",
  "Bongaigaon": "బొంగైగోన్",
  "Bokaro": "బొకారో",
  "Birbhum": "బీర్బుమ్",
  "Bilaspur": "బిలాస్పూర్",
  "Bikaner": "బికానెర్",
  "Bijnor": "బిజ్నోర్",
  "Bihar": "బీహార్",
  "Bidar": "బీదర్",
  "Bhopal": "భూపాల్",
  "Bhojpur": "భోజ్పూర్",
  "Bhiwani": "భివాని",
  "Bhind": "భింద్ ",
  "Bhilwara": "భిల్వారా",
  "Bhavnagar": "భావ్నగర్",
  "Bharuch": "బారుచ్",
  "Bharatpur": "భరత్పూర్",
  "Bhandara": "భండారా",
  "Bhagalpur": "భాగల్పూర్",
  "Bhadrak": "భద్రక్",
  "Bhadradri Kothagudem": "భద్రాద్రి కొత్తగూడెం",
  "Bhadohi": "భదోహి",
  "Betul": "బెతుల్",
  "Bengaluru Urban": "బెంగళూరు అర్బన్",
  "Bengaluru Rural": "బెంగళూరు రూరల్",
  "Belagavi": "బెలగావి",
  "Begusarai": "బెగుసారై",
  "Beginning": "ప్రారంభం ",
  "Beed": "బీడ్",
  "Bathinda": "భటిండా",
  "Basti": "బస్తీ",
  "Barwani": "బర్వాని",
  "Barnala": "బర్నాల",
  "Barmer": "బార్మర్",
  "Bareilly": "బారెల్లీ",
  "Baran": "బరన్",
  "Baramulla": "బారాముల్లా",
  "Barabanki": "బారాబంకి",
  "Banswara": "బన్స్వారా",
  "Banka": "బంకా",
  "Bandipora": "బండిపొర",
  "Banda": "బండ",
  "Banaskantha": "బనస్కాంత",
  "Balrampur": "బలరామ్పూర్",
  "Ballari": "బళ్లారి",
  "Balasore": "బాలాసోర్",
  "Balangir": "బలంగీర్",
  "Bahraich": "బహ్రెయిచ్",
  "Baghpat": "బాగ్ పట్",
  "Bagalkote": "బగల్కొటే",
  "Azamgarh": "ఆజంగఢ్",
  "Ayodhya": "అయోధ్య",
  "Aurangabad": "ఔరంగాబాద్",
  "Auraiya": "ఔరయ్యా",
  "Assam": "అస్సాం",
  "Ashoknagar": "అశోక్ నగర్",
  "Arwal": "ఆర్వాల్",
  "Arunachal Pradesh": "అరుణాచల్ ప్రదేశ్",
  "Ariyalur": "అరియాలూర్",
  "Aravalli": "ఆరావళి",
  "Araria": "ఆరారియా",
  "Anuppur": "అనుప్పుర్",
  "Andhra Pradesh": "ఆంధ్రప్రదేశ్",
  "Anantnag": "అనంతనాగ్",
  "Anantapur": "అనంతపురం",
  "Anand": "ఆనంద్",
  "Amroha": "అంరోహ",
  "Amritsar": "అమృత్సర్",
  "Amravati": "అమరావతి",
  "Amethi": "అమేథి",
  "Ambala": "అంబాలా",
  "Alwar": "అల్వార్",
  "Almora": "అల్మోర",
  "Alirajpur": "అలీరాజపూర్",
  "Aligarh": "అలిగర్",
  "Alappuzha": "అలప్పుజ",
  "Akola": "అకోలా",
  "Ajmer": "అజ్మీర్",
  "Aizawl": "ఏయిజావ్ల్",
  "Ahmednagar": "అహ్మద్ నగర్",
  "Ahmedabad": "అహ్మదాబాద్",
  "Agra": "ఆగ్రా",
  "Agar Malwa": "అగర్ మాల్వా",
  "Adilabad": "ఆదిలాబాద్",
  "Yanam": "యానాం",
  "Yadgir": "యదగిర్",
  "Yadadri Bhuvanagiri": "యాదాద్రి భువనగిరి",
  "West Tripura": "వెస్ట్ త్రిపుర",
  "West Singhbhum": "వెస్ట్ సింఘ్భుం",
  "West Siang": "పశ్చిమ సియాంగ్",
  "West Khasi Hills": "వెస్ట్ కాశీ హిల్స్",
  "West Karbi Anglong": "వెస్ట్ కర్బీ ఆంగ్లాంగ్",
  "West Kameng": "పశ్చిమ కమెంగ్",
  "West Jaintia Hills": "వెస్ట్ జైన్టియా హిల్స్",
  "West Garo Hills": "వెస్ట్ గారో హిల్స్",
  "Warangal Rural": "వరంగల్ రూరల్",
  "Wanaparthy": "వనపర్తి",
  "Uttarkashi": "ఉత్తరకాశీ",
  "Uttar Dinajpur": "ఉత్తర దినాజ్పూర్",
  "Uttar Bastar Kanker": "ఉత్తర బస్తర్ కంకేర్",
  "Upper Subansiri": "అప్పర్ సుబన్సిరి",
  "Upper Siang": "అప్పర్ సియాంగ్",
  "Upper Dibang Valley": "అప్పర్ దిబాంగ్ లోయ",
  "Unokoti": "ఉనోకోటి",
  "Umaria": "ఉమారియా",
  "Ukhrul": "ఉఖ్రుల్",
  "Udalguri": "ఉడాల్గురి",
  "Tirap": "తిరాప్",
  "Tinsukia": "టిన్సుకియా",
  "Thoubal": "తౌబాల్",
  "Tengnoupal": "టెన్గ్నౌపాల్",
  "Tehri Garhwal": "టెహ్రీ గర్వాల్",
  "Tawang": "తవాంగ్",
  "Tamenglong": "తమెంగ్లాంగ్",
  "Surguja": " సుర్గుజా",
  "Sukma": "సుక్మా",
  "Subarnapur": "సుబర్నపుర్",
  "South West Khasi Hills": "సౌత్ వెస్ట్ కాశీ హిల్స్",
  "South West Garo Hills": "సౌత్ వెస్ట్ గారో హిల్స్",
  "South Tripura": "సౌత్ త్రిపుర",
  "South Garo Hills": "దక్షిణ గారో హిల్స్",
  "Sonitpur": "సోనిత్పూర్",
  "Sonbhadra": "సొంభద్ర",
  "Sivasagar": "శివసాగర్",
  "Sipahijala": "సిపాహిజాల",
  "Singrauli": "సింగ్రౌలి",
  "Sidhi": "సిద్ధి",
  "Siang": "సియాంగ్",
  "Shivamogga": "శివమొగ్గ",
  "Shi Yomi": "షి యామి",
  "Serchhip": "సెర్చ్ఛిప్",
  "Seoni": "సియోనీ",
  "Senapati": "సేనాపతి",
  "Saraikela-Kharsawan": "సరైకెల-ఖర్సవాన్",
  "Sambalpur": "సంబల్పూర్",
  "Saitual": "సైతుఅల్",
  "Saiha": "సైహ",
  "Sahibganj": "సాహిబ్ గంజ్",
  "Rudraprayag": "రుద్రప్రయాగ",
  "Ribhoi": "రిభోయి",
  "Rayagada": "రాయగడ",
  "Ramgarh": "రాంగడ్",
  "Ramanagara": "రామనగర",
  "Raigarh": "రాయ్గఢ్",
  "Raichur": "రాయచూర్",
  "Purulia": "పురులియా",
  "Punch": "పంచ్",
  "Pithoragarh": "పితోరగర్",
  "Pherzawl": "ఫేర్జాల్",
  "Papum Pare": "పాపుమ్ పారె",
  "Pakur": "పాకూర్",
  "Pakke Kessang": "పక్కే కెస్సంగ్",
  "Nuapada": "నుఆపద",
  "North Garo Hills": "ఉత్తర గారో హిల్స్",
  "Noney": "నోనే",
  "Niwari": "నివారి",
  "Nicobars": "నికోబార్లు",
  "Narsinghpur": "నర్సింగ్ పుర్",
  "Narayanpur": "నారాయణ్పూర్",
  "Namsai": "నామసాయి",
  "Nagaon": "నాగావ్",
  "Nabarangapur": "నబరంగాపుర్",
  "Muzaffarabad": "ముజఫరాబాద్",
  "Mungeli": "ముంగెలి",
  "Mirpur": "మిర్పూర్",
  "Mandla": "మాండ్ల",
  "Mamit": "మామిట్",
  "Malkangiri": "మల్కాన్గిరి",
  "Majuli": "మజూలి",
  "Mahasamund": "మహాసముండ్",
  "Lunglei": "లంగ్లై",
  "Lower Subansiri": "లోయర్ సుబన్సిరి",
  "Lower Siang": "లోయర్ సియాంగ్",
  "Lower Dibang Valley": "లోయర్ దిబాంగ్ లోయ",
  "Longding": "లాంగ్ డింగ్",
  "Lohardaga": "లోహర్ దగా",
  "Lepa Rada": "లేప రాదా",
  "Lawngtlai": "లవంగ్త్లై",
  "Latehar": "లాతేహార్",
  "Lalitpur": "లలిత్పూర్",
  "Lahaul and Spiti": "లాహౌల్, స్పితి",
  "Kurung Kumey": "కురుంగ్ కుమే",
  "Kullu": "కుల్లు",
  "Kra Daadi": "క్రా దాది",
  "Koriya": "కొరియా",
  "Koppal": "కొప్పల్",
  "Kondagaon": "కొండగాన్",
  "Kolasib": "కోలసిబ్",
  "Kolar": "కోలార్",
  "Kinnaur": "కిన్నౌర్",
  "Khunti": "ఖుంటి",
  "Khowai": "ఖోవాయి",
  "Khawzawl": "ఖావ్జావ్ల్",
  "Katni": "కాట్నీ",
  "Karbi Anglong": "కర్బీ ఆంగ్లాంగ్",
  "Karaikal": "కారైకాల్",
  "Kangpokpi": "కంగ్పోక్పి",
  "Kandhamal": "కంధమాల",
  "Kamle": "కంలే",
  "Kamjong": "కంజోంగ్",
  "Kakching": "కక్చింగ్",
  "Jorhat": "జోర్హాట",
  "Jiribam": "జిరిబం",
  "Jhargram": "జార్గ్రామ్",
  "Jashpur": "జష్ పుర్",
  "Janjgir Champa": "జంజ్గిర్ చంపా",
  "Jamui": "జముయి",
  "Hojai": "హోజాయ్",
  "Hnahthial": "హనహ్థియాల్",
  "Hassan": "హసన్",
  "Gumla": "గుంలా",
  "Gariaband": "గారియాబంద్",
  "Ganganagar": "గంగానగర్",
  "Gajapati": "గజపతి",
  "Farrukhabad": "ఫరూఖాబాద్",
  "East Singhbhum": "తూర్పు సింఘ్భుం",
  "East Siang": "తూర్పు సియాంగ్",
  "East Kameng": "తూర్పు కమెంగ్",
  "East Jaintia Hills": "తూర్పు జైన్టియా హిల్స్",
  "East Garo Hills": "తూర్పు గారో హిల్స్",
  "Doda": "దోడ",
  "Diu": "డయ్యూ",
  "Dima Hasao": "డిమా హాసావు ",
  "Dibrugarh": "దిబ్రుగార్హ",
  "Dhemaji": "దేమాజి ",
  "Dhamtari": "దంతారి ",
  "Datia": "దటియా",
  "Darrang": "డర్రంగ్ ",
  "Damoh": "డమోహ్ ",
  "Daman": "డామన్",
  "Dakshin Dinajpur": "దక్షిణ దినాజ్పూర్",
  "Dakshin Bastar Dantewada": "దక్షిణ్ బస్తర్ దంతేవాడ",
  "Cooch Behar": "కూచ్ బెహార్",
  "Churachandpur": "చురచంద్పూర్",
  "Chirang": "చిరాంగ్",
  "Chikkamagaluru": "చిక్కమంగళూరు",
  "Chhatarpur": "చ్ఛాత్తర్ పూర్ ",
  "Chatra": "చాట్ర ",
  "Charaideo": "చరైడియో ",
  "Changlang": "చాంగ్లాంగ్",
  "Chandel": "చందేల్",
  "Chandauli": "చందౌలీ",
  "Champhai": "చంఫాయి",
  "Champawat": "చంపావత్",
  "Chamoli": "చమోలి",
  "Chamarajanagara": "చామరాజనగర ",
  "Bundi": "బుండి",
  "Boudh": "బౌధ్ ",
  "Biswanath": "బిశ్వనాథ్ ",
  "Bishnupur": "బిష్ణుపూర్",
  "Bijapur": "బీజాపూర్",
  "Bastar": "బస్తర్",
  "Barpeta": "బార్పేట",
  "Bargarh": "బార్గర్హ్ ",
  "Bankura": "బంకురా",
  "Bemetara": "బమేతర ",
  "Baloda Bazar": "బాలోద బజార్",
  "Balod": "బాలోద్ ",
  "Ballia": "బాలియా",
  "Balaghat": "బాలాఘాట్",
  "Baksa": "బక్స ",
  "Bageshwar": "బాగేశ్వర్",
  "Anjaw": "అంజవ్ ",
  "Angul": "అంగుల్",
  "Amreli": "అమ్రేలి",
  "Ambedkar Nagar": "అంబేద్కర్ నగర్",
  "Alipurduar": "అలీపూర్ద్వార్",
  "Weeks": "వారాలు",
  "We stand with everyone fighting on the frontlines": "మేము ముందడుగు వేసి పోరాడే వాళ్ళతో నిలబడతాము",
  "Visit state page": "రాష్ట్ర పేజీకి వెళ్ళండి",
  "Unknown": "తెలియనివి",
  "Uniform": "సమాంతర లెక్క",
  "Total Cases": "మొత్తం కేసులు",
  "Total": "మొత్తం",
  "Tested chart is independent of uniform scaling": "పరీక్షల పట్టికకు  ఏకరీతి కొలమానముతో సంబంధం లేదు ",
  "Tested": "పరీక్షించబడినవి",
  "state/UT": "రాష్ట్రం / కేంద్ర పాలిత ప్రాంతం",
  "State/UT": "రాష్ట్రం / కేంద్ర పాలిత ప్రాంతం",
  "State": "రాష్ట్రం",
  "Spread Trends": "వ్యాప్తి ట్రెండ్లు",
  "Shahid Bhagat Singh Nagar": "షాహిద్ భగత్ సింగ్ నగర్",
  "Search your city, resources, etc": "మీ నగరం, వనరులు మొదలైనవి శోధించండి.",
  "Scale Modes": "కొలమాన విధానాలు ",
  "report": "నివేదిక",
  "Recovered": "కోలుకున్నవారు",
  "per million": "మిలియన్ చొప్పున",
  "Other State": "ఇతర రాష్ట్రం",
  "Other state": "ఇతర రాష్ట్రం",
  "Other Region": "ఇతర ప్రాంతం",
  "Month": "నెల",
  "Map": "మ్యాప్",
  "Logarithmic": "సంవర్గమాన",
  "Last updated": "చివరిగా నవీకరించబడింది",
  "know more": "మరింత తెలుసుకోండి",
  "India": "భారతదేశం",
  "Hover": "కర్సర్ పైన ఉంచండి ",
  "Home": "హోమ్ పేజీ",
  "for more details": "మరిన్ని వివరాలకు",
  "Evacuees": "నిర్వాసితులు",
  "Essentials": "నిత్య అవసర వస్తువులు",
  "District-wise numbers are under reconciliation": "జిల్లా వారీగా సంఖ్యలు  అప్డేట్ చేస్తూ ఉన్నాము",
  "District": "జిల్లా",
  "Demographics": "జనాభా విశ్లేషణ",
  "Deep Dive": "పూర్తి విశ్లేషణ",
  "Deceased": "మరణించినవారు",
  "Daily": "రోజు వారీ లెక్క",
  "Dadra and Nagar Haveli and Daman and Diu": "దాద్రా మరియు నగర్ హవేలీ, డామన్ మరియు డయ్యూ",
  "Cumulative": "మొత్తం లెక్క",
  "Confirmed": "ధ్రువీకరించబడినవి",
  "Compiled from State Govt. numbers": "స్టేట్ గవర్నమెంట్  సంఖ్యలను ఆధారంగా తీసుకోబడింది",
  "Checked by default to scale uniformly.": " సమానత్వం కోసం ముందే టిక్ చేయబడినది ",
  "Cases per million": "పర్ మిలియన్ కేసులు",
  "BSF Camp": "బిఎస్ఎఫ్ క్యాంప్",
  "Based on 2019 population projection by NCP": "ఎన్సిపి 2019 జనాభా సంఖ్య ప్రొజెక్షన్ ఆధారంగా",
  "As of": "నాటికి",
  "Andaman and Nicobar Islands": "అండమాన్ నికోబార్ దీవులు",
  "All States": "అన్ని రాష్ట్రాలు",
  "ago": "క్రితం",
  "Active": "                                                                యాక్టీవ్",
  "About": "వెబ్సైట్ గురించి తెలుసుకోండి",
  "A crowdsourced initiative.": "ఈ వెబ్సైట్ జనసాయంతో చేయబడినది",
  "Airport Quarantine": "విమానాశ్రయ దిగ్బంధం"
}