{
  "completion_ratio": "0.99",
  "Language": "ଭାଷା",
  "State Unassigned": "",
  "District-wise {{mapOption}} numbers are under reconciliation": "ଜିଲ୍ଲା ଅନୁଯାୟୀ  {{mapOption}} ସଂଖ୍ୟା ଆପୋଷ ବୁଝାମଣା ତଳେ ଅଛି",
  "Hotspots": "ହଟସ୍ପଟ",
  "Back": "ପଛକୁ ଯାଆନ୍ତୁ",
  "Join Telegram to Collaborate!": "ସହଯୋଗ କରିବାକୁ ଟେଲିଗ୍ରାମରେ(Telegram) ଯୋଡ଼ି ହୁଅନ୍ତୁ ",
  "View updates on Twitter": "ଅଧିକ ଜାଣିବା ପାଇଁ ଟ୍ୱିଟର ଅନୁସରଣ କରନ୍ତୁ",
  "Crowdsourced Patient Database": "ରୋଗୀଙ୍କ ତଥ୍ୟସାରଣୀ ଲୋକମାନଙ୍କ ଦ୍ୱାରା ଦିଆଯାଇଥିବା ତଥ୍ୟ ଉପରେ ଆଧାରିତ",
  "Open Sourced on GitHub": "GitHub ରେ ଓପନ ସୋର୍ସ କରାଯାଇଛି",
  "See more details on {{state}}": "{{state}} ଉପରେ ଅଧିକ ବିବରଣୀ ଦେଖନ୍ତୁ",
  "tap": "ଦବାନ୍ତୁ",
  "{{action}} over a {{mapType}} for more details": "ଅଧିକ ବିବରଣୀ ପାଇଁ ଏହି {{mapType}} ଉପରେ {{action}}",
  "As of {{date}}": "{{date}} ପର୍ଯ୍ୟନ୍ତ",
  "Zones": "ମଣ୍ଡଳ",
  "Senior citizen support bangalore": "ବେଙ୍ଗାଳୁରୁର ବରିଷ୍ଠ ନାଗରିକ ସହାୟତା କେନ୍ଦ୍ର",
  "Locations": "ଅବସ୍ଥାନ",
  "Groceries Chennai": "ଚେନ୍ନାଇର ଖାଦ୍ୟ ସାମଗ୍ରୀ କେନ୍ଦ୍ର  ",
  "Community Kitchen in Kerala": "କେରଳର କମ୍ୟୁନିଟି ରୋଷେଇ ଘର",
  "Delhi Shelter": "ଦିଲ୍ଲୀର  ଆଶ୍ରୟସ୍ଥଳ ",
  "Testing Pune": "ପୁଣେରେ ହୋଇଥିବା ପରୀକ୍ଷା",
  "Menu": "ମେନୁ",
  "Close": "ବନ୍ଦ",
  "source": "ସୂତ୍ର ",
  "District zones as published by MoHFW": "MoHFW ଦ୍ୱାରା ପ୍ରକାଶିତ ଜିଲ୍ଲା ମଣ୍ଡଳଗୁଡ଼ିକ",
  "Bametara": "ବୈମେତରା",
  "India Map": "ଭାରତର ମାନଚିତ୍ର",
  "Yavatmal": "ୟାଵାତ୍ମାଲ ",
  "Yamunanagar": "ଯମୁନାନଗର",
  "Y.S.R. Kadapa": "ୱା.ଏସ.ଆର. ଖଡପା ",
  "West Godavari": "ପଶ୍ଚିମ ଗୋଦାବରୀ ",
  "West Delhi": "ପଶ୍ଚିମ ଦିଲ୍ଲୀ ",
  "West Champaran": "ପଶ୍ଚିମ ଚମ୍ପରନ",
  "West Bengal": "ପଶ୍ଚିମ ବଙ୍ଗ",
  "Wayanad": "ୱାୟନାଡ୍",
  "Washim": "ୱାସିମ ",
  "Wardha": "ୱାରଦ୍ଧl",
  "Warangal Urban": "ୱାରଙ୍ଗାଲ୍ ଅରବାନ ",
  "Vizianagaram": "ବିଜୟନଗରମ",
  "Visakhapatnam": "ବିଶାଖାପାଟନମ୍",
  "Virudhunagar": "ବିରୁଧୁନଗର ",
  "Viluppuram": "ବିଲୁପପୁରମ ",
  "Vikarabad": "ବିକାରାବାଦ",
  "Vijayapura": "ବିଜୟପୁରା ",
  "Vidisha": "ବିଦିଶା ",
  "Vellore": "ଭେଲର ",
  "Varanasi": "ବାରଣାସୀ ",
  "Valsad": "ଭାଲସାଦ",
  "Vaishali": "ବୈଶାଳୀ ",
  "Vadodara": "ବଡୋଦରା ",
  "Uttarakhand": "ଉତ୍ତରାଖଣ୍ଡ ",
  "Uttara Kannada": "ଉତ୍ତର କନ୍ନଡ",
  "Uttar Pradesh": "ଉତ୍ତର ପ୍ରଦେଶ",
  "Unnao": "ଉଣାବ",
  "Una": "ଉନା ",
  "Ujjain": "ଉଜୈନ ",
  "Udupi": "ଉଡୁ଼ପି ",
  "Udhampur": "ଉଦ୍ଧାମପୁର",
  "Udham Singh Nagar": "ଉଦ୍ଧାମ ସିଂ ନଗର ",
  "Udaipur": "ଉଦୟପୁର",
  "Tumakuru": "ଟୁମ୍କୁର",
  "Tripura": "ତ୍ରିପୁରା ",
  "Tonk": "ଟନ୍କ",
  "Tiruvannamalai": "ତିରୁଭନାମାଲାଇ ",
  "Tiruppur": "ତିରୁପପୁର ",
  "Tirupathur": "ତିରୁପଥୁର ",
  "Tirunelveli": "ତିରୁନେଲ୍ରେବେଲି ",
  "Tiruchirappalli": "ତିରୁଚିରାପଲ୍ଲୀ ",
  "Tikamgarh": "ଟିକମଗଡ ",
  "Thrissur": "ଥ୍ରିସୁର",
  "Thoothukkudi": "ଠୂଥୂକଙ୍କୁଡ଼ି ",
  "Thiruvarur": "ଥିରୁବାରୂର ",
  "Thiruvananthapuram": "ତିରୁବନନ୍ତପୁରମ୍",
  "Thiruvallur": "ଥିରୁବଲଲୁର ",
  "Theni": "ଠେନି ",
  "Thanjavur": "ତଂଯାବର ",
  "Thane": "ଥାନେ ",
  "Tenkasi": "ଟେଙ୍କlସି ",
  "Telangana": "ତେଲେଙ୍ଗାନା ",
  "Tarn Taran": "ତମ ତରନ",
  "Tapi": "ତାପି ",
  "Tamil Nadu": "ତାମିଲନାଡ଼ୁ",
  "Suryapet": "ସୂର୍ୟପେଟ",
  "Surendranagar": "ସୁରେନ୍ଦ୍ରନଗର ",
  "Surat": "ସୁରଟ",
  "Surajpur": "ସୁରଜପୁର ",
  "Supaul": "ସୁପାଉଲ ",
  "Sundargarh": "ସୁନ୍ଦରଗଡ଼",
  "Sultanpur": "ସୁଲତାନପୁର",
  "Srinagar": "ଶ୍ରୀନଗର ",
  "Srikakulam": "ଶ୍ରୀକାକୁଲମ",
  "Sri Muktsar Sahib": "ଶ୍ରୀ ମୁକ୍ତସର ସାହିବ",
  "South West Delhi": "ଦକ୍ଷିଣ ପଶ୍ଚିମ ଦିଲ୍ଲୀ",
  "South Salmara Mankachar": "ଦକ୍ଷିଣ ସାଲମର ମନକାଚର",
  "South Goa": "ଦକ୍ଷିଣ ଗୋଆ",
  "South East Delhi": "ଦକ୍ଷିଣ ପୂର୍ବ ଦିଲ୍ଲୀ",
  "South Delhi": "ଦକ୍ଷିଣ  ଦିଲ୍ଲୀ ",
  "South Andaman": "ଦକ୍ଷିଣ ଆଣ୍ଡାମାନ",
  "South 24 Parganas": "ଦକ୍ଷିଣ ୨୪ ପରଗାନା",
  "Sonipat": "ସୋନିପଥ",
  "Solapur": "ସୋଲାପୁର ",
  "Solan": "ସୋଲାନ୍",
  "Siwan": "ସିୱାନ୍",
  "Sivaganga": "ଶିବଗଙ୍ଗା ",
  "Sitapur": "ସୀତାପୁର ",
  "Sitamarhi": "ସୀତାହାରୀ",
  "Sirsa": "ସିର୍ସା",
  "Sirohi": "ସିରୋହି ",
  "Sirmaur": "ସିର୍ମାଉର୍",
  "Sindhudurg": "ସିଂଧୁଦୁର୍ଗ ",
  "Simdega": "ସିମଡେଗା",
  "Sikkim": "ସିକ୍କିମ ",
  "Sikar": "ସିକାର",
  "Siddipet": "ସିଦ୍ଦିପେଟ",
  "Siddharthnagar": "ସିଦ୍ଧାର୍ଥ ନଗର",
  "Shrawasti": "ଶ୍ରୱସ୍ଥି",
  "Shopiyan": "ଶୋପୀୟନ",
  "Shivpuri": "ଶିବପୁରୀ ",
  "Shimla": "ଶିମଲା",
  "Sheopur": "ଶେଅପୁର ",
  "Sheohar": "ଶିବହର",
  "Sheikhpura": "ଶେଖପୁରା",
  "Shamli": "ଶାମଲି ",
  "Shajapur": "ଶାଜାପୁର ",
  "Shahjahanpur": "ଶାହଜଂହାପୁର",
  "Shahdol": "ଶାହଡୋଲ ",
  "Shahdara": "ଶାହଦରା ",
  "Sehore": "ସିହୋର ",
  "Sawai Madhopur": "ସୱଇ ମାଧପୁର ",
  "Satna": "ସତନା",
  "Satara": "ସତାରା ",
  "Saran": "ସାରନ୍",
  "Sant Kabir Nagar": "ସନ୍ଥ କବିର ନଗର",
  "Sangrur": "ସାଙ୍ଗରୁର",
  "Sangli": "ସାଙ୍ଗଳୀ ",
  "Sangareddy": "ସଙ୍ଗରେଡ୍ଡି",
  "Sambhal": "ସମ୍ଭାଲ ",
  "Samba": "ସାମ୍ବା",
  "Samastipur": "ସମସ୍ତିପୁର",
  "Salem": "ସାଲେମ ",
  "Saharsa": "ସହର୍ଷ ",
  "Saharanpur": "ସହରନପୁର ",
  "Sagar": "ସାଗର ",
  "Sabarkantha": "ସାବରକାନ୍ତା",
  "S.P.S. Nellore": "ଏସ.ପି.ଏସ ନେଲୋର",
  "S.A.S. Nagar": "ଏସଏଏସ ନଗର",
  "Rupnagar": "ରୂପନାଗର",
  "Rohtas": "ରୋହତସ୍",
  "Rohtak": "ରୋହତକ",
  "Rewari": "ରେବାରି",
  "Rewa": "ରେୱା ",
  "Reasi": "ରିୟାସୀ",
  "Ratnagiri": "ରତ୍ନଗିରି ",
  "Ratlam": "ରତଳାମ ",
  "Ranipet": "ରାନୀପେଟ ",
  "Ranga Reddy": "ରଙ୍ଗା ରେଡ୍ଡୀ ",
  "Ranchi": "ରାଞ୍ଚି",
  "Rampur": "ରାମପୁର ",
  "Ramban": "ରାମବାନ୍",
  "Ramanathapuram": "ରାମନାଥପୁରମ ",
  "Rajsamand": "ରାଜେସମଣ୍ଡ",
  "Rajouri": "ରା଼ଜୌରୀ",
  "Rajnandgaon": "ରଜନନ୍ଦଗାଓଁ",
  "Rajkot": "ରାଜକୋଟ ",
  "Rajgarh": "ରାଜଗଡ଼",
  "Rajasthan": "ରାଜସ୍ଥାନ",
  "Rajanna Sircilla": "ରାଜନ୍ନା ସିରସିଲିଆ",
  "Raisen": "ରାଇସେନ୍",
  "Raipur": "ରାୟପୁର",
  "Raigad": "ରାଇଗଡ",
  "Rae Bareli": "ରାଏବରେଲି",
  "Purnia": "ପୂର୍ଣ୍ଣିଆ",
  "Puri": "ପୁରୀ",
  "Purba Medinipur": "ପୂର୍ବ ମେଦିନୀପୁର ",
  "Purba Bardhaman": "ପୂର୍ବ ବର୍ଦ୍ଧମାନ",
  "Punjab": "ପଞ୍ଜାବ",
  "Pune": "ପୁନେ ",
  "Pulwama": "ପୁଲୱାମା",
  "Pudukkottai": "ପୁଡୁକୋଟ୍ଟାଇ ",
  "Puducherry": "ପଣ୍ଡିଚେରୀ ",
  "Prayagraj": "ପ୍ରୟାଗରାଜ ",
  "Pratapgarh": "ପ୍ରତାପଗଡ",
  "Prakasam": "ପ୍ରକାଶମ",
  "Porbandar": "ପୋରବନ୍ଦର ",
  "Pilibhit": "ପିଲଭିତ",
  "Perambalur": "ପେରାମ୍ବାଳୁର ",
  "Peddapalli": "ପେଡ୍ଡପଲ୍ଲୀ",
  "Pauri Garhwal": "ପୌରୀ ଗରହୱାଲ",
  "Patna": "ପାଟନା",
  "Patiala": "ପଟିଆଲା",
  "Pathankot": "ପଠାନକୋଟ",
  "Pathanamthitta": "ପଠନାମଥୀତା",
  "Patan": "ପାଟଣ",
  "Paschim Medinipur": "ପଶ୍ଚିମ ମେଦିନୀପୁର ",
  "Paschim Bardhaman": "ପଶ୍ଚିମ ବର୍ଦ୍ଧମାନ",
  "Parbhani": "ପରଭାଣି ",
  "Panna": "ପନ୍ନା",
  "Panipat": "ପାଣିପଥ",
  "Panchmahal": "ପାଞ୍ଚମହଲ",
  "Panchkula": "ପଞ୍ଚକୁଲା",
  "Palwal": "ପଲୱଲ",
  "Pali": "ପାଲୀ",
  "Palghar": "ପଲଘର ",
  "Palamu": "ପାଲାମୁ",
  "Palakkad": "ପାଲକ୍କଡ଼",
  "Osmanabad": "ଓସମାନବାଦ ",
  "Odisha": "ଓଡିଶା",
  "Nuh": "ନୁହ",
  "North West Delhi": "ଉତ୍ତର ପଶ୍ଚିମ ଦିଲ୍ଲୀ",
  "North Tripura": "ଉତ୍ତର ତ୍ରିପୁରା",
  "North Goa": "ଉତ୍ତର ଗୋଆ",
  "North East Delhi": "ଉତ୍ତର ପୂର୍ବ ଦିଲ୍ଲୀ",
  "North Delhi": "ଉତ୍ତର  ଦିଲ୍ଲୀ ",
  "North and Middle Andaman": "ଉତ୍ତର ଏବଂ ମଧ୍ୟମ ଆଣ୍ଡାମାନ ",
  "North 24 Parganas": "ଉତ୍ତର ଚବିଶ ପରଗାନା",
  "Nizamabad": "ନିଜାମାବାଦ",
  "Nirmal": "ନିର୍ମଳ",
  "Nilgiris": "ନିଳଗିରିଶ",
  "New Delhi": "ନୁଆ  ଦିଲ୍ଲୀ ",
  "Neemuch": "ନିମୁଚ",
  "Nayagarh": "ନୟାଗଡ଼",
  "Nawada": "ନୱାଦା",
  "Navsari": "ନବସରୀ ",
  "Nashik": "ନାଶିକ ",
  "Narmada": "ନର୍ମଦା ",
  "Narayanpet": "ନାରାୟଣପେଟ",
  "Nandurbar": "ନଁଦୂର୍ବାର ",
  "Nanded": "ନାଂଦେଦ ",
  "Namakkal": "ଅକୃତଜ୍ଞ ",
  "Nalgonda": "ନାଲଗୋଣ୍ଡା",
  "Nalbari": "ନଲବାରି",
  "Nalanda": "ନାଳନ୍ଦା",
  "Nainital": "ନୈନିତାଲ",
  "Nagpur": "ନାଗପୁର ",
  "Nagaur": "ନଗୌର",
  "Nagarkurnool": "ନଗରକରନୁଲ",
  "Nagapattinam": "ନାଗପତିନମ",
  "Nagaland": "ନାଗାଲାଣ୍ଡ",
  "Nadia": "ନଦିଆ ",
  "Mysuru": "ମୟସୁରୁ ",
  "Muzaffarpur": "ମୁଜାଫ୍ଫରନଗର ",
  "Muzaffarnagar": "ମୁଜ଼ାଫରନଗର ",
  "Murshidabad": "ମୁର୍ଶିଦାବାଦ ",
  "Munger": "ମୁଙ୍ଗେର ",
  "Mumbai Suburban": "ମୁମ୍ବାଇ ଉପନଗର",
  "Mumbai": "ମୁମ୍ବାଇ ",
  "Mulugu": "ମୁଲୁଗୁ",
  "Morigaon": "ମୋରିଗାଁ",
  "Morena": "ମୋରେନା ",
  "Morbi": "ମୋରବି ",
  "Moradabad": "ମୋରଦାବାଦ ",
  "Moga": "ମୋଗା",
  "Mizoram": "ମିଜୋରାମ ",
  "Mirzapur": " ମିର୍ଜାପୁର ରେ",
  "Mehsana": "ମେହସନା",
  "Meghalaya": "ମେଘାଳୟ ",
  "Meerut": "ମୀରୁତ ",
  "Medchal Malkajgiri": "ମେଡଚାଲ  ମଲ୍କାଜଗିରି ",
  "Medak": "ମେଡକ",
  "Mayurbhanj": "ମୟୂରଭଞ୍ଜ",
  "Mau": "ମାଉ ",
  "Mathura": "ମଥୁରା ",
  "Mansa": "ମାନସା",
  "Manipur": "ମଣିପୁର ",
  "Mandya": "ମାନଦ୍ୟ",
  "Mandsaur": "ମାଣ୍ଡସ୍ୱର ",
  "Mandi": "ମଣ୍ଡି",
  "Mancherial": "ମଂଚେରିଆଲ",
  "Malda": "ମାଲଡା",
  "Malappuram": "ମଲ୍ଲପପୁରମ",
  "Mainpuri": "ମେନପୁରୀ ",
  "Mahoba": "ମହୋବା",
  "Mahisagar": "ମହିସାଗର ",
  "Mahendragarh": "ମହେନ୍ଦ୍ରଗଡ ",
  "Mahe": "ମାହେ",
  "Maharashtra": "ମହାରାଷ୍ଟ୍ର",
  "Maharajganj": "ମହରାଜଗଞ୍ଜ",
  "Mahabubnagar": "ମେହବୁବନଗର",
  "Mahabubabad": "ମେହବୁବାବାଦ",
  "Madurai": "ମଦୁରାଇ ",
  "Madhya Pradesh": "ମଧ୍ୟପ୍ରଦେଶ",
  "Madhubani": "ମଧୁବାଣି",
  "Madhepura": "ମାଧେପୁର ",
  "Ludhiana": "ଲୁଧିଆନା",
  "Lucknow": "ଲକ୍ଷନୋ ",
  "Lohit": "ଲୋହିତ",
  "Leh": "ଲେହ",
  "Latur": "ଲତୁର ",
  "Lakshadweep": "ଲାକ୍ଷାଦ୍ଵୀପ",
  "Lakhisarai": "ଲଖିସରଇ",
  "Lakhimpur Kheri": "ଲକ୍ଷ୍ମୀପୂର ଖେରୀ ",
  "Lakhimpur": "ଲଖିମପୁର",
  "Ladakh": "ଲଦାଖ",
  "Kutch": "କଚ୍ଛ",
  "Kushinagar": "କୁଶୀନଗର",
  "Kurukshetra": "କୁରୁକ୍ଷେତ୍ର",
  "Kurnool": "କୁର୍ନୁଲ",
  "Kupwara": "କୁପୱାରା",
  "Kulgam": "କୁଲଗାମ ",
  "Krishnagiri": "କୃଷ୍ଣଗିରି",
  "Krishna": "କୃଷ୍ଣା",
  "Kozhikode": "କୋଜ଼ହିକୋଡେ",
  "Kottayam": "କୋଟାୟାମ",
  "Kota": "କୋଟା",
  "Korba": "କୋରବା",
  "Koraput": "କୋରାପୁଟ",
  "Komaram Bheem": "କୋମାରାଂ ଭୀମ ",
  "Kollam": "କୋଲାମ |",
  "Kolkata": "କୋଲକାତା",
  "Kolhapur": "କୋଲ୍ହାପୁର ",
  "Kokrajhar": "କୋକରାଝର",
  "Koderma": "କୋଦରମା",
  "Kodagu": "କୋଡ଼ାଗୁ  ",
  "Kishtwar": "କିଷତ୍ୱର",
  "Kishanganj": "କିଷାନଗଞ୍ଜ ",
  "Khordha": "ଖୋର୍ଦ୍ଧା",
  "Kheda": "ଖେଡା ",
  "Khargone": "ଖାରଗୋନ ",
  "Khandwa": "ଖଣ୍ଡୱା ",
  "Khammam": "ଖମାମ",
  "Khagaria": "ଖଗରିଆ ",
  "Kerala": "କେରଳ",
  "Kendujhar": "କେନ୍ଦୁଝର",
  "Kendrapara": "କେନ୍ଦ୍ରାପଡ଼ା",
  "Kaushambi": "କୋୖଶାମ୍ବି",
  "Katihar": "କତିହାର",
  "Kathua": "କାଥୁଆ",
  "Kasganj": "କାସଗଞ୍ଜ",
  "Kasaragod": "କାସରଗଡ଼",
  "Karur": "କରୁର ",
  "Karnataka": "କର୍ଣ୍ଣାଟକ ",
  "Karnal": "କର୍ଣ୍ଣାଲ",
  "Karimnagar": "କରିମନଗର",
  "Karimganj": "କରିମଗଂଜ",
  "Kargil": "କାର୍ଗିଲ",
  "Karauli": "କରାଉଲି",
  "Kapurthala": "କପୂରଥଲା",
  "Kanyakumari": "କନ୍ୟାକୁମାରୀ",
  "Kanpur Nagar": "କାନପୁର  ନଗର ",
  "Kanpur Dehat": "କାନପୁର ଦେହାତ ",
  "Kannur": "କନ୍ନୁର",
  "Kannauj": "କନ୍ନୁଜ ",
  "Kangra": "କାଙ୍ଗ୍ରା",
  "Kancheepuram": "କାଞ୍ଚଇପୁରମ ",
  "Kamrup Metropolitan": "କାମରୂପ ମେଟ୍ରୋପଲିଟାନ",
  "Kamrup": "କାମରୂପ",
  "Kamareddy": "କାମାରେଡ୍ଡି",
  "Kallakurichi": "କଲାକୁରିଛି ",
  "Kalimpong": "କାଲିମ୍ପୋଙ୍ଗ୍",
  "Kalahandi": "କଳାହାଣ୍ଡି",
  "Kalaburagi": "କାଲାବୁରାଗି",
  "Kaithal": "କଇଥାଲ",
  "Kaimur": "କୈମୁର",
  "Kabeerdham": "କବୀରଧାମ",
  "Junagadh": "ଜୁନାଗଡ଼",
  "Jogulamba Gadwal": "ଜୋଗୁଳମ୍ବl ଗଡ଼ୱାଲ ",
  "Jodhpur": "ଯୋଧପୁର",
  "Jind": "ଜିନ୍ଦ",
  "Jhunjhunu": "ଝୁନ୍ଝୁନୁ",
  "Jharsuguda": "ଝାରସୁଗୁଡ଼ା",
  "Jharkhand": "ଝାଡ଼ଖଣ୍ଡ",
  "Jhansi": "ଝାଂଶୀ",
  "Jhalawar": "ଝାଳୱାର",
  "Jhajjar": "ଯଜ୍ଜର",
  "Jhabua": "ଝାବୁଆ ",
  "Jehanabad": "ଜେହାନାବାଦ",
  "Jayashankar Bhupalapally": "ଜୟଶଙ୍କର ଭୂପାଲାପାଳୀ ",
  "Jaunpur": "ଯୌନପୁର ",
  "Jangaon": "ଜଣଗାଓଁ",
  "Jamtara": "ଜମତାରା",
  "Jamnagar": "ଜାମନଗର ",
  "Jammu and Kashmir": "ଜମ୍ମୁ ଓ କାଶ୍ମୀର",
  "Jammu": "ଜମ୍ମୁ",
  "Jalpaiguri": "ଜଲପାଈଗୁଡ଼ି ",
  "Jalore": "ଜାଲୋର",
  "Jalna": "ଜଳନା ",
  "Jalgaon": "ଜଲଗାଁୱ ",
  "Jalaun": "ଜଲୌନା",
  "Jalandhar": "ଜଳନ୍ଧର ",
  "Jajpur": "ଯାଜପୁର",
  "Jaisalmer": "ଜୈସଲମେର",
  "Jaipur": "ଜୟପୁର",
  "Jagtial": "ଜଗତିୟଲ",
  "Jagatsinghpur": "ଜଗତସିଂହପୁର ",
  "Jabalpur": "ଜବଲପୁର ",
  "Italians": "ଇଟାଲିଆନ୍ସ",
  "Indore": "ଇନ୍ଦୋର ",
  "Imphal West": "ଇମ୍ଫାଲ ପଶ୍ଚିମ",
  "Imphal East": "ଇମ୍ଫାଲ ପୂର୍ବ",
  "Idukki": "ଇଦୁକ୍କୀ",
  "Hyderabad": "ହାଇଦ୍ରାବାଦ",
  "Howrah": "ହାଓଡ଼ା",
  "Hoshiarpur": "ହୋଶିୟାରପୁର",
  "Hoshangabad": "ହୋଷାଙ୍ଗବାଦ ",
  "Hooghly": "ହୁଗୁଳି",
  "Hisar": "ହିସାର  ",
  "Hingoli": "ହିଁଗୋଲି ",
  "Himachal Pradesh": "ହିମାଚଳ ପ୍ରଦେଶ",
  "Hazaribagh": "ହାଜ଼ାରିବାଘ",
  "Haveri": "ହାବେରୀ",
  "Hathras": "ହଥରସ",
  "Haryana": "ହରିୟାଣା",
  "Haridwar": "ହରିଦ୍ୱାର",
  "Hardoi": "ହରଡୋଇ",
  "Harda": "ହ୍ରଡ଼ ",
  "Hapur": "ହପୁର ",
  "Hanumangarh": "ହନୁମାନଗଡ",
  "Hamirpur": "ହମିରପୁର",
  "Hailakandi": "ହଇଲାକାନ୍ଦି",
  "Gwalior": "ଗୋଆଲିଅର ",
  "Gurugram": "ଗୁରୁଗ୍ରାମ",
  "Gurdaspur": "ଗୁରୁଦାସପୁର",
  "Guntur": "ଗୁଣ୍ଠୁର ",
  "Guna": "ଗୁନା ",
  "Gujarat": "ଗୁଜରାଟ",
  "Gorakhpur": "ଗୋରଖପୁର ",
  "Gopalganj": "ଗୋପାଳଗଞ୍ଜ",
  "Gondia": "ଗୋଂଡିଆ",
  "Gonda": "ଗୋଣ୍ଡା",
  "Gomati": "ଗୋମତୀ",
  "Golaghat": "ଗୋଳାଘାଟ",
  "Godda": "ଗୋଦ୍ଦା",
  "Goalpara": "ଗୋଳପାରା",
  "Goa": "ଗୋଆ ",
  "Giridih": "ଗିରୀଡିହ",
  "Gir Somnath": "ଗିରି ସୋମନାଥ ",
  "Ghazipur": "ଗାଜିପୁର ",
  "Ghaziabad": "ଗାଜିୟାବାଦ ",
  "Gaya": "ଗୟା",
  "Gautam Buddha Nagar": "ଗୌତମ ବୁଦ୍ଧ ନଗର",
  "Garhwa": "ଗଡବା",
  "Ganjam": "ଗଞ୍ଜାମ",
  "Gandhinagar": "ଗାନ୍ଧିନଗର ",
  "Ganderbal": "ଗାଣ୍ଡରବାଲ୍",
  "Gadchiroli": "ଗଡ଼ଚିରୋଲୀ ",
  "Gadag": "ଗଡଗ",
  "Firozabad": "ଫିରୋଜ଼ାବାଦ ",
  "Ferozepur": "ଫିରୋଜପୁର",
  "Fazilka": "ଫାଂଜ଼ୀଲ୍କା",
  "Fatehpur": "ଫତେହପୁର ",
  "Fatehgarh Sahib": "ଫତେହଗଡ଼ ସାହିବ",
  "Fatehabad": "ଫତେହାବାଦ",
  "Faridkot": "ଫରିଦକୋଟ",
  "Faridabad": "ଫରିଦାବାଦ",
  "Etawah": "ଇତାବା",
  "Etah": "ଇଟାହ ",
  "Erode": "ଇରୋଡ଼ ",
  "Ernakulam": "ଏର୍ନାକୁଲମ୍",
  "East Khasi Hills": "ପୂର୍ବ ଖାସି ହିଲସ",
  "East Godavari": "ପୂର୍ବ ଗୋଦାବରୀ ",
  "East Delhi": "ପୂର୍ବ ଦିଲ୍ଲୀ ",
  "East Champaran": "ପୂର୍ବ ଚମ୍ପରନ",
  "Durg": "ଦୁର୍ଗ",
  "Dungarpur": "ଡୁଙ୍ଗରପୁର",
  "Dumka": "ଦୁମକା",
  "Dindori": "ଡିନଡୋରି ",
  "Dindigul": "ଡିଂଡିଗୁଳ ",
  "Dhule": "ଧୂଲେ ",
  "Dhubri": "ଧୁବ୍ରି",
  "Dholpur": "ଢୋଲପୁର",
  "Dhenkanal": "ଢେଙ୍କାନାଳ",
  "Dharwad": "ଧାରୱାଡ",
  "Dharmapuri": "ଧର୍ମପୁରୀ ",
  "Dhar": "ଧର ",
  "Dhanbad": "ଧାନବାଦ୍",
  "Dhalai": "ଧଳାଇ",
  "Dewas": "ଦେୱଶ ",
  "Devbhumi Dwarka": "ଦେବଭୂମି ଦ୍ଵାରକା ",
  "Deoria": "ଦେବରିୟା",
  "Deoghar": "ଦେବଗଡ",
  "Deogarh": "ଦେବଗଡ",
  "Delhi": "ଦିଲ୍ଲୀ ",
  "Dehradun": "ଦେହରାଡୁନ୍",
  "Davanagere": " ଡାଭାନାଗେରେ",
  "Dausa": "ଡାଉସା",
  "Darjeeling": "ଦାର୍ଜିଲିଂ ",
  "Darbhanga": "ଦରଭଙ୍ଗା",
  "Dang": "ଡାଙ୍ଗ ",
  "Daman and Diu": "ଡାମନ ଏବଂ ଡିଉ",
  "Dakshina Kannada": "ଦକ୍ଷିଣ କନ୍ନଡ",
  "Dahod": "ଦାହୋଦ ",
  "Dadra and Nagar Haveli": "ଦାଦ୍ରା ଓ ନଗର ହାଭେଲି",
  "Cuttack": "କଟକ",
  "Cuddalore": "କଡ଼ଲ୍ଲଲୋରେ ",
  "Coimbatore": "କୋଏମ୍ବାଟୁର",
  "Churu": "ଚୁରୁ ",
  "Chittorgarh": "ଚିତ୍ତୋଡ଼ଗଡ଼",
  "Chittoor": "ଚି଼ତ୍ତୋର",
  "Chitrakoot": "ଚିତ୍ରକୂଟ ",
  "Chitradurga": "ଚିତ୍ରଦୁରଗା",
  "Chikkaballapura": "ଚିକ୍କାବାଲାପୁରା",
  "Chhota Udaipur": "ଛୋଟା ଉଦୟପୁର ",
  "Chhindwara": "ଛିନ୍ଦୱାରା ",
  "Chhattisgarh": "ଛତିଶଗଡ଼",
  "Chennai": "ଚେନ୍ନାଇ ",
  "Chengalpattu": "ଚେଙ୍ଗଳପଟୁ",
  "Charkhi Dadri": "ଚରଖୀ ଦାଦ୍ରି ",
  "Chandrapur": "ଚନ୍ଦ୍ରପୁର ",
  "Chandigarh": "ଚଣ୍ଡିଗଡ ",
  "Chamba": "ଚାମ୍ବା",
  "Central Delhi": "କେନ୍ଦ୍ରୀୟ ଦିଲ୍ଲୀ ",
  "Cachar": "କାଚର",
  "Buxar": "ବକ୍ସର ",
  "Burhanpur": "ବୁରହାନପୁର ",
  "Buldhana": "ବୁଲଡାନା",
  "Bulandshahr": "ବୁଲନ୍ଦସହର ",
  "Budgam": "ବଡ଼ଗମ",
  "Budaun": "ବୁଡାଉନ ",
  "Botad": "ଭୋତାଡ଼ ",
  "Bongaigaon": " ବଙ୍ଗାଇଗାଓଁ",
  "Bokaro": "ବୋକାରୋ",
  "Birbhum": "ବିରଭୂମ",
  "Bilaspur": "ବିଲାସପୁର",
  "Bikaner": "ବିକାନେର୍",
  "Bijnor": "ବିଜନୋର ",
  "Bihar": "ବିହାର",
  "Bidar": "ବିଦର",
  "Bhopal": "ଭୋପାଳ ",
  "Bhojpur": "ଭୋଜପୁର",
  "Bhiwani": "ଭିୱନୀ ",
  "Bhind": "ଭୀଣ୍ଡ",
  "Bhilwara": "ଭିଲୱାରା",
  "Bhavnagar": "ଭାବନଗର ",
  "Bharuch": "ଭରୁଚ ",
  "Bharatpur": "ଭରତପୁର ",
  "Bhandara": "ଭଣ୍ଡାରା ",
  "Bhagalpur": "ଭାଗଲପୁର",
  "Bhadrak": "ଭଦ୍ରକ",
  "Bhadradri Kothagudem": "ଭଦ୍ରାଦ୍ରି କୋଠାଗୁଡେମ",
  "Bhadohi": "ଭଦୋହି",
  "Betul": "ବେତୁଲ ",
  "Bengaluru Urban": "ବେଙ୍ଗାଳୁର ସହରୀ",
  "Bengaluru Rural": "ବେଙ୍ଗାଲୁରୁ ଗ୍ରାମୀଣ",
  "Belagavi": "ବେଲଗାଭି ",
  "Begusarai": "ବେଗୁସରାଇ ",
  "Beginning": "ଆରମ୍ଭ",
  "Beed": "ବୀଡ଼",
  "Bathinda": "ବାଥୀଣ୍ଡା",
  "Basti": "ବସ୍ତି ",
  "Barwani": "ବାରୱାନୀ ",
  "Barnala": "ବାର୍ନାଲା",
  "Barmer": "ବାରମେର",
  "Bareilly": "ବରେଲି ",
  "Baran": "ବରାନ୍",
  "Baramulla": "ବରମୁଲ୍ଲା",
  "Barabanki": "ବାରବାଙ୍କୀ",
  "Banswara": "ବନସ୍ୱାରା",
  "Banka": "ବାଙ୍କା ",
  "Bandipora": "ବନ୍ଦିପୁରା",
  "Banda": "ଵାଂଦା ",
  "Banaskantha": "ବନାଶକାନ୍ଥା",
  "Balrampur": "ବଳରାମପୁର",
  "Ballari": "ବଲ୍ଲରି",
  "Balasore": "ବାଲେଶ୍ଵର",
  "Balangir": "ବଲାଙ୍ଗୀର",
  "Bahraich": "ବେହରାଇଚ ",
  "Baghpat": "ବାଘପତ ",
  "Bagalkote": "ବାଗାଲକୋଟ",
  "Azamgarh": "ଆଯମଗଡ ",
  "Ayodhya": "ଆୟୋଧ୍ୟା",
  "Aurangabad": "ଅଉରଙ୍ଗାବାଦ ",
  "Auraiya": "ଅରାୟା",
  "Assam": "ଆସାମ",
  "Ashoknagar": "ଅଶୋକନଗର ",
  "Arwal": "ଅରୱାଲ",
  "Arunachal Pradesh": "ଅରୁଣାଚଳ  ପ୍ରଦେଶ",
  "Ariyalur": "ଆରିୟାଲୁର ",
  "Aravalli": "ଆରବଳୀ ",
  "Araria": "ଆରାରିଆ",
  "Anuppur": "ଅନୁପପୁର ",
  "Andhra Pradesh": "ଆନ୍ଧ୍ରପ୍ରଦେଶ ",
  "Anantnag": "ଅନନ୍ତନାଗ",
  "Anantapur": "ଅନନ୍ତପୁର",
  "Anand": "ଆନନ୍ଦ ",
  "Amroha": "ଆମରୋହା ",
  "Amritsar": "ଅମୃତସର",
  "Amravati": "ଅମରାବତୀ ",
  "Amethi": "ଆମେଥି",
  "Ambala": "ଅମ୍ବାଲା",
  "Alwar": "ଅଲୱାର୍",
  "Almora": "ଆଲମୋରା",
  "Alirajpur": "ଅଳିରାଜପୁର ",
  "Aligarh": "ଅଲିଗଡ ",
  "Alappuzha": "ଆଲେପ୍ପୀ ",
  "Akola": "ଅକୋଲା ",
  "Ajmer": "ଅଜମେର୍",
  "Aizawl": "ଆଇଜଲ",
  "Ahmednagar": "ଅହମ୍ମଦନଗର",
  "Ahmedabad": "ଅହମ୍ମଦାବାଦ",
  "Agra": "ଆଗ୍ରା ",
  "Agar Malwa": "ଅଗର ମାଲୱ",
  "Adilabad": "ଆଡିଲାବାଦ",
  "Yanam": "ୟାନମ୍",
  "Yadgir": "ୟାଦଗିର",
  "Yadadri Bhuvanagiri": "ୟାଦାଦ୍ରି ଭୁବନଗିରି",
  "West Tripura": "ପଶ୍ଚିମ ତ୍ରିପୁରା",
  "West Singhbhum": "ପଶ୍ଚିମ ସିଂହଭୂମ୍",
  "West Siang": "ପଶ୍ଚିମ ସିଆଙ୍ଗ୍",
  "West Khasi Hills": "ପଶ୍ଚିମ ଖାସି ପାହାଡ",
  "West Karbi Anglong": "ପଶ୍ଚିମ କାର୍ବି ଆଙ୍ଗ୍ଲୋଙ୍ଗ୍",
  "West Kameng": "ପଶ୍ଚିମ କାମେଙ୍ଗ",
  "West Jaintia Hills": "ପଶ୍ଚିମ ଜୟନ୍ତିଆ ପାହାଡ",
  "West Garo Hills": "ପଶ୍ଚିମ ଗାରୋ ପାହାଡ",
  "Warangal Rural": "ୱାରଙ୍ଗାଲ୍ ଗ୍ରାମୀଣ",
  "Wanaparthy": "ୱାନାପାର୍ଟି",
  "Uttarkashi": "ଉତ୍ତରକାଶୀ",
  "Uttar Dinajpur": "ଉତ୍ତର ଦିନାଜପୁର",
  "Uttar Bastar Kanker": "ଉତ୍ତର ବସ୍ତର କାଙ୍କର୍",
  "Upper Subansiri": "ଉପର ସୁବାନ୍ସିରୀ",
  "Upper Siang": "ଉପର ସିଆଙ୍ଗ୍",
  "Upper Dibang Valley": "ଉପର ଦିବ୍ୟାଙ୍ଗ ଉପତ୍ୟକା",
  "Unokoti": "ୟୁନୋକୋଟି ",
  "Umaria": "ଉମାରିଆ ",
  "Ukhrul": "ଉକ୍ରୁଲ୍ ",
  "Udalguri": "ଉଦଲଗୁରୀ ",
  "Tirap": "ତିରାପ ",
  "Tinsukia": "ଟିନସୁକିଆ ",
  "Thoubal": "ଥୋବାଲ୍ ",
  "Tengnoupal": "ଟେଙ୍ଗନୁପାଲ୍",
  "Tehri Garhwal": "ତେହେରୀ ଗରହୱାଲ",
  "Tawang": "ତୱାଙ୍ଗ",
  "Tamenglong": "ତାମେଙ୍ଗଲଙ୍ଗ",
  "Surguja": "ସୁରଗୁଜା",
  "Sukma": "ସୁକମା",
  "Subarnapur": "ସୁବର୍ଣ୍ଣପୁର",
  "South West Khasi Hills": "ଦକ୍ଷିଣ ପଶ୍ଚିମ ଖାସି ପାହାଡ",
  "South West Garo Hills": "ଦକ୍ଷିଣ ପଶ୍ଚିମ ଗାରୋ ପାହାଡ",
  "South Tripura": "ଦକ୍ଷିଣ ତ୍ରିପୁରା",
  "South Garo Hills": "ଦକ୍ଷିଣ  ଗାରୋ ପର୍ବତମାଳା",
  "Sonitpur": "ସୋନିତପୁର",
  "Sonbhadra": "ସୋନଭଦ୍ର",
  "Sivasagar": "ଶିବସାଗର",
  "Sipahijala": "ସିପାହିଜଲ",
  "Singrauli": "ସିଂଗ୍ରଉଲି",
  "Sidhi": "ସିଦ୍ଧି",
  "Siang": "ସିଆଙ୍ଗ",
  "Shivamogga": "ଶିବମୋଗ୍ଗା",
  "Shi Yomi": "ଶୀ ୟୋମି",
  "Serchhip": "ସ୍ୱେର୍ଛିପ",
  "Seoni": "ସେଓନି",
  "Senapati": "ସେନାପତି",
  "Saraikela-Kharsawan": "ସରାଇକେଳା-ଖରସୁଆଁ",
  "Sambalpur": "ସମ୍ବଲପୁର",
  "Saitual": "ସାଇତୁଲ",
  "Saiha": "ସାଇହା",
  "Sahibganj": "ସାହିବଗଂଞ୍ଜ",
  "Rudraprayag": "ରୁଦ୍ରପ୍ରୟାଗ",
  "Ribhoi": "ରିଭୋଇ",
  "Rayagada": "ରାୟଗଡ଼ା",
  "Ramgarh": "ରାମଗଡ଼",
  "Ramanagara": "ରାମା ନଗର",
  "Raigarh": "ରାଇଗଡ଼",
  "Raichur": "ରାଇଚୁର",
  "Purulia": "ପୁରୁଲିଆ",
  "Punch": "ପୁଂଛ",
  "Pithoragarh": "ପିଠୋରାଗଡ଼",
  "Pherzawl": "ଫେରଜ଼ାୱଲ",
  "Papum Pare": "ପାପୁଂ ପାରେ",
  "Pakur": "ପାକୁର",
  "Pakke Kessang": "ପକ୍କେ କେସାଙ୍ଗ",
  "Nuapada": "ନୂଆପଡ଼ା",
  "North Garo Hills": "ଉତ୍ତର ଗାରୋ ପର୍ବତମାଳା",
  "Noney": "ନୂନେୟ",
  "Niwari": "ନିୱାରୀ",
  "Nicobars": "ନିକୋବର ଦ୍ଵୀପପୁଞ୍ଜ",
  "Narsinghpur": "ନରସିଂହପୁର",
  "Narayanpur": "ନାରାୟଣପୁର",
  "Namsai": "ନାମସାଇ",
  "Nagaon": "ନାଗାଓଁ",
  "Nabarangapur": "ନବରଙ୍ଗପୁର",
  "Muzaffarabad": "ମୁଜ଼ାଫରବାଦ",
  "Mungeli": "ମୁଙ୍ଗେଲି",
  "Mirpur": "ମିରପୁର",
  "Mandla": "ମାଣ୍ଡଲା",
  "Mamit": "ମାମିତ",
  "Malkangiri": "ମାଲକାନଗିରି",
  "Majuli": "ମାଜୁଳୀ",
  "Mahasamund": "ମହାସମୁନ୍ଦ",
  "Lunglei": "ଲୁଙ୍ଗଲେଈ",
  "Lower Subansiri": "ଲୋୟର ସୁଵନଶୀରି",
  "Lower Siang": "ଲୋୟର ସିଆଙ୍ଗ୍",
  "Lower Dibang Valley": "ଲୋୟର ଦିବାଙ୍ଗ ଉପତ୍ୟକା",
  "Longding": "ଲଂଡ଼ିଙ୍ଗ",
  "Lohardaga": "ଲୋହାରଡାଗା",
  "Lepa Rada": "ଲେପା ରଡ",
  "Lawngtlai": "ଲବଙ୍ଗଟଲାଇ",
  "Latehar": "ଲାତେହାର",
  "Lalitpur": "ଲଳିତପୁର",
  "Lahaul and Spiti": "ଲାହୁଲ ଓ ସ୍ପିତି",
  "Kurung Kumey": "କୁରୁଙ୍ଗ  କୁମେୟ",
  "Kullu": "କୁଲ୍ଲୁ",
  "Kra Daadi": "କ୍ରା ଦାଦି",
  "Koriya": "କୋରିଆ",
  "Koppal": "କୋପ୍ପଳ",
  "Kondagaon": "କୋଣ୍ଡାଗାଁ",
  "Kolasib": "କୋଲାଶିବ",
  "Kolar": "କୋଲାର",
  "Kinnaur": "କିନ୍ନଉର",
  "Khunti": "ଖୁଣ୍ଟି",
  "Khowai": "ଖୋଵୈ",
  "Khawzawl": "ଖାବଜ୍ଵାଲ",
  "Katni": "କତନି",
  "Karbi Anglong": "କରବୀ ଆଙ୍ଗଲୋଙ୍ଗ",
  "Karaikal": "କରାଇକାଲ",
  "Kangpokpi": "କାଙ୍ଗପୋକପି",
  "Kandhamal": "କନ୍ଧମାଳ",
  "Kamle": "କାମଲେ",
  "Kamjong": "କାମଜଙ୍ଗ",
  "Kakching": "କାକଚିଙ୍ଗ",
  "Jorhat": "ଜୋରହାଟ୍",
  "Jiribam": "ଜିରୀବାମ ",
  "Jhargram": "ଝାରଗ୍ରାମ ",
  "Jashpur": "ଯଶପୁର",
  "Janjgir Champa": "ଜାଞ୍ଜଗିର-ଚମ୍ପା ",
  "Jamui": "ଜମୁଇ",
  "Hojai": "ହୋଯାଇ ",
  "Hnahthial": "ହନହଥୀୟଲ ",
  "Hassan": "ହସନ ",
  "Gumla": "ଗୁମ୍ଲା",
  "Gariaband": "ଗରିଆବନ୍ଦ",
  "Ganganagar": "ଗଙ୍ଗାନଗର",
  "Gajapati": "ଗଜପତି",
  "Farrukhabad": "ଫାରୁଖବାଦ୍",
  "East Singhbhum": "ପୂର୍ବ ସିଂହଭୂମି",
  "East Siang": "ପୂର୍ବ ସିଆଙ୍ଗ୍",
  "East Kameng": "ପୂର୍ବ କାମେଙ୍ଗ",
  "East Jaintia Hills": "ପୂର୍ବ ଜୈନଟିଆ ହିଲସ",
  "East Garo Hills": "ପୂର୍ବ ଗାରୋ ହିଲସ",
  "Doda": "ଡୋଡା",
  "Diu": "ଡିଉ",
  "Dima Hasao": "ଡିମା ହାସାଓ",
  "Dibrugarh": "ଦିବ୍ରୁଗଡ଼",
  "Dhemaji": "ଧେମାଜୀ",
  "Dhamtari": "ଧମତରୀ",
  "Datia": "ଦତିୟା",
  "Darrang": "ଦରାଙ୍ଗ",
  "Damoh": "ଦମୋହ",
  "Daman": "ଡାମନ",
  "Dakshin Dinajpur": " ଦକ୍ଷିଣ ଦିନାଜପୁର",
  "Dakshin Bastar Dantewada": "ଦକ୍ଷିଣ ବସ୍ତର ଦାନ୍ତେୱାଡା",
  "Cooch Behar": "କୁଚ ବିହାର",
  "Churachandpur": "ଚୁରାଚାନ୍ଦପୁର",
  "Chirang": "ଚିରାଙ୍ଗ",
  "Chikkamagaluru": "ଚିକମାଗାଲୁର",
  "Chhatarpur": "ଛତରପୁର",
  "Chatra": "ଛତରା",
  "Charaideo": "ଛରାଇଦେଓ",
  "Changlang": "ଚାଙ୍ଗଲାଙ୍ଗ",
  "Chandel": "ଚାନ୍ଦେଲ",
  "Chandauli": "ଚାନ୍ଦୁଲି",
  "Champhai": "ଚମ୍ପାଇ",
  "Champawat": "ଚମ୍ପାବଟ",
  "Chamoli": "ଚାମୋଳି",
  "Chamarajanagara": "ଚାମରାଜନଗର",
  "Bundi": "ବୁଣ୍ଡି",
  "Boudh": "ବୌଦ୍ଧ",
  "Biswanath": "ବିଶ୍ୱନାଥ",
  "Bishnupur": "ବିଷ୍ଣୁପୁର",
  "Bijapur": "ବିଜାପୁର",
  "Bastar": "ବସ୍ତର",
  "Barpeta": "ବାରପେଟ",
  "Bargarh": "ବରଗଡ",
  "Bankura": "ବାଙ୍କୁରା",
  "Bemetara": "ବେମେତର",
  "Baloda Bazar": "ବଲୋଡା଼ ବଜ଼ାର",
  "Balod": "ବଲୋଡ଼",
  "Ballia": "ବଲ୍ଲିଆ",
  "Balaghat": "ବାଲଘାଟ",
  "Baksa": "ବକ୍ସା",
  "Bageshwar": "ବାଗେଶ୍ଵର",
  "Anjaw": "ଅଂଜବ",
  "Angul": "ଅନୁଗୋଳ",
  "Amreli": "ଅମରେଲି",
  "Ambedkar Nagar": "ଆମ୍ବେଦକର ନଗର",
  "Alipurduar": "ଆଲିପୁରଦୁଆର",
  "Weeks": "ସପ୍ତାହର",
  "We stand with everyone fighting on the frontlines": "ଆମେ ସାମ୍ନାରେ ଲଢୁଥିବା ପ୍ରତ୍ୟେକ ଯୋଦ୍ଧା ମାନଙ୍କ ସହିତ ଛିଡ଼ା ହୋଇଛୁ",
  "Visit state page": "ରାଜ୍ୟର ପୃଷ୍ଠା ଦେଖନ୍ତୁ",
  "Unknown": "ଅଜ୍ଞାତ",
  "Uniform": "ସମରୁପ",
  "Total Cases": "ମୋଟ ମାମଲା ସଂଖ୍ୟା ",
  "Total": "ମୋଟ",
  "Tested chart is independent of uniform scaling": "ପରିକ୍ଷୀତ ସାରଣୀଟି ସମରୂପ ମାପକରୁ ନିରପେକ୍ଷ",
  "Tested": "ପରିକ୍ଷୀତ",
  "state/UT": "ରାଜ୍ୟ/କେନ୍ଦ୍ରଶାସିତ ଅଞ୍ଚଳ ",
  "State/UT": "ରାଜ୍ୟ/କେନ୍ଦ୍ରଶାସିତ ଅଞ୍ଚଳ ",
  "State": "ରାଜ୍ୟ ",
  "Spread Trends": "ଟ୍ରେଣ୍ଡଗୁଡ଼ିକର ପ୍ରସାର",
  "Shahid Bhagat Singh Nagar": "ସହିଦ ଭଗତ ସିଂ ନଗର",
  "Search your city, resources, etc": "ଆପଣଙ୍କର ସହର, ସଂଶାଧନ, ଇତ୍ୟାଦି ବିଷୟରେ ଅନୁସନ୍ଧାନ କରନ୍ତୁ",
  "Scale Modes": "ମାପ ଶୈଳୀ",
  "report": "ରିପୋର୍ଟ",
  "Recovered": "ସୁସ୍ଥ ହେଇଯାଇଛନ୍ତି ",
  "per million": "ପ୍ରତି ଦଶ ଲକ୍ଷରେ",
  "Other State": "ଅନ୍ୟାନ୍ୟ ରାଜ୍ୟ",
  "Other state": "ଅନ୍ୟାନ୍ୟ ରାଜ୍ୟ",
  "Other Region": "ଅନ୍ୟାନ୍ୟ ଅଞ୍ଚଳ",
  "Month": "ମାସ",
  "Map": "ମାନଚିତ୍ର",
  "Logarithmic": "ଲଗାରିଦମିକ୍",
  "Last updated": "ଶେଷ ଅଦ୍ୟତିତ",
  "know more": "ଅଧିକ ଜାଣନ୍ତୁ ",
  "India": "ଭାରତ",
  "Hover": "ହାତ ରଖନ୍ତୁ",
  "Home": "ଘର",
  "for more details": "ଅଧିକ ବିବରଣୀ ପାଇଁ",
  "Evacuees": "ସ୍ଥାନାନ୍ତରିତ ବ୍ୟକ୍ତିଗଣ ",
  "Essentials": "ଆବଶ୍ୟକୀୟତା",
  "District-wise numbers are under reconciliation": "ଜିଲ୍ଲା ଅନୁଯାଇ ସଂଖ୍ୟାଗୁଡ଼ିକର ସମନ୍ୱୟ ଜାରି ରହିଛି ",
  "District": "ଜିଲ୍ଲା",
  "Demographics": "ଜନସଂଖ୍ୟା",
  "Deep Dive": "ଗଭୀର ବିଶ୍ଳେଷଣ",
  "Deceased": "ମୃତକଙ୍କ ସଂଖ୍ୟା",
  "Daily": "ଦୈନିକ ",
  "Dadra and Nagar Haveli and Daman and Diu": "ଦାଦ୍ରା ଓ ନଗର ହାଭେଲି ଏବଂ ଦାମନ ଓ ଡିୟୁ",
  "Cumulative": "ସଂକୁଳିତ ",
  "Confirmed": "ମୋଟ ସଂକ୍ରମିତ",
  "Compiled from State Govt. numbers": "ସମସ୍ତ ସଂଖ୍ୟାଗୁଡିକ ରାଜ୍ୟ ସରକାରଙ୍କ ଦ୍ୱାରା ସଂକୁଳିତ",
  "Checked by default to scale uniformly.": "ସମାନ ଭାବରେ ସ୍କେଲ କରିବାକୁ ପୂର୍ବନିର୍ଦ୍ଧାରିତ ଭାବରେ ଯାଞ୍ଚ କରାଯାଇଛି",
  "Cases per million": "ପ୍ରତି ଦଶ ଲକ୍ଷରେ ମାମଲାଗୁଡ଼ିକ",
  "BSF Camp": "ସୀମା ସୁରକ୍ଷା ବଳ(BSF) ଶିବିର",
  "Based on 2019 population projection by NCP": "NCP ଦ୍ୱାରା ଧାର୍ଯ୍ୟ ୨୦୧୯ ଜନସଂଖ୍ୟା ଉପରେ ଆଧାରିତ",
  "As of": "ଏ ପର୍ଯ୍ୟନ୍ତ",
  "Andaman and Nicobar Islands": "ଆଣ୍ଡାମନ ଓ ନିକୋବର ଦ୍ଵୀପପୁଞ୍ଜ",
  "All States": "ସମସ୍ତ ରାଜ୍ୟ",
  "ago": "ପୂର୍ବରୁ",
  "Active": "ସକ୍ରିୟ",
  "About": "ବିଷୟରେ ",
  "A crowdsourced initiative.": "ଏକ ଗଣସହଭାଗୀତା ପ୍ରାରମ୍ଭିକ",
  "Airport Quarantine": "ବିମାନ ବନ୍ଦରରେ ଅଣସର"
}