{
  "completion_ratio": "1.00",
  "Language": "भाषा",
  "State Unassigned": "",
  "District-wise {{mapOption}} numbers are under reconciliation": "जिला-वार {{mapOption}} संख्या सुलह के तहत कर रहे",
  "Hotspots": "हॉटस्पॉट्स",
  "Back": "वापस",
  "Join Telegram to Collaborate!": "सहयोग करने के लिए टेलीग्राम में शामिल हों!",
  "View updates on Twitter": "ट्विटर पर अपडेट देखें",
  "Crowdsourced Patient Database": "\r\nसमुदाय आधारित रोगी डाटाबेस",
  "Open Sourced on GitHub": "GitHub पर खुले स्रोत",
  "See more details on {{state}}": "{{state}} पर और विवरण देखें",
  "tap": "दबाएँ",
  "{{action}} over a {{mapType}} for more details": "एक {{mapType}} {{action}} अधिक जानकारी के लिए",
  "As of {{date}}": "{{date}} के अनुसार",
  "Zones": "क्षेत्र",
  "Senior citizen support bangalore": "वरिष्ठ नागरिक समर्थन बैंगलोर",
  "Locations": "स्थान",
  "Groceries Chennai": "किराने का सामान चेन्नई",
  "Community Kitchen in Kerala": "केरल में सामुदायिक रसोई",
  "Delhi Shelter": "दिल्ली आश्रय",
  "Testing Pune": "परीक्षण पुणे",
  "Menu": "मेन्यू",
  "Close": "बंद करे",
  "source": "स्रोत",
  "District zones as published by MoHFW": "जिला क्षेत्र के रूप में MoHFW द्वारा प्रकाशित",
  "Bametara": "बेमेतरा",
  "India Map": "भारत का मानचित्र",
  "Yavatmal": "यवतमाल",
  "Yamunanagar": "यमुनानगर",
  "Y.S.R. Kadapa": "YSR कड़पा",
  "West Godavari": "पश्चिमी गोदावरी",
  "West Delhi": "पश्चिमी दिल्ली",
  "West Champaran": "पश्चिमी चंपारण",
  "West Bengal": "पश्चिम बंगाल",
  "Wayanad": "वायनाड",
  "Washim": "वाशिम",
  "Wardha": "वर्धा",
  "Warangal Urban": "वारंगल शहरी",
  "Vizianagaram": "विजयनगरम",
  "Visakhapatnam": "विशाखापत्तनम",
  "Virudhunagar": "विरुधुनगर",
  "Viluppuram": "विलुप्पुरम",
  "Vikarabad": "विकाराबाद",
  "Vijayapura": "विजयपुरा",
  "Vidisha": "विदिशा",
  "Vellore": "वेल्लोर",
  "Varanasi": "वाराणसी",
  "Valsad": "वलसाड़",
  "Vaishali": "वैशाली",
  "Vadodara": "वड़ोदरा",
  "Uttarakhand": "उत्तराखंड",
  "Uttara Kannada": "उत्तर कन्नड़",
  "Uttar Pradesh": "उत्तर प्रदेश",
  "Unnao": "उन्नाव",
  "Una": "ऊना",
  "Ujjain": "उज्जैन",
  "Udupi": "उडुपी",
  "Udhampur": "उधमपुर",
  "Udham Singh Nagar": "उधम सिंह नगर",
  "Udaipur": "उदयपुर",
  "Tumakuru": "तुमकुरु",
  "Tripura": "त्रिपुरा",
  "Tonk": "टोंक",
  "Tiruvannamalai": "तिरुवन्नामलाई",
  "Tiruppur": "तिरुपूर",
  "Tirupathur": "तिरुपथु",
  "Tirunelveli": "तिरुनेलवेली",
  "Tiruchirappalli": "तिरुचिरापल्ली",
  "Tikamgarh": "टीकमगढ़",
  "Thrissur": "थ्रिसुर",
  "Thoothukkudi": "थूथुकुडी",
  "Thiruvarur": "थिरुवरुर",
  "Thiruvananthapuram": "तिरुवनंथपुरम",
  "Thiruvallur": "तिरुवल्लुर",
  "Theni": "थेनी",
  "Thanjavur": "थांजावुर",
  "Thane": "ठाणे",
  "Tenkasi": "तेनकासी",
  "Telangana": "तेलंगाना",
  "Tarn Taran": "तरन तारन",
  "Tapi": " तापी",
  "Tamil Nadu": "तमिलनाडु",
  "Suryapet": "सूर्यपेट",
  "Surendranagar": "सुरेंद्रनगर",
  "Surat": "सूरत",
  "Surajpur": "सुरजपुर",
  "Supaul": "सुपौल",
  "Sundargarh": "सुंदरगढ़",
  "Sultanpur": "सुल्तानपुर",
  "Srinagar": "श्रीनगर",
  "Srikakulam": "श्रीकाकुलम",
  "Sri Muktsar Sahib": "श्री मुक्तसर साहिब",
  "South West Delhi": "दक्षिण पश्चिम दिल्ली",
  "South Salmara Mankachar": "दक्षिण सल्मारा मन्काचर",
  "South Goa": "दक्षिणी गोवा",
  "South East Delhi": "दक्षिण पूर्व दिल्ली",
  "South Delhi": "दक्षिण दिल्ली",
  "South Andaman": "दक्षिणी अंदमान",
  "South 24 Parganas": "दक्षिण 24 परगना",
  "Sonipat": "सोनीपत",
  "Solapur": "सोलापुर",
  "Solan": "सोलन",
  "Siwan": "सिवान",
  "Sivaganga": "शिवगंगा",
  "Sitapur": "सीतापुर",
  "Sitamarhi": "सीतामढ़ी",
  "Sirsa": "सिरसा",
  "Sirohi": "सिरोही",
  "Sirmaur": "सिरमौर",
  "Sindhudurg": "सिंधुदुर्ग",
  "Simdega": "सिमडेगा",
  "Sikkim": "सिक्किम",
  "Sikar": "सीकर",
  "Siddipet": "सिद्दीपेट",
  "Siddharthnagar": "सिद्धार्थनगर",
  "Shrawasti": "श्रावस्ती",
  "Shopiyan": "शोपियान",
  "Shivpuri": "शिवपुरी",
  "Shimla": "शिमला",
  "Sheopur": "श्योपुर",
  "Sheohar": "शिवहर",
  "Sheikhpura": "शेखपुरा",
  "Shamli": "शामली",
  "Shajapur": "शाजापुर",
  "Shahjahanpur": "शाहजहांपुर",
  "Shahdol": "शहडोल",
  "Shahdara": "शाहदरा",
  "Sehore": "सीहोर",
  "Sawai Madhopur": "सवाई माधोपुर",
  "Satna": "सतना",
  "Satara": "सातारा",
  "Saran": "सारण",
  "Sant Kabir Nagar": "संत कबीर नगर",
  "Sangrur": "संगरूर",
  "Sangli": "सांगली",
  "Sangareddy": "संगारेड्डी",
  "Sambhal": "संभल",
  "Samba": "साम्बा",
  "Samastipur": "समस्तीपुर",
  "Salem": "सलेम",
  "Saharsa": "सहरसा",
  "Saharanpur": "सहारनपुर",
  "Sagar": "सागर",
  "Sabarkantha": "साबरकांठा",
  "S.P.S. Nellore": "एस० पी० एस० नेल्लोर",
  "S.A.S. Nagar": "एस.ए.एस. नगर",
  "Rupnagar": "रूपनगर",
  "Rohtas": "रोहतास",
  "Rohtak": "रोहतक",
  "Rewari": "रेवाड़ी",
  "Rewa": "रीवा",
  "Reasi": "रियासी",
  "Ratnagiri": "रत्नागिरी",
  "Ratlam": "रतलाम",
  "Ranipet": "रानीपेट",
  "Ranga Reddy": "रंगा रेड्डी",
  "Ranchi": "रांची",
  "Rampur": "रामपुर",
  "Ramban": "रामबाण",
  "Ramanathapuram": "रामनाथपुरम",
  "Rajsamand": "राजसमंद",
  "Rajouri": "राजौरी",
  "Rajnandgaon": "राजनंदगाव",
  "Rajkot": "राजकोट",
  "Rajgarh": "राजगढ़",
  "Rajasthan": "राजस्थान",
  "Rajanna Sircilla": "राजन्ना सिरसिल्ला",
  "Raisen": "रायसेन",
  "Raipur": "रायपुर",
  "Raigad": "रायगढ़",
  "Rae Bareli": "रायबरेली",
  "Purnia": "पूर्णिया",
  "Puri": "पुरी",
  "Purba Medinipur": "पूर्व मेदिनीपुर",
  "Purba Bardhaman": "पूर्व वर्धमान",
  "Punjab": "पंजाब",
  "Pune": "पुणे",
  "Pulwama": "पुलवामा",
  "Pudukkottai": "पुदुक्कोट्टई",
  "Puducherry": "पुदुच्चेरी",
  "Prayagraj": "प्रयागराज",
  "Pratapgarh": "प्रतापगढ़",
  "Prakasam": "प्रकाशम",
  "Porbandar": "पोरबंदर",
  "Pilibhit": "पीलीभीत",
  "Perambalur": "पेराम्बलुर",
  "Peddapalli": "पेद्दापल्ली",
  "Pauri Garhwal": "पौड़ी गढ़वाल",
  "Patna": "पटना",
  "Patiala": "पटियाला",
  "Pathankot": "पठानकोट",
  "Pathanamthitta": "पथानमथिट्टा",
  "Patan": "पाटन",
  "Paschim Medinipur": "पश्चिम मेदिनीपुर",
  "Paschim Bardhaman": "पश्चिम वर्धमानन",
  "Parbhani": "परभनी",
  "Panna": "पन्ना",
  "Panipat": "पानीपत",
  "Panchmahal": "पंचमहल",
  "Panchkula": "पंचकुला",
  "Palwal": "पलवल",
  "Pali": "पाली",
  "Palghar": "पालघर",
  "Palamu": "पलामु",
  "Palakkad": "पलक्कड़",
  "Osmanabad": "उस्मानाबाद",
  "Odisha": "ओडिशा",
  "Nuh": "नूह",
  "North West Delhi": "उत्तर पश्चिम दिल्ली",
  "North Tripura": "उत्तरी त्रिपुरा",
  "North Goa": "उत्तरी गोवा",
  "North East Delhi": "उत्तर पूर्व दिल्ली",
  "North Delhi": "उत्तरी दिल्ली",
  "North and Middle Andaman": "उत्तर और मध्य अंदमान",
  "North 24 Parganas": "उत्तर 24 परगना",
  "Nizamabad": "निज़ामाबाद",
  "Nirmal": "निर्मल",
  "Nilgiris": "नीलगिरी",
  "New Delhi": "नई दिल्ली",
  "Neemuch": "नीमच",
  "Nayagarh": "नयागढ़",
  "Nawada": "नवादा",
  "Navsari": "नवसारी",
  "Nashik": "नासिक",
  "Narmada": "नर्मदा",
  "Narayanpet": "नारायणपेट",
  "Nandurbar": "नंदुरबार",
  "Nanded": "नांदेड़",
  "Namakkal": "नमक्कल",
  "Nalgonda": "नालगोंडा",
  "Nalbari": "नलबाड़ी",
  "Nalanda": "नालंदा",
  "Nainital": "नैनीताल",
  "Nagpur": "नागपुर",
  "Nagaur": "नागौर",
  "Nagarkurnool": "नगरकुरनूल",
  "Nagapattinam": "नागपट्टिनम",
  "Nagaland": "नागालैंड",
  "Nadia": "नादिया",
  "Mysuru": "मैसूर",
  "Muzaffarpur": "मुज़फ्फरपुर",
  "Muzaffarnagar": "मुज़फ्फरनगर",
  "Murshidabad": "मुर्शिदाबाद",
  "Munger": "मुंगेर",
  "Mumbai Suburban": "मुंबई उपनगरीय",
  "Mumbai": "मुंबई",
  "Mulugu": "मुलुगु",
  "Morigaon": "मोरीगांव",
  "Morena": "मुरैना",
  "Morbi": "मोरबी",
  "Moradabad": "मुरादाबाद",
  "Moga": "मोगा",
  "Mizoram": "मिज़ोरम",
  "Mirzapur": "मिर्ज़ापुर",
  "Mehsana": "मेहसाणा",
  "Meghalaya": "मेघालय",
  "Meerut": "मेरठ",
  "Medchal Malkajgiri": "मेडचाल मल्काजगिरी",
  "Medak": "मेदक",
  "Mayurbhanj": "मयूरभंज",
  "Mau": "मऊ",
  "Mathura": "मथुरा",
  "Mansa": "मानसा",
  "Manipur": "मणीपुर",
  "Mandya": "मंड्या",
  "Mandsaur": "मंदसौर",
  "Mandi": "मंडी",
  "Mancherial": "मंचेरियाल",
  "Malda": "मालदा",
  "Malappuram": "मालाप्पुरम",
  "Mainpuri": "मैनपुरी",
  "Mahoba": "महोबा",
  "Mahisagar": "महिसागर",
  "Mahendragarh": "महेंद्रगढ़",
  "Mahe": "माहे",
  "Maharashtra": "महाराष्ट्र",
  "Maharajganj": "महाराजगंज",
  "Mahabubnagar": "महबूबनगर",
  "Mahabubabad": "मह्बुबाबाद",
  "Madurai": "मदुरै",
  "Madhya Pradesh": "मध्य प्रदेश",
  "Madhubani": "मधुबनी",
  "Madhepura": "मधेपुरा",
  "Ludhiana": "लुधियाना",
  "Lucknow": "लखनऊ",
  "Lohit": "लोहित",
  "Leh": "लेह",
  "Latur": "लातूर",
  "Lakshadweep": "लक्षद्वीप",
  "Lakhisarai": "लखीसराय",
  "Lakhimpur Kheri": "लखीमपुर खीरी",
  "Lakhimpur": "लखीमपुर",
  "Ladakh": "लद्दाख",
  "Kutch": "कच्छ",
  "Kushinagar": "कुशीनगर",
  "Kurukshetra": "कुरुक्षेत्र",
  "Kurnool": "कुरनूल",
  "Kupwara": "कुपवाड़ा",
  "Kulgam": "कुलगाम",
  "Krishnagiri": "कृष्णागिरी",
  "Krishna": "कृष्णा",
  "Kozhikode": "कोझिकोड",
  "Kottayam": "कोट्टायम",
  "Kota": "कोटा",
  "Korba": "कोरबा",
  "Koraput": "कोरापुट",
  "Komaram Bheem": "कोमाराम भीम",
  "Kollam": "कोल्लम",
  "Kolkata": "कोलकाता",
  "Kolhapur": "कोल्हापुर",
  "Kokrajhar": "कोकराझार",
  "Koderma": "कोडरमा",
  "Kodagu": "कोडागू",
  "Kishtwar": "किश्तवार",
  "Kishanganj": "किशनगंज",
  "Khordha": "खोरधा",
  "Kheda": "खेड़ा",
  "Khargone": "खरगौन",
  "Khandwa": "खंडवा",
  "Khammam": "खम्माम",
  "Khagaria": "खगड़िया",
  "Kerala": "केरल",
  "Kendujhar": "केंदुझार",
  "Kendrapara": "केंद्रापाड़ा",
  "Kaushambi": "कौशाम्बी",
  "Katihar": "कटिहार",
  "Kathua": "कठुआ",
  "Kasganj": "कासगंज",
  "Kasaragod": "कासरगोड",
  "Karur": "करूर",
  "Karnataka": "कर्नाटक",
  "Karnal": "करनाल",
  "Karimnagar": "करीमनगर",
  "Karimganj": "करीमगंज",
  "Kargil": "कारगिल",
  "Karauli": "करौली",
  "Kapurthala": "कपूरथला",
  "Kanyakumari": "कन्याकुमारी",
  "Kanpur Nagar": "कानपुर नगर",
  "Kanpur Dehat": "कानपुर देहात",
  "Kannur": "कन्नूर",
  "Kannauj": "कन्नौज",
  "Kangra": "कांगड़ा",
  "Kancheepuram": "कांचीपुरम",
  "Kamrup Metropolitan": "कामरूप महानगर",
  "Kamrup": "कामरूप",
  "Kamareddy": "कामारेड्डी",
  "Kallakurichi": "कल्लाकुरिची",
  "Kalimpong": "कालिमपोंग",
  "Kalahandi": "कलाहंडी",
  "Kalaburagi": "कालाबुर्गी",
  "Kaithal": "कैथल",
  "Kaimur": "कैमूर",
  "Kabeerdham": "कबीरधाम",
  "Junagadh": "जूनागढ़",
  "Jogulamba Gadwal": "जोगुलाम्बा गढ़वाल",
  "Jodhpur": "जोधपुर",
  "Jind": "जिंद ",
  "Jhunjhunu": "झुंझुनूं",
  "Jharsuguda": "झारसुगुड़ा",
  "Jharkhand": "झारखंड",
  "Jhansi": "झाँसी",
  "Jhalawar": "झालावाड़",
  "Jhajjar": "झज्जर",
  "Jhabua": "झाबुआ",
  "Jehanabad": "जेहांनाबाद",
  "Jayashankar Bhupalapally": "जयशंकर भुपालपल्ली",
  "Jaunpur": "जौनपुर",
  "Jangaon": "जनगांव",
  "Jamtara": "जामतारा",
  "Jamnagar": "जामनगर",
  "Jammu and Kashmir": "जम्मू और कश्मीर",
  "Jammu": "जम्मू",
  "Jalpaiguri": "जलपाईगुड़ी",
  "Jalore": "जालोर",
  "Jalna": "जालना",
  "Jalgaon": "जलगांव",
  "Jalaun": "जालौन",
  "Jalandhar": "जालंधर",
  "Jajpur": "जाजपुर",
  "Jaisalmer": "जैसलमेर",
  "Jaipur": "जयपुर",
  "Jagtial": "जग्तियाल",
  "Jagatsinghpur": "जगतसिंहपुर",
  "Jabalpur": "जबलपुर",
  "Italians": "इटालियन",
  "Indore": "इन्दौर",
  "Imphal West": "इम्फाल पश्चिम",
  "Imphal East": "इम्फाल पूर्व",
  "Idukki": "इडुक्की",
  "Hyderabad": "हैदराबाद",
  "Howrah": "हावड़ा",
  "Hoshiarpur": "होशियारपुर",
  "Hoshangabad": "होशंगाबाद",
  "Hooghly": "हुगली",
  "Hisar": "हिसार",
  "Hingoli": "हिंगोली",
  "Himachal Pradesh": "हिमाचल प्रदेश",
  "Hazaribagh": "हज़ारीबाग",
  "Haveri": "हावेरी",
  "Hathras": "हाथरस",
  "Haryana": "हरियाणा",
  "Haridwar": "हरिद्वार",
  "Hardoi": "हरदोई",
  "Harda": "हरदा",
  "Hapur": "हापुड़",
  "Hanumangarh": "हनुमानगढ़",
  "Hamirpur": "हमीरपुर",
  "Hailakandi": "हैलाकांडी",
  "Gwalior": "ग्वालियर",
  "Gurugram": "गुरुग्राम",
  "Gurdaspur": "गुरदासपुर",
  "Guntur": "गुंटूर",
  "Guna": "गुना",
  "Gujarat": "गुजरात",
  "Gorakhpur": "गोरखपुर",
  "Gopalganj": "गोपालगंज",
  "Gondia": "गोंदिया",
  "Gonda": "गोंडा",
  "Gomati": "गोमती",
  "Golaghat": "गोलाघाट",
  "Godda": "गोड्डा",
  "Goalpara": "गोलपाड़ा",
  "Goa": "गोवा",
  "Giridih": "गिरिडीह",
  "Gir Somnath": "गीर सोमनाथ",
  "Ghazipur": "गाज़ीपुर",
  "Ghaziabad": "गाज़ियाबाद",
  "Gaya": "गया",
  "Gautam Buddha Nagar": "गौतम बुद्ध नगर",
  "Garhwa": "गढ़वा",
  "Ganjam": "गंजाम",
  "Gandhinagar": "गांधीनगर",
  "Ganderbal": "गान्दरबल",
  "Gadchiroli": "गढ़चिरौली",
  "Gadag": "गदग",
  "Firozabad": "फ़िरोज़ाबाद",
  "Ferozepur": "फिरोज़पुर",
  "Fazilka": "फजिल्का",
  "Fatehpur": "फतेहपुर",
  "Fatehgarh Sahib": "फतेहगढ़ साहिब",
  "Fatehabad": "फतेहाबाद",
  "Faridkot": "फरीदकोट",
  "Faridabad": "फ़रीदाबाद",
  "Etawah": "इटावा",
  "Etah": "ईटाह",
  "Erode": "इरोड",
  "Ernakulam": "एर्नाकुलम",
  "East Khasi Hills": "पूर्वी खासी हिल्स",
  "East Godavari": "पूर्वी गोदावरी",
  "East Delhi": "पूर्वी दिल्ली",
  "East Champaran": "पूर्वी चंपारण",
  "Durg": "दुर्ग",
  "Dungarpur": "डूंगरपुर",
  "Dumka": "दुमका",
  "Dindori": "डिंडोरी",
  "Dindigul": "डिंडीगुल",
  "Dhule": "धूले",
  "Dhubri": "धुबरी",
  "Dholpur": "धौलपुर",
  "Dhenkanal": "ढेंकनाल",
  "Dharwad": "धारवाड़",
  "Dharmapuri": "धर्मपुरी",
  "Dhar": "धार",
  "Dhanbad": "धनबाद",
  "Dhalai": "ढलाई",
  "Dewas": "देवास",
  "Devbhumi Dwarka": "देवभूमि द्वारका",
  "Deoria": "देओरिया",
  "Deoghar": "देवघर",
  "Deogarh": "देवगढ़",
  "Delhi": "दिल्ली",
  "Dehradun": "देहरादून",
  "Davanagere": "दावण गेरे",
  "Dausa": "दौसा",
  "Darjeeling": "दार्जिलिंग",
  "Darbhanga": "दरभंगा",
  "Dang": "डांग",
  "Daman and Diu": "दमन और दीव",
  "Dakshina Kannada": "दक्षिण कन्नड़",
  "Dahod": "दाहोद",
  "Dadra and Nagar Haveli": "दादरा और नगर हवेली",
  "Cuttack": "कटक",
  "Cuddalore": "कुड्डालोर",
  "Coimbatore": "कोयंबटूर",
  "Churu": "चुरू",
  "Chittorgarh": "चित्तौड़गढ़",
  "Chittoor": "चित्तूर",
  "Chitrakoot": "चित्रकूट",
  "Chitradurga": "चित्रदुर्ग",
  "Chikkaballapura": "चिक्कबल्लापुर",
  "Chhota Udaipur": "छोटा उदयपुर",
  "Chhindwara": "छिंदवाड़ा",
  "Chhattisgarh": "छत्तीसगढ़",
  "Chennai": "चेन्नई",
  "Chengalpattu": "चेंगलपट्टू",
  "Charkhi Dadri": "चरखी दादरी",
  "Chandrapur": "चंद्रपुर",
  "Chandigarh": "चंडीगढ़",
  "Chamba": "चंबा",
  "Central Delhi": "मध्य दिल्ली",
  "Cachar": "कछार",
  "Buxar": "बक्सर",
  "Burhanpur": "बुरहानपुर",
  "Buldhana": "बुलढाणा",
  "Bulandshahr": "बुलंदशहर",
  "Budgam": "बडगाम",
  "Budaun": "बदायूं",
  "Botad": "बोटाद",
  "Bongaigaon": "बोंगईगांव",
  "Bokaro": "बोकारो",
  "Birbhum": "बीरभूम",
  "Bilaspur": "बिलासपुर",
  "Bikaner": "बीकानेर",
  "Bijnor": "बिजनौर",
  "Bihar": "बिहार",
  "Bidar": "बीदर",
  "Bhopal": "भोपाल",
  "Bhojpur": "भोजपुर",
  "Bhiwani": "भिवानी",
  "Bhind": "भिंड",
  "Bhilwara": "भीलवाड़ा",
  "Bhavnagar": "भावनगर",
  "Bharuch": "भरूच",
  "Bharatpur": "भरतपुर",
  "Bhandara": "भण्डारा",
  "Bhagalpur": "भागलपुर",
  "Bhadrak": "भद्रक",
  "Bhadradri Kothagudem": "भाद्रदरी कोथागुदम",
  "Bhadohi": "भदोही",
  "Betul": "बैतूल",
  "Bengaluru Urban": "बेंगलुरु शहर",
  "Bengaluru Rural": "बेंगलुरु ग्रामीण",
  "Belagavi": "बेलगावी",
  "Begusarai": "बेगूसराय",
  "Beginning": "शुरूआत",
  "Beed": "बीड़",
  "Bathinda": "भटिंडा",
  "Basti": "बस्ती",
  "Barwani": "बड़वानी",
  "Barnala": "बरनाला",
  "Barmer": "बाड़मेर",
  "Bareilly": "बरेली",
  "Baran": "बारां",
  "Baramulla": "बारामूला",
  "Barabanki": "बाराबंकी",
  "Banswara": "बांसवाड़ा",
  "Banka": "बांका",
  "Bandipora": "बांदीपोरा",
  "Banda": "बांदा",
  "Banaskantha": "बनासकांठा",
  "Balrampur": "बलरामपुर",
  "Ballari": "बेल्लारी",
  "Balasore": "बालासोर",
  "Balangir": "बोलांगीर",
  "Bahraich": "बहराइच",
  "Baghpat": "बागपत",
  "Bagalkote": "बागलकोट",
  "Azamgarh": "आज़मगढ़",
  "Ayodhya": "अयोध्या",
  "Aurangabad": "औरंगाबाद",
  "Auraiya": "औरैया",
  "Assam": "असम",
  "Ashoknagar": "अशोक नगर",
  "Arwal": "अरवल",
  "Arunachal Pradesh": "अरुणाचल प्रदेश",
  "Ariyalur": "अरियालुर",
  "Aravalli": "अरावली",
  "Araria": "अररिया",
  "Anuppur": "अनूपपुर",
  "Andhra Pradesh": "आंध्र प्रदेश",
  "Anantnag": "अनंतनाग",
  "Anantapur": "अनंतपुर",
  "Anand": "आनंद",
  "Amroha": "अमरोहा",
  "Amritsar": "अमृतसर",
  "Amravati": "अमरावती",
  "Amethi": "अमेठी",
  "Ambala": "अंबाला",
  "Alwar": "अलवर",
  "Almora": "अल्मोड़ा",
  "Alirajpur": "अलीराजपुर",
  "Aligarh": "अलीगढ़",
  "Alappuzha": "अलापुझा",
  "Akola": "अकोला",
  "Ajmer": "अजमेर",
  "Aizawl": "आइज़ौल",
  "Ahmednagar": "अहमदनगर",
  "Ahmedabad": "अहमदाबाद",
  "Agra": "आगरा",
  "Agar Malwa": "आगर मालवा",
  "Adilabad": "अदिलाबाद",
  "Yanam": "यानम",
  "Yadgir": "यादगीर",
  "Yadadri Bhuvanagiri": "यदाद्रि भुवनगिरि",
  "West Tripura": "पश्चिम त्रिपुरा",
  "West Singhbhum": "पश्चिमी सिंहभूम",
  "West Siang": "पश्चिम सियांग",
  "West Khasi Hills": "पश्चिम खासी हिल्स",
  "West Karbi Anglong": "पश्चिम कार्बी आंगलोंग",
  "West Kameng": "पश्चिम कामेंग",
  "West Jaintia Hills": "पश्चिम जैंतिया हिल्स",
  "West Garo Hills": "पश्चिम गारो हिल्स",
  "Warangal Rural": "वारंगल ग्रामीण",
  "Wanaparthy": "वनापर्थी",
  "Uttarkashi": "उत्तरकाशी",
  "Uttar Dinajpur": "उत्तर दिनाजपुर",
  "Uttar Bastar Kanker": "उत्तर बस्तर कांकेर",
  "Upper Subansiri": "ऊपरी सुबानसिरी",
  "Upper Siang": "ऊपरी सियांग",
  "Upper Dibang Valley": "ऊपरी दिबांग घाटी",
  "Unokoti": "उनुकोटि",
  "Umaria": "उमरिया",
  "Ukhrul": "उखरूल",
  "Udalguri": "उदलगुड़ी",
  "Tirap": "तिरप",
  "Tinsukia": "तिनसुकिया",
  "Thoubal": "थौबल",
  "Tengnoupal": "टेंगनूपाल",
  "Tehri Garhwal": "टिहरी गढ़वाल",
  "Tawang": "तवांग",
  "Tamenglong": "तामेंगलांग",
  "Surguja": "सरगुजा",
  "Sukma": "सुकमा",
  "Subarnapur": "सुबर्णपुर",
  "South West Khasi Hills": "दक्षिण पश्चिम खासी हिल्स",
  "South West Garo Hills": "दक्षिण पश्चिम गारो हिल्स",
  "South Tripura": "दक्षिण त्रिपुरा",
  "South Garo Hills": "दक्षिण गारो हिल्स",
  "Sonitpur": "सोनितपुर",
  "Sonbhadra": "सोनभद्र",
  "Sivasagar": "शिवसागर",
  "Sipahijala": "सिपाहीजाला",
  "Singrauli": "सिंगरौली",
  "Sidhi": "सीधी",
  "Siang": "सियांग",
  "Shivamogga": "शिवमोगा",
  "Shi Yomi": "शि योमी",
  "Serchhip": "सेरछिप",
  "Seoni": "सिवनी",
  "Senapati": "सेनापति",
  "Saraikela-Kharsawan": "सराईकेला-खरसवान",
  "Sambalpur": "संबलपुर",
  "Saitual": "सैतुअल",
  "Saiha": "सैहा",
  "Sahibganj": "साहिबगंज",
  "Rudraprayag": "रुद्रप्रयाग",
  "Ribhoi": "रीभोई",
  "Rayagada": "रायगढ़",
  "Ramgarh": "रामगढ़",
  "Ramanagara": "रामनगर",
  "Raigarh": "रायगढ़",
  "Raichur": "रायचुर",
  "Purulia": "पुरुलिया",
  "Punch": "पंच",
  "Pithoragarh": "पिथोरागढ़",
  "Pherzawl": "फेरजॉल",
  "Papum Pare": "पापुम पारे",
  "Pakur": "पाकुर",
  "Pakke Kessang": "पक्के केसांग",
  "Nuapada": "नुआपाड़ा",
  "North Garo Hills": "उत्तर गारो हिल्स",
  "Noney": "नोनी",
  "Niwari": "निवाड़ी",
  "Nicobars": "निकोबार",
  "Narsinghpur": "नरसिंहपुर",
  "Narayanpur": "नारायणपुर",
  "Namsai": "नमसाई",
  "Nagaon": "नगांव",
  "Nabarangapur": "नबरंगपुर",
  "Muzaffarabad": "मुजफ्फराबाद",
  "Mungeli": "मुंगेली",
  "Mirpur": "मीरपुर",
  "Mandla": "मंडला",
  "Mamit": "मामित",
  "Malkangiri": "मल्कानगिरी",
  "Majuli": "माजुली",
  "Mahasamund": "महासमुंद",
  "Lunglei": "लुंगलेई",
  "Lower Subansiri": "लोअर सुबानसिरी",
  "Lower Siang": "लोअर सियांग",
  "Lower Dibang Valley": "लोअर दिबांग घाटी",
  "Longding": "लोंगडिंग",
  "Lohardaga": "लोहरदगा",
  "Lepa Rada": "लेप राडा",
  "Lawngtlai": "लवंगत्लई",
  "Latehar": "लातेहार",
  "Lalitpur": "ललितपुर",
  "Lahaul and Spiti": "लाहौल एवं स्पीति",
  "Kurung Kumey": "कुरूंग कुमेय",
  "Kullu": "कुल्लू",
  "Kra Daadi": "क्रा दादी",
  "Koriya": "कोरिया",
  "Koppal": "कोप्पल",
  "Kondagaon": "कोंडागांव ",
  "Kolasib": "कोलासिब",
  "Kolar": "कोलार",
  "Kinnaur": "किन्नौर",
  "Khunti": "खूंटी",
  "Khowai": "खोवाई",
  "Khawzawl": "खावजॉल",
  "Katni": "कटनी",
  "Karbi Anglong": "कार्बी आंगलोंग",
  "Karaikal": "कराईकल",
  "Kangpokpi": "कांगपोकपि",
  "Kandhamal": "कंधमाल",
  "Kamle": "कमले",
  "Kamjong": "कमजोंग",
  "Kakching": "कक्चिंग",
  "Jorhat": "जोरहाट",
  "Jiribam": "जिरीबाम",
  "Jhargram": "झारग्राम",
  "Jashpur": "जशपुर",
  "Janjgir Champa": "जांजगीर चंपा",
  "Jamui": "जमुई",
  "Hojai": "होजाइ",
  "Hnahthial": "हनहथीअल",
  "Hassan": "हसन",
  "Gumla": "गुमला",
  "Gariaband": "गरियाबंद",
  "Ganganagar": "गंगानगर",
  "Gajapati": "गजपति",
  "Farrukhabad": "फर्रुखाबाद",
  "East Singhbhum": "पूर्वी सिंहभूम",
  "East Siang": "पूर्व सियांग",
  "East Kameng": "पूर्वी कामेंग",
  "East Jaintia Hills": "पूर्व जैंतिया हिल्स",
  "East Garo Hills": "पूर्व गारो हिल्स",
  "Doda": "डोडा",
  "Diu": "दीव",
  "Dima Hasao": "दीमा हसाओ",
  "Dibrugarh": "डिब्रूगढ़",
  "Dhemaji": "धेमाजी",
  "Dhamtari": "धमतरी",
  "Datia": "दतिया",
  "Darrang": "दरांग",
  "Damoh": "दमोह",
  "Daman": "दमन",
  "Dakshin Dinajpur": "दक्षिण दिनाजपुर",
  "Dakshin Bastar Dantewada": "दक्षिण बस्तर दंतेवाड़ा",
  "Cooch Behar": "कूचबिहार",
  "Churachandpur": "छुरछंदपुर",
  "Chirang": "चिरांग",
  "Chikkamagaluru": "चिक्कामगलुरु",
  "Chhatarpur": "छतरपुर",
  "Chatra": "चतरा",
  "Charaideo": "चराईदेव",
  "Changlang": "चांगलांग",
  "Chandel": "चंदेल",
  "Chandauli": "चंदौली",
  "Champhai": "चम्फाई",
  "Champawat": "चम्पावत",
  "Chamoli": "चमोली",
  "Chamarajanagara": "चामाराजानगर",
  "Bundi": "बूंदी",
  "Boudh": "बौध",
  "Biswanath": "बिश्वनाथ",
  "Bishnupur": "बिश्नुपुर",
  "Bijapur": "बीजापुर",
  "Bastar": "बस्तर",
  "Barpeta": "बारपेटा",
  "Bargarh": "बारगढ़",
  "Bankura": "बांकुड़ा",
  "Bemetara": "बेमेतरा",
  "Baloda Bazar": "बलोदा बाजार",
  "Balod": "बालोद",
  "Ballia": "बलिया",
  "Balaghat": "बालाघाट",
  "Baksa": "बक्सा",
  "Bageshwar": "बागेश्वर",
  "Anjaw": "अंज।व",
  "Angul": "अंगुल",
  "Amreli": "अमरेली",
  "Ambedkar Nagar": "अंबेडकर नगर",
  "Alipurduar": "अलीपुरद्वार",
  "Weeks": "सप्ताह",
  "We stand with everyone fighting on the frontlines": "हम अग्रिम पंक्ति पर लड़ने वाले प्रत्येक योद्धा के साथ खड़े हैं",
  "Visit state page": "राज्य के पृष्ठ पर जाएँ",
  "Unknown": "अनजान",
  "Uniform": "एक समान",
  "Total Cases": "कुल मामले",
  "Total": "कुल",
  "Tested chart is independent of uniform scaling": "परीक्षण लेखाचित्र समान अनुमाप से स्वतंत्र है",
  "Tested": "परीक्षित",
  "state/UT": "राज्य / केन्द्र शासित क्षेत्र/प्रदेश",
  "State/UT": "राज्य / केन्द्र शासित क्षेत्र/प्रदेश",
  "State": "राज्य",
  "Spread Trends": "संक्रमण फैलाव का प्रवृति",
  "Shahid Bhagat Singh Nagar": "शहीद भगत सिंह नगर",
  "Search your city, resources, etc": "अपने शहर से संबंधित जानकारी और संसाधन खोजें",
  "Scale Modes": "अनुमाप शैली",
  "report": "प्रतिवेदन",
  "Recovered": "स्वस्थ हुए",
  "per million": "प्रत्येक दस लाख",
  "Other State": "अन्य राज्य",
  "Other state": "अन्य राज्य",
  "Other Region": "अन्य क्षेत्र/ प्रदेश",
  "Month": "माह",
  "Map": "नक्शा",
  "Logarithmic": "लघुगणक",
  "Last updated": "नवीनतम अपडेट",
  "know more": "और जानें",
  "India": "भारत",
  "Hover": "हाथ रखें",
  "Home": "मुख्यपृष्ठ",
  "for more details": "अधिक जानकारी के लिए",
  "Evacuees": "विस्थापित",
  "Essentials": "आवश्यक जरूरतें",
  "District-wise numbers are under reconciliation": "जिलेवार संख्या पुनर्मिलन के तहत है",
  "District": "जिला",
  "Demographics": "जनसांख्यिकी",
  "Deep Dive": "विस्तृत विश्लेषण",
  "Deceased": "मृत",
  "Daily": "दैनिक",
  "Dadra and Nagar Haveli and Daman and Diu": "दादरा और नगर हवेली तथा दमन और दीव",
  "Cumulative": "संचयी",
  "Confirmed": "पुष्टि",
  "Compiled from State Govt. numbers": "राज्य सरकार से प्राप्त आंकड़ों से संकलित",
  "Checked by default to scale uniformly.": "समान रूप से बड़े पैमाने पर सामान्य रूप से जांच की गई।",
  "Cases per million": "प्रति दस लाख मामले",
  "BSF Camp": "बीएसएफ शिविर",
  "Based on 2019 population projection by NCP": "NCP द्वारा 2019 जनसंख्या अनुमान के आधार पर",
  "As of": "केअनुसार",
  "Andaman and Nicobar Islands": "अंडमान व निकोबार द्वीप समूह",
  "All States": "सभी राज्य",
  "ago": "पूर्व",
  "Active": "सक्रिय",
  "About": "हमारे बारे में",
  "A crowdsourced initiative.": "लोगों द्वारा की गई एक पहल",
  "Airport Quarantine": "हवाई अड्डा संगरोध"
}