{
  "completion_ratio": "1.00",
  "Language": "ഭാഷ",
  "State Unassigned": "സംസ്ഥാനങ്ങളിലേക് ഇതുവരെ കൂട്ടിച്ചേർക്കാത്തവ ",
  "District-wise {{mapOption}} numbers are under reconciliation": "ജില്ല തിരിച്ചുള്ള {{mapOption}} നമ്പറുകൾ തിട്ടപ്പെടുത്തികൊണ്ടിരിക്കുന്നു ",
  "Hotspots": "ഹോട്ട്സ്പോട്ടുകൾ",
  "Back": "തിരികെ",
  "Join Telegram to Collaborate!": "സഹകരിക്കാൻ ടെലിഗ്രാം ഗ്രൂപ്പിൽ ചേരുക!",
  "View updates on Twitter": "ട്വിറ്ററിൽ അപ്ഡേറ്റുകൾ കാണുക",
  "Crowdsourced Patient Database": "ക്രൗഡ്‌സോഴ്സ്ഡ് ഡാറ്റാബേസ് ",
  "Open Sourced on GitHub": "ഗിറ്റ്ഹബ്ബിൽ സോഴ്സ് കോഡ് തുറക്കുക",
  "See more details on {{state}}": "{{state}} സംസ്ഥാനത്തിന്റെ കൂടുതൽ വിശദാംശങ്ങൾ കാണുക",
  "tap": "ടാപ്പ്",
  "{{action}} over a {{mapType}} for more details": "കൂടുതൽ വിവരങ്ങൾക്ക്  {{mapType}}ന്റെ  മേൽ {{action}} ചെയ്യുക ",
  "As of {{date}}": " {{date}} വരെ",
  "Zones": "മേഖലകൾ ",
  "Senior citizen support bangalore": "സീനിയർ സിറ്റിസൺ സഹായം ബാംഗ്ലൂർ",
  "Locations": "ലൊക്കേഷനുകൾ",
  "Groceries Chennai": "പലചരക്ക് ചെന്നൈ",
  "Community Kitchen in Kerala": "കേരളം കമ്മ്യൂണിറ്റി അടുക്കള",
  "Delhi Shelter": "ഡൽഹി ഷെൽട്ടർ",
  "Testing Pune": "പരിശോധന പൂനെ",
  "Menu": "മെനു",
  "Close": "അടയ്ക്കുക",
  "source": "സ്രോതസ് ",
  "District zones as published by MoHFW": "ജില്ലാ മേഖലകൾ MoHFW പ്രസിദ്ധീകരിച്ച പ്രകാരം",
  "Bametara": "ബെമേത്തര ",
  "India Map": "ഇന്ത്യ : ഭൂപടം",
  "Yavatmal": "യവതമാൽ",
  "Yamunanagar": "യമുനാനഗർ",
  "Y.S.R. Kadapa": "വൈ. എസ് . ആർ കടപ്പ",
  "West Godavari": "വെസ്റ്റ് ഗോദാവരി",
  "West Delhi": "വെസ്റ്റ് ഡൽഹി",
  "West Champaran": "വെസ്റ്റ് ചമ്പാരൻ",
  "West Bengal": "പശ്ചിമ ബംഗാൾ",
  "Wayanad": "വയനാട്",
  "Washim": "വാഷിം",
  "Wardha": "വാർധ",
  "Warangal Urban": "വാറങ്കൽ അർബൻ",
  "Vizianagaram": "വിഷിനഗരം",
  "Visakhapatnam": "വിശാഖപട്ടണം",
  "Virudhunagar": "വിരുദുനഗർ",
  "Viluppuram": "വില്ലുപുരം ",
  "Vikarabad": "വികാരാബാദ് ",
  "Vijayapura": "വിജയപുര",
  "Vidisha": "വിദിഷ",
  "Vellore": "വെല്ലൂർ",
  "Varanasi": "വാരാണസി",
  "Valsad": "വത്സാട് ",
  "Vaishali": "വൈശാലി",
  "Vadodara": "വഡോദര",
  "Uttarakhand": "ഉത്തരാഖണ്ഡ്",
  "Uttara Kannada": "ഉത്തര കന്നഡ",
  "Uttar Pradesh": "ഉത്തർപ്രദേശ്",
  "Unnao": "ഉന്നാവ്",
  "Una": "ഉണ",
  "Ujjain": "ഉജ്ജൈൻ",
  "Udupi": "ഉഡുപ്പി",
  "Udhampur": "ഉധംപൂർ",
  "Udham Singh Nagar": "ഉദംസിങ് നഗർ",
  "Udaipur": "ഉദയ്പൂർ",
  "Tumakuru": "തുംകൂർ ",
  "Tripura": "ത്രിപുര ",
  "Tonk": "ടോങ്ങ്",
  "Tiruvannamalai": "തിരുവണ്ണാമല",
  "Tiruppur": "തിരുപ്പൂർ",
  "Tirupathur": "തിരുപത്തൂർ",
  "Tirunelveli": "തിരുനെൽവേലി",
  "Tiruchirappalli": "തിരുച്ചിറപ്പള്ളി",
  "Tikamgarh": "ടികംഗഡ്‌ ",
  "Thrissur": "തൃശൂർ",
  "Thoothukkudi": "തൂത്തുക്കുഡി",
  "Thiruvarur": "തിരുവാരൂർ",
  "Thiruvananthapuram": "തിരുവനന്തപുരം",
  "Thiruvallur": "തിരുവള്ളൂർ ",
  "Theni": "തേനി",
  "Thanjavur": "തഞ്ചാവൂർ",
  "Thane": "താനെ",
  "Tenkasi": "തെങ്കാശി",
  "Telangana": "തെലുങ്കാന",
  "Tarn Taran": "തരൻ താരൻ ",
  "Tapi": "താപി",
  "Tamil Nadu": "തമിഴ്നാട്",
  "Suryapet": "സുര്യപ്പെട്ട് ",
  "Surendranagar": "സുരേന്ദ്രനഗർ",
  "Surat": "സൂററ്റ്",
  "Surajpur": "സൂരജ്പൂർ",
  "Supaul": "സുപ്പോൽ ",
  "Sundargarh": "സുന്ദർഗഡ്",
  "Sultanpur": "സുൽത്താൻപൂർ",
  "Srinagar": "ശ്രീനഗർ",
  "Srikakulam": "ശ്രീകാകുളം",
  "Sri Muktsar Sahib": "ശ്രീ മുക്ത്സർ സാഹിബ്",
  "South West Delhi": "സൗത്ത് വെസ്റ്റ് ഡൽഹി",
  "South Salmara Mankachar": "ദക്ഷിണ സൽമാരാ മങ്കാചർ",
  "South Goa": "സൗത്ത് ഗോവ",
  "South East Delhi": "സൗത്ത് ഈസ്റ്റ് ഡൽഹി",
  "South Delhi": "സൗത്ത് ഡൽഹി",
  "South Andaman": "ദക്ഷിണ ആൻഡമാൻ",
  "South 24 Parganas": "സൗത്ത് 24 പർഗാനാസ്",
  "Sonipat": "സോനിപത്",
  "Solapur": "സോലാപൂർ",
  "Solan": "സോളൻ",
  "Siwan": "സിവന്",
  "Sivaganga": "ശിവഗംഗ",
  "Sitapur": "സിതാപൂർ",
  "Sitamarhi": "സീതാമാർഹി",
  "Sirsa": "സിർസ",
  "Sirohi": "സിരോഹി ",
  "Sirmaur": "സിര്മൌര്",
  "Sindhudurg": "സിന്ധുദുർഗ്",
  "Simdega": "സിംദെഗ ",
  "Sikkim": "സിക്കിം",
  "Sikar": "സിക്കാർ",
  "Siddipet": "സിദ്ധിപ്പെട്ട് ",
  "Siddharthnagar": "സിദ്ധാർഥ്നഗർ ",
  "Shrawasti": "ശ്രവസ്തി",
  "Shopiyan": "ഷോപിയാൻ ",
  "Shivpuri": "ശിവ്പുരി",
  "Shimla": "ഷിംല",
  "Sheopur": "ശിയോപ്പുർ ",
  "Sheohar": "ശിവഹർ",
  "Sheikhpura": "ഷെയ്ഖ്പുര ",
  "Shamli": "ഷംലി",
  "Shajapur": "ഷാജാപ്പൂർ ",
  "Shahjahanpur": "ഷാജഹാൻപൂർ",
  "Shahdol": "ശാഹ്ഡോൽ ",
  "Shahdara": "ഷഹ്ദര",
  "Sehore": "സീഹോർ",
  "Sawai Madhopur": "സവായ് മധോപൂർ",
  "Satna": "സത്ന",
  "Satara": "സതാര",
  "Saran": "സരൻ",
  "Sant Kabir Nagar": "സന്ത് കബീർ നഗർ",
  "Sangrur": "സംഗ്റൂർ",
  "Sangli": "സാംഗ്ലി",
  "Sangareddy": "സങ്കറെഡ്‌ഡി ",
  "Sambhal": "സംഭാൽ",
  "Samba": "സാംബ",
  "Samastipur": "സമസ്തിപൂർ",
  "Salem": "സേലം",
  "Saharsa": "സഹര്സ",
  "Saharanpur": "സഹാറൻപൂർ",
  "Sagar": "സാഗർ",
  "Sabarkantha": "സബർകന്ത",
  "S.P.S. Nellore": "എസ്.പി.എസ് നെല്ലൂർ",
  "S.A.S. Nagar": "എസ്.എ.എസ് നഗർ",
  "Rupnagar": "രുപ്നഗർ",
  "Rohtas": "റോഹ്താസ്",
  "Rohtak": "റോഹ്തക്",
  "Rewari": "റെവാരി",
  "Rewa": "രേവ",
  "Reasi": "രായേസി",
  "Ratnagiri": "രത്നഗിരി",
  "Ratlam": "രത്‌ലാം",
  "Ranipet": "റാണിപ്പേട്ട്",
  "Ranga Reddy": "രംഗ റെഡ്ഡി",
  "Ranchi": "റാഞ്ചി",
  "Rampur": "റാംപൂർ",
  "Ramban": "റമ്പാൻ",
  "Ramanathapuram": "രാമനാഥപുരം",
  "Rajsamand": "രാജ്സമന്ദ്",
  "Rajouri": "രജൗരി",
  "Rajnandgaon": "രാജ്‌നന്ദ്‌ഗാവ്",
  "Rajkot": "രാജ്കോട്ട്",
  "Rajgarh": "രാജ്‌ഗർഹ് ",
  "Rajasthan": "രാജസ്ഥാൻ",
  "Rajanna Sircilla": "രാജന്ന സിർസില്ല  ",
  "Raisen": "രായസെൻ ",
  "Raipur": "റായ്പൂർ",
  "Raigad": "റായ്ഗഡ്",
  "Rae Bareli": "റായ് ബറേലി",
  "Purnia": "പുർനിയ",
  "Puri": "പുരി",
  "Purba Medinipur": "പൂർവ്വ മെദിനിപ്പൂർ",
  "Purba Bardhaman": "പൂർവ്വ ബാർഥമാൻ ",
  "Punjab": "പഞ്ചാബ്",
  "Pune": "പുണെ",
  "Pulwama": "പുൽവാമ",
  "Pudukkottai": "പുതുക്കോട്ട",
  "Puducherry": "പുതുച്ചേരി",
  "Prayagraj": "പ്രയാഗ് രാജ്",
  "Pratapgarh": "പ്രതാപ്ഗഡ്",
  "Prakasam": "പ്രകാസം",
  "Porbandar": "പോർബന്ദർ",
  "Pilibhit": "പിലിഭിത്",
  "Perambalur": "പെരമ്പല്ലൂർ",
  "Peddapalli": "പെദ്ദപല്ലി",
  "Pauri Garhwal": "പൗറി ഗഡ്വാൾ",
  "Patna": "പട്ന",
  "Patiala": "പട്യാല",
  "Pathankot": "പത്താൻകോട്ട്",
  "Pathanamthitta": "പത്തനംതിട്ട",
  "Patan": "പറ്റാൻ ",
  "Paschim Medinipur": "പശ്ചിമ മെദിനിപ്പൂർ",
  "Paschim Bardhaman": "പശ്ചിമ ബർഥമാൻ ",
  "Parbhani": "പർഭാനി",
  "Panna": "പന്ന",
  "Panipat": "പാനിപ്പത്ത്",
  "Panchmahal": "പഞ്ച്മഹൽ",
  "Panchkula": "പഞ്ച്കുള",
  "Palwal": "പൽവാൽ ",
  "Pali": "പാലി",
  "Palghar": "പൽഘർ ",
  "Palamu": "പലാമു",
  "Palakkad": "പാലക്കാട്",
  "Osmanabad": "ഒസ്മനബദ്",
  "Odisha": "ഒഡീഷ",
  "Nuh": "നൂഹ്",
  "North West Delhi": "നോർത്ത് വെസ്റ്റ് ഡൽഹി",
  "North Tripura": "വടക്കൻ ത്രിപുര",
  "North Goa": "നോർത്ത് ഗോവ",
  "North East Delhi": "നോർത്ത് ഈസ്റ്റ് ഡൽഹി",
  "North Delhi": "നോർത്ത് ഡൽഹി",
  "North and Middle Andaman": "വടക്ക്, മിഡിൽ ആൻഡമാൻ",
  "North 24 Parganas": "നോർത്ത് 24 പർഗാനാസ്",
  "Nizamabad": "നിസാമാബാദ്",
  "Nirmal": "നിർമൽ",
  "Nilgiris": "നീലഗിരി",
  "New Delhi": "ന്യൂ ഡെൽഹി",
  "Neemuch": "നീമച്ച്",
  "Nayagarh": "നയാഗഡ് ",
  "Nawada": "നവാഡ",
  "Navsari": "നവ്‌സാരി",
  "Nashik": "നാസിക്ക്",
  "Narmada": "നർമ്മദ",
  "Narayanpet": "നാരായൺപേട്ട് ",
  "Nandurbar": "നന്ദർബർ",
  "Nanded": "നന്ദേഡ് ",
  "Namakkal": "നാമക്കൽ",
  "Nalgonda": "വിജയവാഡ",
  "Nalbari": "നൽബാടി ",
  "Nalanda": "നളന്ദ",
  "Nainital": "നൈനിറ്റാൾ",
  "Nagpur": "നാഗ്പൂർ",
  "Nagaur": "നാഗൗർ",
  "Nagarkurnool": "നഗർകർണൂൽ ",
  "Nagapattinam": "നാഗപട്ടണം",
  "Nagaland": "നാഗാലാൻഡ്",
  "Nadia": "നാദിയ",
  "Mysuru": "മൈസൂര് ",
  "Muzaffarpur": "മുസഫർനഗർ",
  "Muzaffarnagar": "മുസാഫർനഗർ",
  "Murshidabad": "മുർഷിദാബാദ്",
  "Munger": "മുൻകേർ ",
  "Mumbai Suburban": "മുംബൈ സബർബൻ",
  "Mumbai": "മുംബൈ",
  "Mulugu": "മുലുഗു",
  "Morigaon": "മരിഗാവ് ",
  "Morena": "മൊറേന",
  "Morbi": "മോർബി",
  "Moradabad": "മൊറാദാബാദ്",
  "Moga": "മോഗ",
  "Mizoram": "മിസോറം",
  "Mirzapur": "മിർസാപൂർ",
  "Mehsana": "മെഹ്സന",
  "Meghalaya": "മേഘാലയ",
  "Meerut": "മീററ്റ്",
  "Medchal Malkajgiri": "മെദ്ഛല് മൽക്കജ്ഗിരി",
  "Medak": "മേഡക്",
  "Mayurbhanj": "മയൂർഭഞ്ചു ",
  "Mau": "മൌ",
  "Mathura": "മഥുര",
  "Mansa": "മൻസ",
  "Manipur": "മണിപ്പൂർ",
  "Mandya": "മാണ്ഡ്യ",
  "Mandsaur": "മൻഡ്സോർ ",
  "Mandi": "മണ്ഡി",
  "Mancherial": "മൻചെറിയാൽ ",
  "Malda": "മാൾഡ",
  "Malappuram": "മലപ്പുറം",
  "Mainpuri": "മെയിൻപുരി",
  "Mahoba": "മഹോബ",
  "Mahisagar": "മഹിസാഗർ ",
  "Mahendragarh": "മഹേന്ദ്രഗഢ്",
  "Mahe": "മാഹി",
  "Maharashtra": "മഹാരാഷ്ട്ര",
  "Maharajganj": "മഹാരാജ്ഗഞ്ജ് ",
  "Mahabubnagar": "മെഹബൂബ്‌നഗർ ",
  "Mahabubabad": "മഹബുബബദ്",
  "Madurai": "മധുര",
  "Madhya Pradesh": "മധ്യപ്രദേശ്",
  "Madhubani": "മധുബാനി",
  "Madhepura": "മധെപുര",
  "Ludhiana": "ലുധിയാന",
  "Lucknow": "ലക്നൗ",
  "Lohit": "ലോഹിത്ത്",
  "Leh": "ലേ",
  "Latur": "ലാത്തൂർ",
  "Lakshadweep": "ലക്ഷദ്വീപ്",
  "Lakhisarai": "ലഖിസരൈ",
  "Lakhimpur Kheri": "ലഖിംപുർ ഖേരി",
  "Lakhimpur": "ലഖിംപുർ",
  "Ladakh": "ലഡാക്ക്",
  "Kutch": "കച്ച്",
  "Kushinagar": "കുശിനഗർ",
  "Kurukshetra": "കുരുക്ഷേത്ര",
  "Kurnool": "കുർണൂൽ ",
  "Kupwara": "കുപ്വാര",
  "Kulgam": "കുൽഗാം ",
  "Krishnagiri": "കൃഷ്ണഗിരി",
  "Krishna": "കൃഷ്ണ",
  "Kozhikode": "കോഴിക്കോട്",
  "Kottayam": "കോട്ടയം",
  "Kota": "കോട്ട",
  "Korba": "കോർബ",
  "Koraput": "കോരാപുട്",
  "Komaram Bheem": "കൊമരം ഭീം",
  "Kollam": "കൊല്ലം",
  "Kolkata": "കൊൽക്കത്ത",
  "Kolhapur": "കോലാപൂർ",
  "Kokrajhar": "കൊക്രജാർ ",
  "Koderma": "കൊദെര്മ",
  "Kodagu": "കുടക്",
  "Kishtwar": "കിഷ്ത്വാർ",
  "Kishanganj": "കിഷൻഗഞ്ച്",
  "Khordha": "ഖോർദ്ധ ",
  "Kheda": "ഖേഡ",
  "Khargone": "ഖർഗോൺ ",
  "Khandwa": "ഖണ്ട്വാ",
  "Khammam": "ഖമ്മം",
  "Khagaria": "ഖഗടിയ ",
  "Kerala": "കേരളം",
  "Kendujhar": "കെംദുഝർ ",
  "Kendrapara": "കേന്ദ്രപട ",
  "Kaushambi": "കൌശാമ്പി",
  "Katihar": "കതിഹാർ",
  "Kathua": "കതുവ",
  "Kasganj": "കസ്ഗഞ്ച്",
  "Kasaragod": "കാസർകോട്",
  "Karur": "കരൂർ",
  "Karnataka": "കർണാടക",
  "Karnal": "കർണാൽ",
  "Karimnagar": "കരിംനഗർ",
  "Karimganj": "കരിംഗഞ്ച്",
  "Kargil": "കാർഗിൽ",
  "Karauli": "കരൗലി",
  "Kapurthala": "കപൂർത്തല",
  "Kanyakumari": "കന്യാകുമാരി",
  "Kanpur Nagar": "കാൺപൂർ നഗർ",
  "Kanpur Dehat": "കാൺപൂർ ദെഹത്",
  "Kannur": "കണ്ണൂർ",
  "Kannauj": "കനൗജ്",
  "Kangra": "കാൻഗ്ര",
  "Kancheepuram": "കാഞ്ചീപുരം",
  "Kamrup Metropolitan": "കാംരൂപ് മെട്രോപൊളിറ്റൻ",
  "Kamrup": "കാംരൂപ്",
  "Kamareddy": "കാമറെഡ്ഡി",
  "Kallakurichi": "കല്ലകുറിച്ചി",
  "Kalimpong": "കലിമ്പോങ്ങ്",
  "Kalahandi": "കാലഹന്ദി",
  "Kalaburagi": "കലബുരഗി",
  "Kaithal": "കൈഥൽ",
  "Kaimur": "കെയ്മൂർ",
  "Kabeerdham": "കബീർദ്ധം ",
  "Junagadh": "ജുനാഗട്ട്",
  "Jogulamba Gadwal": "ജോഗുലംബ ഗദ്വാൽ ",
  "Jodhpur": "ജോധ്പൂർ",
  "Jind": "ജിംദ്",
  "Jhunjhunu": "ജുഞ്ജുനു",
  "Jharsuguda": "ഝര്സുഗുദ",
  "Jharkhand": "ജാർഖണ്ഡ്",
  "Jhansi": "ഝാൻസി",
  "Jhalawar": "ജൽവാർ ",
  "Jhajjar": "ജാജർ",
  "Jhabua": "ജബുവ",
  "Jehanabad": "ജഹാനാബാദ് ",
  "Jayashankar Bhupalapally": "ജയശങ്കർ ഭുഫലപ്പള്ളി ",
  "Jaunpur": "ജോൻപൂർ ",
  "Jangaon": "ജൻഗാവ് ",
  "Jamtara": "ജംതാര",
  "Jamnagar": "ജാംനഗർ",
  "Jammu and Kashmir": "ജമ്മു കശ്മീർ",
  "Jammu": "ജമ്മു",
  "Jalpaiguri": "ജൽപായ്ഗുഡി",
  "Jalore": "ജലൊരെ",
  "Jalna": "ജാൽന",
  "Jalgaon": "ജൽഗാവ്",
  "Jalaun": "ജാലൗൺ",
  "Jalandhar": "ജലന്ധർ",
  "Jajpur": "ജെജ്പുർ",
  "Jaisalmer": "ജയ്സാൽമീർ",
  "Jaipur": "ജയ്പൂർ",
  "Jagtial": "ജഗ്തിയാൽ",
  "Jagatsinghpur": "ജഗത്‌സിങ്പൂർ ",
  "Jabalpur": "ജബൽപൂർ",
  "Italians": "ഇറ്റലിക്കാർ",
  "Indore": "ഇൻഡോർ",
  "Imphal West": "ഇംഫാൽ വെസ്റ്റ്",
  "Imphal East": "ഇംഫാൽ ഈസ്റ്റ്",
  "Idukki": "ഇടുക്കി",
  "Hyderabad": "ഹൈദരാബാദ്",
  "Howrah": "ഹൗറ",
  "Hoshiarpur": "ഹോഷിയാർപുർ ",
  "Hoshangabad": "ഹൊശങ്കാബാദ് ",
  "Hooghly": "ഹൂഗ്ലി",
  "Hisar": "ഹിസാർ",
  "Hingoli": "ഹിംഗോളി",
  "Himachal Pradesh": "ഹിമാചൽ പ്രദേശ്",
  "Hazaribagh": "ഹസാരിബാഗ്",
  "Haveri": "ഹവേരി",
  "Hathras": "ഹത്റസ്",
  "Haryana": "ഹരിയാന",
  "Haridwar": "ഹരിദ്വാർ",
  "Hardoi": "ഹർദോയി ",
  "Harda": "ഹാർദ ",
  "Hapur": "ഹാപ്പൂട് ",
  "Hanumangarh": "ഹനുമാൻഗഡ്",
  "Hamirpur": "ഹമീർപുർ ",
  "Hailakandi": "ഹൈലകംദി",
  "Gwalior": "ഗ്വാളിയാർ",
  "Gurugram": "ഗുരുഗ്രാം ",
  "Gurdaspur": "ഗുർദാസ്പൂർ",
  "Guntur": "ഗുണ്ടൂർ",
  "Guna": "ഗുണ",
  "Gujarat": "ഗുജറാത്ത്",
  "Gorakhpur": "ഗോരഖ്പൂർ",
  "Gopalganj": "ഗോപാൽഗഞ്ജ്",
  "Gondia": "ഗോണ്ടിയ",
  "Gonda": "ഗോണ്ട ",
  "Gomati": "ഗൊമതി",
  "Golaghat": "ഗൊലഘത്",
  "Godda": "ഗോഡ",
  "Goalpara": "ഗോവാല്പാറ ",
  "Goa": "ഗോവ",
  "Giridih": "ഗിരിധിഹ്",
  "Gir Somnath": "ഗിർ സോമനാഥ്",
  "Ghazipur": "ഗാസിപൂർ",
  "Ghaziabad": "ഗാസിയാബാദ്",
  "Gaya": "ഗയ",
  "Gautam Buddha Nagar": "ഗൗതം ബുദ്ധ നഗർ",
  "Garhwa": "ഗദ്വാ ",
  "Ganjam": "ഗഞ്ചാം",
  "Gandhinagar": "ഗാന്ധിനഗർ",
  "Ganderbal": "ഗന്ധർബൽ ",
  "Gadchiroli": "ഗഡ്‌ചിരൗലീ",
  "Gadag": "ഗഡഗ്",
  "Firozabad": "ഫിറോസാബാദ്",
  "Ferozepur": "ഫെറോസ്പൂർ",
  "Fazilka": "ഫാസിൽക ",
  "Fatehpur": "ഫത്തേപൂർ",
  "Fatehgarh Sahib": "ഫത്തേഗഢ് സാഹിബ്",
  "Fatehabad": "ഫത്തേബാദ് ",
  "Faridkot": "ഫരീദ്കോട്ട്",
  "Faridabad": "ഫരീദാബാദ്",
  "Etawah": "ഇറ്റാവ",
  "Etah": "ഏത്ത",
  "Erode": "ഈറോഡ്",
  "Ernakulam": "എറണാകുളം",
  "East Khasi Hills": "കിഴക് ഖാസി ഹിൽസ്",
  "East Godavari": "കിഴക്കൻ ഗോദാവരി",
  "East Delhi": "ഈസ്റ്റ് ഡൽഹി",
  "East Champaran": "ഈസ്റ്റ് ചമ്പാരൻ",
  "Durg": "ദുർഗ്",
  "Dungarpur": "ദുൻഗർപൂർ",
  "Dumka": "ദുംഗ ",
  "Dindori": "ടിൻഡൗറി ",
  "Dindigul": "ദിണ്ഡിഗൽ",
  "Dhule": "ധൂലെ",
  "Dhubri": "ദുബ്രി",
  "Dholpur": "ധൊല്പുര്",
  "Dhenkanal": "ധെങ്കനാൽ ",
  "Dharwad": "ധാർവാഡ്",
  "Dharmapuri": "ധർമ്മപുരി",
  "Dhar": "ധാർ",
  "Dhanbad": "ധൻബാദ്",
  "Dhalai": "ധലായ്",
  "Dewas": "ദേവാസ്",
  "Devbhumi Dwarka": "ദെവ്ഭുമി ദ്വാരക",
  "Deoria": "ദിയോറിയ",
  "Deoghar": "ദിയോഗർ",
  "Deogarh": "ദെയൊഗട്ട്",
  "Delhi": "ഡൽഹി",
  "Dehradun": "ഡെറാഡൂൺ",
  "Davanagere": "ദാവൺഗരെ",
  "Dausa": "ടൌസാ",
  "Darjeeling": "ഡാർജിലിംഗ്",
  "Darbhanga": "ദർഭംഗ",
  "Dang": "ഡാങ് ",
  "Daman and Diu": "ദാമൻ ആൻഡ് ദിയു",
  "Dakshina Kannada": "ദക്ഷിണ കന്നഡ",
  "Dahod": "ദാഹോദ്",
  "Dadra and Nagar Haveli": "ദാദ്ര, നാഗർ ഹവേലി",
  "Cuttack": "കട്ടക്ക്",
  "Cuddalore": "കുടലൂർ ",
  "Coimbatore": "കോയമ്പത്തൂർ",
  "Churu": "ചുരു",
  "Chittorgarh": "ചിറ്റോര്ഗഡ്",
  "Chittoor": "ചിറ്റൂർ",
  "Chitrakoot": "ചിത്രകൂട്",
  "Chitradurga": "ചിത്രദുർഗ",
  "Chikkaballapura": "ചിക്കബെല്ലാപുര",
  "Chhota Udaipur": "ഛോട്ടാ ഉദയ്‌പൂർ",
  "Chhindwara": "ഛിന്ദ്വാഡാ  ",
  "Chhattisgarh": "ഛത്തീസ്ഗഡ്",
  "Chennai": "ചെന്നൈ",
  "Chengalpattu": "ചെങ്കൽപേട്ട",
  "Charkhi Dadri": "ഛർഖി ദാദ്രി ",
  "Chandrapur": "ചന്ദ്രപൂർ",
  "Chandigarh": "ചണ്ഡിഗഡ്",
  "Chamba": "ചമ്പ",
  "Central Delhi": "സെൻട്രൽ ഡൽഹി",
  "Cachar": "ചഛർ",
  "Buxar": "ബക്സർ",
  "Burhanpur": "ബുര്ഹൻപുർ",
  "Buldhana": "ബുൾത്താന",
  "Bulandshahr": "ബുലന്ദ്ഷഹർ ",
  "Budgam": "ബഡ്ഗാം",
  "Budaun": "ബദായൂ",
  "Botad": "ബൊടാദ് ",
  "Bongaigaon": "ബൻഗൈഗാവ് ",
  "Bokaro": "ബൊക്കാറോ",
  "Birbhum": "ബിർഭും",
  "Bilaspur": "ബിലാസ്പൂർ",
  "Bikaner": "ബിക്കാനീർ",
  "Bijnor": "ബിജ്‌നോർ ",
  "Bihar": "ബിഹാർ",
  "Bidar": "ബിദാർ",
  "Bhopal": "ഭോപ്പാൽ",
  "Bhojpur": "ഭോജ്പൂർ",
  "Bhiwani": "ഭിവാനി",
  "Bhind": "ഭിംദ്",
  "Bhilwara": "ഭിൽവാര",
  "Bhavnagar": "ഭവ്നഗർ",
  "Bharuch": "ബറൂച്ച്",
  "Bharatpur": "ഭരത്പൂർ",
  "Bhandara": "ബണ്ടാര ",
  "Bhagalpur": "ഭഗൽപൂർ",
  "Bhadrak": "ഭദ്രക്",
  "Bhadradri Kothagudem": "ഭദ്രാദ്രി കോഥഗുഡേം",
  "Bhadohi": "ബദോഹി ",
  "Betul": "ബെതുൽ",
  "Bengaluru Urban": "ബെംഗളൂരു അർബൻ",
  "Bengaluru Rural": "ബെംഗളൂരു റൂറൽ",
  "Belagavi": "ബെലഗവി",
  "Begusarai": "ബെഗുസരായ് ",
  "Beginning": "തുടക്കം",
  "Beed": "ബീഡ്",
  "Bathinda": "ഭട്ടിൻഡ",
  "Basti": "ബസ്തി",
  "Barwani": "ബദ്വാനി",
  "Barnala": "ബർണാല",
  "Barmer": "ബാർമർ",
  "Bareilly": "ബറേലി",
  "Baran": "ബാരൻ",
  "Baramulla": "ബാരാമുള്ള",
  "Barabanki": "ബാരാബങ്കി",
  "Banswara": "ബൻസ്വര ",
  "Banka": "ബങ്ക",
  "Bandipora": "ബന്ദിപോര ",
  "Banda": "ബാൻഡാ",
  "Banaskantha": "ബനസ്കന്ത",
  "Balrampur": "ബൽറാംപൂർ",
  "Ballari": "ബല്ലരി",
  "Balasore": "ബാലസോർ",
  "Balangir": "ബാലൻഗിർ ",
  "Bahraich": "ബഹറൈച്",
  "Baghpat": "ബഘ്പത്",
  "Bagalkote": "ബാഗൽക്കോട്ട്",
  "Azamgarh": "അസംഗഢ്",
  "Ayodhya": "അയോദ്ധ്യ",
  "Aurangabad": "ഔറംഗബാദ്",
  "Auraiya": "ഔരൈയ",
  "Assam": "അസം",
  "Ashoknagar": "അശോക്‌നഗർ ",
  "Arwal": "അർവൽ ",
  "Arunachal Pradesh": "അരുണാചൽ പ്രദേശ്",
  "Ariyalur": "അരിയല്ലൂർ",
  "Aravalli": "ആരവല്ലി",
  "Araria": "അർരിയ ",
  "Anuppur": "അനൂപ്പുർ ",
  "Andhra Pradesh": "ആന്ധ്ര പ്രദേശ്",
  "Anantnag": "അനന്ത്നാഗ്",
  "Anantapur": "അനന്ദ്പൂർ",
  "Anand": "ആനന്ദ്",
  "Amroha": "അമ്രൊഹ",
  "Amritsar": "അമൃത്സർ",
  "Amravati": "അമരാവതി",
  "Amethi": "അമേഠി",
  "Ambala": "അംബാല",
  "Alwar": "അൽവാർ",
  "Almora": "അൽമോറ",
  "Alirajpur": "അലിരാജ്‌പൂർ ",
  "Aligarh": "അലിഗഡ്",
  "Alappuzha": "ആലപ്പുഴ",
  "Akola": "അകോല",
  "Ajmer": "അജ്മീർ",
  "Aizawl": "ഐസ്വാൾ",
  "Ahmednagar": "അഹമ്മദ്നഗർ",
  "Ahmedabad": "അഹമ്മദാബാദ്",
  "Agra": "ആഗ്ര",
  "Agar Malwa": "അഗർ മാൽവ",
  "Adilabad": "രംഗറെഡ്ഡി",
  "Yanam": "യാനം",
  "Yadgir": "യാദ്ഗിർ ",
  "Yadadri Bhuvanagiri": "യദദ്രി ഭുവനഗിരി",
  "West Tripura": "വെസ്റ്റ് ത്രിപുര",
  "West Singhbhum": "വെസ്റ്റ് സിംഗ്ബും",
  "West Siang": "വെസ്റ്റ് സിയാങ്",
  "West Khasi Hills": "വെസ്റ്റ് ഖാസി ഹിൽസ്",
  "West Karbi Anglong": "വെസ്റ്റ് കർബി ആങ്‌ലോങ്",
  "West Kameng": "വെസ്റ്റ് കമെങ്",
  "West Jaintia Hills": "വെസ്റ്റ് ജൈന്തിയ ഹിൽസ്",
  "West Garo Hills": "വെസ്റ്റ് ഗാരോ ഹിൽസ്",
  "Warangal Rural": "വാറങ്കൽ റൂറൽ",
  "Wanaparthy": "വനാപർഥി",
  "Uttarkashi": "ഉത്തരകാശി",
  "Uttar Dinajpur": "ഉത്തർ ദിനജ്പുർ",
  "Uttar Bastar Kanker": "ഉത്തർ  ബസ്തർ കാങ്കർ ",
  "Upper Subansiri": "അപ്പർ സുബൻസിരി",
  "Upper Siang": "അപ്പർ സിയാങ്",
  "Upper Dibang Valley": "അപ്പർ  ദിബാംഗ് വാലി",
  "Unokoti": "ഉനൊകൊടി",
  "Umaria": "ഉമറിയ",
  "Ukhrul": "ഉഖ്രുൽ",
  "Udalguri": "ഉദൽഗുഡി",
  "Tirap": "തിരപ്",
  "Tinsukia": "ടിൻസുകിയ",
  "Thoubal": "തൗബാൽ",
  "Tengnoupal": "റ്റെൻഗനുപാൽ",
  "Tehri Garhwal": "ഗഡ്വാൾ",
  "Tawang": "തവാങ്",
  "Tamenglong": "ടാമിങ്‌ലോങ് ",
  "Surguja": "സുർഗുജ ",
  "Sukma": "സുക്മ",
  "Subarnapur": "സുബർൺപുർ ",
  "South West Khasi Hills": "സൗത്ത് വെസ്റ്റ് ഖാസി ഹിൽസ്",
  "South West Garo Hills": "സൌത്ത് വെസ്റ്റ് ഗാരോ ഹിൽസ്",
  "South Tripura": "തെക്കൻ ത്രിപുര",
  "South Garo Hills": "സൌത്ത് ഗാരോ ഹിൽസ്",
  "Sonitpur": "സോനിത്പൂർ",
  "Sonbhadra": "സോൻഭദ്ര ",
  "Sivasagar": "ശിവ്‌സാഗർ",
  "Sipahijala": "സിപഹിജല",
  "Singrauli": "സിംഗ്രൗലി",
  "Sidhi": "സിധി",
  "Siang": "സിയാങ്",
  "Shivamogga": "ശിവമൊഗ്ഗ",
  "Shi Yomi": "ഷി യൊമി",
  "Serchhip": "സെർച്ചിപ്പ്",
  "Seoni": "സിയോനി",
  "Senapati": "സെനപതി",
  "Saraikela-Kharsawan": "സരൈകെല-ഖർസാവ്",
  "Sambalpur": "സമ്പല്പൂർ",
  "Saitual": "സൈറ്റുവൽ",
  "Saiha": "സൈഹ",
  "Sahibganj": "സാഹിബ്ഗഞ്ജ്",
  "Rudraprayag": "രുദ്രപ്രയാഗ്",
  "Ribhoi": "റിബോയ്",
  "Rayagada": "റായ്ഗഡാ",
  "Ramgarh": "രാംഗഡ്",
  "Ramanagara": "രാമനഗര",
  "Raigarh": "റായ്ഗഢ്",
  "Raichur": "റെയ്ച്ചൂർ",
  "Purulia": "പുരുലിയ",
  "Punch": "പഞ്ച്",
  "Pithoragarh": "പിത്തോഡ്ഗഡ്",
  "Pherzawl": "ഫെർസ്വാൾ",
  "Papum Pare": "പാപം പരെ",
  "Pakur": "പാകൂർ",
  "Pakke Kessang": "പക്കെ കെസ്സങ്",
  "Nuapada": "നുവാപാട",
  "North Garo Hills": "നോർത്ത് ഗാരോ ഹിൽസ്",
  "Noney": "നോനി ",
  "Niwari": "നിവാടി ",
  "Nicobars": "നിക്കോബാർസ് ",
  "Narsinghpur": "നർസിംഗ്പ്പൂർ ",
  "Narayanpur": "നാരായൺപൂർ",
  "Namsai": "നമസായി ",
  "Nagaon": "നാഗോൺ",
  "Nabarangapur": "നബരംഗ്പുർ ",
  "Muzaffarabad": "മുസഫറാബാദ്",
  "Mungeli": "മുൻഗേലി ",
  "Mirpur": "മിർപൂർ",
  "Mandla": "മാണ്ട്ല",
  "Mamit": "മമിത്",
  "Malkangiri": "മാൽക്കൻഗിരി",
  "Majuli": "മാജുലി",
  "Mahasamund": "മഹാസമുണ്ട് ",
  "Lunglei": "ലുങ്ലെയ് ",
  "Lower Subansiri": "ലോവർ സുബൻസിരി",
  "Lower Siang": "ലോവർ സിയാങ്",
  "Lower Dibang Valley": "ലോവർ ദിബാങ് വാലി",
  "Longding": "ലോങ്‌ഡിങ്",
  "Lohardaga": "ലോഹാർദക",
  "Lepa Rada": "ലേപ രാധ",
  "Lawngtlai": "ലൗങ്ത്ലായ് ",
  "Latehar": "ലാത്തേഹാർ ",
  "Lalitpur": "ലളിത്ത്പുർ ",
  "Lahaul and Spiti": "ലഹൌൽ & സ്പിതി",
  "Kurung Kumey": "കുരുങ് കുമേ ",
  "Kullu": "കുളു",
  "Kra Daadi": "ക്ര ദാദി",
  "Koriya": "കൊരിയ",
  "Koppal": "കൊപ്പൽ",
  "Kondagaon": "കൊണ്ടഗാവ് ",
  "Kolasib": "കൊലസിബ് ",
  "Kolar": "കോലാർ",
  "Kinnaur": "കിന്നൗർ ",
  "Khunti": "കുന്തി",
  "Khowai": "ഖൊവൈ",
  "Khawzawl": "കൗസോൾ ",
  "Katni": "കത്നി",
  "Karbi Anglong": "കർബി ആങ്‌ലോങ്",
  "Karaikal": "കാരക്കൽ",
  "Kangpokpi": "കങ്‌പോക്പി",
  "Kandhamal": "കണ്ഡമാൽ",
  "Kamle": "കംലെ ",
  "Kamjong": "കംജോങ് ",
  "Kakching": "കാക്ചിങ് ",
  "Jorhat": "ജോർഹത്",
  "Jiribam": "ഗിരിബം ",
  "Jhargram": "ഝാർഗ്രാം",
  "Jashpur": "ജഷ്പൂർ ",
  "Janjgir Champa": "ജഞജിർ ചമ്പ ",
  "Jamui": "ജമുയി ",
  "Hojai": "ഹൊജൈ",
  "Hnahthial": "അനത്തിയാൽ",
  "Hassan": "ഹസ്സൻ",
  "Gumla": "ഗുംല ",
  "Gariaband": "ഗരിയബന്ദ് ",
  "Ganganagar": "ഗംഗാനഗർ",
  "Gajapati": "ഗജപതി",
  "Farrukhabad": "ഫറുഖാബാദ്",
  "East Singhbhum": "ഈസ്റ്റ് സിംഗ്ഭും ",
  "East Siang": "ഈസ്റ്റ് സിയാങ്",
  "East Kameng": "ഈസ്റ്റ് കമിങ്",
  "East Jaintia Hills": "ഈസ്റ്റ് ജൈന്തിയ ഹിൽസ്",
  "East Garo Hills": "ഈസ്റ്റ് ഗാരോ ഹിൽസ്",
  "Doda": "ദോഡ",
  "Diu": "ദിയു",
  "Dima Hasao": "ടിമ ഹസൗ ",
  "Dibrugarh": "ദിബ്രുഗഡ്",
  "Dhemaji": "ധെമജി",
  "Dhamtari": "ധമ്തരി",
  "Datia": "ദതിയ",
  "Darrang": "ധരംഗ് ",
  "Damoh": "ദാമോഹ്",
  "Daman": "ദാമൻ",
  "Dakshin Dinajpur": "ദക്ഷിണ ദിൻജാപുർ",
  "Dakshin Bastar Dantewada": "ദക്ഷിണ ബസ്തർ ദന്തേവാഡ",
  "Cooch Behar": "കൂച്ച് ബിഹാർ",
  "Churachandpur": "ചുരാചന്ദ്പുർ ",
  "Chirang": "ചിരാങ് ",
  "Chikkamagaluru": "ചിക്കമംഗളുരു ",
  "Chhatarpur": "ഛത്തർപുർ ",
  "Chatra": "ചത്ര",
  "Charaideo": "ചരായീദേവ് ",
  "Changlang": "ചങ്ങ്ലാങ്  ",
  "Chandel": "ചന്ദേൽ",
  "Chandauli": "ചന്ദോലി",
  "Champhai": "ചാംഫയ് ",
  "Champawat": "ചമ്പാവത്",
  "Chamoli": "ചമോലി",
  "Chamarajanagara": "ചാമരാജനഗർ",
  "Bundi": "ബുന്ദി",
  "Boudh": "ബൗദ് ",
  "Biswanath": "ബിസ്വനഥ്",
  "Bishnupur": "ബിഷ്നുപൂർ",
  "Bijapur": "ബിജാപൂർ",
  "Bastar": "ബസ്തർ",
  "Barpeta": "ബാർപേട്ട ",
  "Bargarh": "ബർഗഡ്‌ ",
  "Bankura": "ബങ്കുര",
  "Bemetara": "ബെമേതര",
  "Baloda Bazar": "ബലൊദ ബസാർ",
  "Balod": "ബലൊദ്",
  "Ballia": "ബലിയ ",
  "Balaghat": "ബാലാഘാട്ട് ",
  "Baksa": "ബാക്‌സ ",
  "Bageshwar": "ബഗേശ്വർ",
  "Anjaw": "അംജൗ ",
  "Angul": "അംഗുൽ ",
  "Amreli": "അമ്രേലി",
  "Ambedkar Nagar": "അംബേദ്കർ നഗർ",
  "Alipurduar": "അലീപുർദ്വാർ ",
  "Weeks": "ആഴ്ചകൾ",
  "We stand with everyone fighting on the frontlines": "നാം എന്നും മുൻ നിരയിൽ നിന്ന് പോരാടുന്നവരോടൊപ്പം!",
  "Visit state page": "സംസ്‌ഥാനത്തിന്റെ പേജ് സന്ദർശിക്കുക",
  "Unknown": "ജില്ല അറിയപ്പെടാത്തത്‌ ",
  "Uniform": "ഒരേപോലെ",
  "Total Cases": "ആകെ കേസുകൾ",
  "Total": "ആകെ",
  "Tested chart is independent of uniform scaling": "ടെസ്റ്റ് ചാർട്ട്  യൂണിഫോം സ്കെയിലിങ്ങിൽനിന്നു വ്യത്യസ്തമാണ്",
  "Tested": "പരീക്ഷിച്ചവർ ",
  "state/UT": "സംസ്ഥാനം / UT",
  "State/UT": "സംസ്ഥാനം / UT",
  "State": "സംസ്ഥാനം",
  "Spread Trends": "സ്പ്രെഡ് ട്രെൻഡുകൾ",
  "Shahid Bhagat Singh Nagar": "ശഹീദ് ഭഗത് സിങ്ങ് നഗർ",
  "Search your city, resources, etc": "നിങ്ങളുടെ നഗരം, അവശ്യവസ്തുക്കൾ തുടങ്ങിയവ തിരയുക",
  "Scale Modes": "സ്കെയിൽ മോഡുകൾ",
  "report": "റിപ്പോർട്ട്",
  "Recovered": "സുഖമായവർ ",
  "per million": "ഒരു ദശലക്ഷത്തിൽ ",
  "Other State": "മറ്റ് സംസ്‌ഥാനങ്ങൾ ",
  "Other state": "മറ്റ് സംസ്‌ഥാനങ്ങൾ ",
  "Other Region": "മറ്റ് പ്രദേശങ്ങൾ ",
  "Month": "മാസം",
  "Map": "ഭൂപടം",
  "Logarithmic": "സംവര്‍ഗ്ഗമാനം",
  "Last updated": "അവസാനമായി പുതുക്കിയത്",
  "know more": "കൂടുതൽ അറിയൂ ",
  "India": "ഇന്ത്യ",
  "Hover": "ഹോവർ",
  "Home": "വീട് ",
  "for more details": "കൂടുതൽ വിവരങ്ങൾക്ക്",
  "Evacuees": "മാറ്റിപാർപ്പിച്ചവർ",
  "Essentials": "അവശ്യവസ്തുക്കൾ ",
  "District-wise numbers are under reconciliation": "ജില്ല തിരിച്ചുള്ള നമ്പറുകൾ തിട്ടപ്പെടുത്തിക്കൊണ്ടിരിക്കുന്നു ",
  "District": "ജില്ല",
  "Demographics": "ഡെമോഗ്രാഫിക്‌സ് ",
  "Deep Dive": "ഡീപ് ഡൈവ്",
  "Deceased": "മരിച്ചവർ ",
  "Daily": "ദിവസേന",
  "Dadra and Nagar Haveli and Daman and Diu": "ദാദ്ര, നാഗർ ഹവേലി, ദാമൻ ആൻഡ് ദിയു",
  "Cumulative": "സഞ്ചിതം",
  "Confirmed": "സ്ഥിരീകരിച്ചവർ ",
  "Compiled from State Govt. numbers": "സംസ്ഥാന സർക്കാർ ബുള്ളറ്റിനുകളിൽ നിന്ന് ശേഖരിച്ചത് ",
  "Checked by default to scale uniformly.": "ഒരേപോലെ സ്കെയിൽ ചെയ്യുക ",
  "Cases per million": "കേസുകൾ ഓരോ ദശലക്ഷത്തിലും",
  "BSF Camp": "ബിഎസ്എഫ് ക്യാമ്പ്",
  "Based on 2019 population projection by NCP": "NCP പ്രകാരമുള്ള 2019 ജനസംഖ്യ പ്രൊജക്ഷൻ അടിസ്ഥാനമാക്കി",
  "As of": "പുതുക്കിയത് ",
  "Andaman and Nicobar Islands": "ആന്തമാൻ നിക്കോബാർ ദ്വീപുകൾ",
  "All States": "എല്ലാ സംസ്ഥാനങ്ങളും ",
  "ago": "മുൻപ് ",
  "Active": "നിലവിൽ ",
  "About": "ഞങ്ങളെ കുറിച്ച് ",
  "A crowdsourced initiative.": "ഒരു ജനകീയ കൂട്ടായ്മ",
  "Airport Quarantine": "വിമാനത്താവളം ക്വറന്റീൻ "
}