{
  "completion_ratio": "0.00",
  "Language": "زبان",
  "State Unassigned": "",
  "District-wise {{mapOption}} numbers are under reconciliation": "ضلع وار {{mapOption}} اعداد مفاہمت کے تحت ہیں",
  "Hotspots": "گرم جگہ",
  "Back": "پیچھے",
  "Join Telegram to Collaborate!": "تعاون کرنے تار میں شامل ہوں!",
  "View updates on Twitter": "ٹویٹر پر اپ ڈیٹس دیکھیں",
  "Crowdsourced Patient Database": "Crowdsourced مریض ڈیٹا بیس",
  "Open Sourced on GitHub": "GitHub کے پر کھلے کیے",
  "See more details on {{state}}": "مزید تفصیلات ملاحظہ کریں {{ریاست}}",
  "tap": "نل",
  "{{action}} over a {{mapType}} for more details": "{{کارروائی}} میں مزید تفصیلات کے لئے ایک {{mapType}} زائد",
  "As of {{date}}": "کے طور پر {{تاریخ}}",
  "Zones": "زون",
  "Senior citizen support bangalore": "سینئر شہری حمایت بنگلور",
  "Locations": "مقامات",
  "Groceries Chennai": "راشن چنئی",
  "Community Kitchen in Kerala": "کیرل میں کمیونٹی باورچی",
  "Delhi Shelter": "دہلی شیلٹر",
  "Testing Pune": "ٹیسٹنگ پونے",
  "Menu": "مینو",
  "Close": "بند کریں",
  "source": "ذریعہ",
  "District zones as published by MoHFW": "MoHFW طرف سے شائع طور ڈسٹرکٹ زون",
  "Bametara": "Bametara",
  "India Map": "بھارت کا نقشہ",
  "Yavatmal": "یوتمال",
  "Yamunanagar": "یمنانگر",
  "Y.S.R. Kadapa": "Y.S.R. کڑپہ",
  "West Godavari": "مغربی گوداوری",
  "West Delhi": "مغربی دہلی",
  "West Champaran": "مغربی چمپارن",
  "West Bengal": "مغربی بنگال",
  "Wayanad": "Wayanad",
  "Washim": "Washim",
  "Wardha": "وردا",
  "Warangal Urban": "وارنگل شہری",
  "Vizianagaram": "Vizianagaram",
  "Visakhapatnam": "وشاکھاپٹنم",
  "Virudhunagar": "سے Virudhunagar",
  "Viluppuram": "Viluppuram",
  "Vikarabad": "Vikarabad",
  "Vijayapura": "Vijayapura",
  "Vidisha": "ودشا",
  "Vellore": "ویلور",
  "Varanasi": "وارانسی",
  "Valsad": "Valsad",
  "Vaishali": "ویشالی",
  "Vadodara": "وڈودرا",
  "Uttarakhand": "اتراکھنڈ",
  "Uttara Kannada": "اترا کناڈا",
  "Uttar Pradesh": "اتر پردیش",
  "Unnao": "اناؤ",
  "Una": "ؤنا",
  "Ujjain": "اجین",
  "Udupi": "اڈوپی",
  "Udhampur": "اودھمپور",
  "Udham Singh Nagar": "اودھم سنگھ نگر",
  "Udaipur": "ادیپر",
  "Tumakuru": "Tumakuru",
  "Tripura": "تریپورہ",
  "Tonk": "ٹونک",
  "Tiruvannamalai": "Tiruvannamalai",
  "Tiruppur": "Tiruppur",
  "Tirupathur": "Tirupathur",
  "Tirunelveli": "ترونیلویلی",
  "Tiruchirappalli": "ترچراپللی",
  "Tikamgarh": "Tikamgarh",
  "Thrissur": "ترسور",
  "Thoothukkudi": "Thoothukkudi",
  "Thiruvarur": "Thiruvarur",
  "Thiruvananthapuram": "ترواننتپرم",
  "Thiruvallur": "Thiruvallur",
  "Theni": "پھر میں",
  "Thanjavur": "تنجاور",
  "Thane": "تانی",
  "Tenkasi": "Tenkasi",
  "Telangana": "تلنگانہ",
  "Tarn Taran": "ٹارن ترن",
  "Tapi": "تاپی",
  "Tamil Nadu": "تمل ناڈو",
  "Suryapet": "Suryapet",
  "Surendranagar": "سریندر",
  "Surat": "سورت",
  "Surajpur": "Surajpur",
  "Supaul": "Supaul",
  "Sundargarh": "Sundargarh",
  "Sultanpur": "سلطان",
  "Srinagar": "سری نگر",
  "Srikakulam": "شریقاکلم",
  "Sri Muktsar Sahib": "سری مکتسر صاحب",
  "South West Delhi": "جنوب مغربی دہلی",
  "South Salmara Mankachar": "جنوبی Salmara Mankachar",
  "South Goa": "جنوبی گوا",
  "South East Delhi": "جنوب مشرقی دہلی",
  "South Delhi": "جنوبی دہلی",
  "South Andaman": "جنوبی انڈمان",
  "South 24 Parganas": "جنوبی 24 پرگنہ",
  "Sonipat": "Sonipat",
  "Solapur": "سولاپر",
  "Solan": "سولن",
  "Siwan": "سیوان",
  "Sivaganga": "Sivaganga",
  "Sitapur": "سیتاپر",
  "Sitamarhi": "Sitamarhi",
  "Sirsa": "سرسا",
  "Sirohi": "سروہی",
  "Sirmaur": "Sirmaur",
  "Sindhudurg": "سندودرگ",
  "Simdega": "Simdega",
  "Sikkim": "سککم",
  "Sikar": "سیکر",
  "Siddipet": "Siddipet",
  "Siddharthnagar": "Siddharthnagar",
  "Shrawasti": "Shrawasti",
  "Shopiyan": "Shopiyan",
  "Shivpuri": "شوپری",
  "Shimla": "شملہ",
  "Sheopur": "Sheopur",
  "Sheohar": "Sheohar",
  "Sheikhpura": "شیخوپورہ",
  "Shamli": "شاملی",
  "Shajapur": "Shajapur",
  "Shahjahanpur": "شاہجہامپر",
  "Shahdol": "شہڈول",
  "Shahdara": "شاہدرہ",
  "Sehore": "Sehore",
  "Sawai Madhopur": "سوائی Madhopur",
  "Satna": "ستنا",
  "Satara": "ستارا",
  "Saran": "سرن",
  "Sant Kabir Nagar": "سنت کبیر نگر",
  "Sangrur": "سنگرور",
  "Sangli": "سانگلی",
  "Sangareddy": "Sangareddy",
  "Sambhal": "سمنسل",
  "Samba": "سامبا",
  "Samastipur": "سمستیپر",
  "Salem": "سلیم",
  "Saharsa": "سہرسا",
  "Saharanpur": "سہارنپور",
  "Sagar": "ساگر",
  "Sabarkantha": "Sabarkantha",
  "S.P.S. Nellore": "S.P.S. نیلور",
  "S.A.S. Nagar": "ادینست بلنگ سروس نگر",
  "Rupnagar": "Rupnagar",
  "Rohtas": "روہتاس",
  "Rohtak": "روہتک",
  "Rewari": "ریواڑی",
  "Rewa": "ریوا",
  "Reasi": "ریاسی",
  "Ratnagiri": "رتناگری",
  "Ratlam": "رتلام",
  "Ranipet": "Ranipet",
  "Ranga Reddy": "رنگا ریڈی",
  "Ranchi": "رانچی",
  "Rampur": "رام پور",
  "Ramban": "رام بن",
  "Ramanathapuram": "رامناتھپرم",
  "Rajsamand": "راجسمند",
  "Rajouri": "راجوری",
  "Rajnandgaon": "Rajnandgaon",
  "Rajkot": "راجکوٹ",
  "Rajgarh": "رازگڑ",
  "Rajasthan": "راجستھان",
  "Rajanna Sircilla": "Rajanna کی Sircilla",
  "Raisen": "Raisen",
  "Raipur": "رائے پور",
  "Raigad": "Raigad",
  "Rae Bareli": "رائے بریلی",
  "Purnia": "پورنیا",
  "Puri": "پوری",
  "Purba Medinipur": "Purba کی Medinipur",
  "Purba Bardhaman": "Purba کی Bardhaman",
  "Punjab": "پنجاب",
  "Pune": "پونے",
  "Pulwama": "پلوامہ",
  "Pudukkottai": "Pudukkottai",
  "Puducherry": "پڈوچیری",
  "Prayagraj": "Prayagraj",
  "Pratapgarh": "پرتاپگڑھ",
  "Prakasam": "پرکاشم",
  "Porbandar": "پوربندر",
  "Pilibhit": "پیلی بھیت",
  "Perambalur": "پیرامبلور",
  "Peddapalli": "Peddapalli",
  "Pauri Garhwal": "پوڑی گڑھوال",
  "Patna": "پٹنہ",
  "Patiala": "پٹیالہ",
  "Pathankot": "پٹھانکوٹ",
  "Pathanamthitta": "پتانامتٹٹا",
  "Patan": "پاٹن",
  "Paschim Medinipur": "Paschim Medinipur",
  "Paschim Bardhaman": "Paschim Bardhaman",
  "Parbhani": "Parbhani",
  "Panna": "پاس",
  "Panipat": "پانی پت",
  "Panchmahal": "پنچمہل",
  "Panchkula": "پنچکولا",
  "Palwal": "Palwal",
  "Pali": "پالی",
  "Palghar": "Palghar",
  "Palamu": "پالامو",
  "Palakkad": "پلککڑ",
  "Osmanabad": "Osmanabad",
  "Odisha": "اڑیسہ",
  "Nuh": "نوح",
  "North West Delhi": "شمال مغربی دہلی",
  "North Tripura": "شمالی تریپورہ",
  "North Goa": "شمالی گوا",
  "North East Delhi": "شمال مشرقی دہلی",
  "North Delhi": "شمالی دہلی",
  "North and Middle Andaman": "شمالی اور مشرق انڈمان",
  "North 24 Parganas": "شمالی 24 پرگنہ",
  "Nizamabad": "نظام آباد",
  "Nirmal": "نرمل",
  "Nilgiris": "نیلگری",
  "New Delhi": "نئی دہلی",
  "Neemuch": "Neemuch",
  "Nayagarh": "نیاگڑھ",
  "Nawada": "نوادا",
  "Navsari": "نوساری",
  "Nashik": "ناسک",
  "Narmada": "نرمدا",
  "Narayanpet": "Narayanpet",
  "Nandurbar": "Nandurbar",
  "Nanded": "ناندیڑ",
  "Namakkal": "نمککل",
  "Nalgonda": "نلگونڈا",
  "Nalbari": "نلباڑی",
  "Nalanda": "نالندہ",
  "Nainital": "نینی تال",
  "Nagpur": "ناگپور",
  "Nagaur": "Nagaur",
  "Nagarkurnool": "Nagarkurnool",
  "Nagapattinam": "شہاپٹنم",
  "Nagaland": "ناگالینڈ",
  "Nadia": "نادیہ",
  "Mysuru": "Mysuru",
  "Muzaffarpur": "مظفرپور",
  "Muzaffarnagar": "مظفر نگر",
  "Murshidabad": "مرشداباد",
  "Munger": "منگیر",
  "Mumbai Suburban": "ممبئی اپنگریی",
  "Mumbai": "ممبئی",
  "Mulugu": "Mulugu",
  "Morigaon": "Morigaon",
  "Morena": "مرینا",
  "Morbi": "فیبرک",
  "Moradabad": "مرادآباد",
  "Moga": "موگا",
  "Mizoram": "میزورم",
  "Mirzapur": "مرجاپر",
  "Mehsana": "مہساتا",
  "Meghalaya": "میگھالیہ",
  "Meerut": "میرٹھ",
  "Medchal Malkajgiri": "Medchal Malkajgiri",
  "Medak": "میڈک",
  "Mayurbhanj": "میوربنج",
  "Mau": "مؤ",
  "Mathura": "متھرا",
  "Mansa": "منسا",
  "Manipur": "منی پور",
  "Mandya": "مانڈیا",
  "Mandsaur": "مندسور",
  "Mandi": "منڈی",
  "Mancherial": "Mancherial",
  "Malda": "مالدا",
  "Malappuram": "ملپپرم",
  "Mainpuri": "مین پوری",
  "Mahoba": "Mahoba",
  "Mahisagar": "Mahisagar",
  "Mahendragarh": "Mahendragarh",
  "Mahe": "ماہی",
  "Maharashtra": "مہاراشٹر",
  "Maharajganj": "Maharajganj",
  "Mahabubnagar": "Mahabubnagar",
  "Mahabubabad": "Mahabubabad",
  "Madurai": "مدری",
  "Madhya Pradesh": "مدھیہ پردیش",
  "Madhubani": "مدھوبنی",
  "Madhepura": "Madhepura",
  "Ludhiana": "لدھیانہ",
  "Lucknow": "لکھنؤ",
  "Lohit": "لوہت",
  "Leh": "لیہہ",
  "Latur": "لاتور",
  "Lakshadweep": "لکشادیپ",
  "Lakhisarai": "لکھی سرائے",
  "Lakhimpur Kheri": "لکھیم پور Kheri",
  "Lakhimpur": "لکھیم پور",
  "Ladakh": "لداخ",
  "Kutch": "کچرچھ",
  "Kushinagar": "Kushinagar",
  "Kurukshetra": "کرکشیتر",
  "Kurnool": "کرنول",
  "Kupwara": "کپوارہ",
  "Kulgam": "کولگام",
  "Krishnagiri": "کرشناگر",
  "Krishna": "کرشنا",
  "Kozhikode": "کوجھیکوڈ",
  "Kottayam": "کوٹٹیم",
  "Kota": "کوٹہ",
  "Korba": "کوربا",
  "Koraput": "کوراپٹ",
  "Komaram Bheem": "Komaram بھیم",
  "Kollam": "کوللم",
  "Kolkata": "کولکاتا",
  "Kolhapur": "کولہاپر",
  "Kokrajhar": "کوکراجھار",
  "Koderma": "Koderma",
  "Kodagu": "Kodagu",
  "Kishtwar": "کشتواڑ",
  "Kishanganj": "کشن",
  "Khordha": "Khordha",
  "Kheda": "کھیڑا",
  "Khargone": "Khargone",
  "Khandwa": "کھنڈوا",
  "Khammam": "ھمام",
  "Khagaria": "Khagaria",
  "Kerala": "کیرالہ",
  "Kendujhar": "Kendujhar",
  "Kendrapara": "Kendrapara",
  "Kaushambi": "Kaushambi",
  "Katihar": "کٹہار",
  "Kathua": "کٹھوعہ",
  "Kasganj": "Kasganj",
  "Kasaragod": "Kasaragod",
  "Karur": "Karur",
  "Karnataka": "کرناٹک",
  "Karnal": "کرنال",
  "Karimnagar": "کریمنگر",
  "Karimganj": "Karimganj",
  "Kargil": "کارگل",
  "Karauli": "کرولی",
  "Kapurthala": "کپورتلا",
  "Kanyakumari": "کنیاکماری",
  "Kanpur Nagar": "کانپور نگر",
  "Kanpur Dehat": "کانپور Dehat",
  "Kannur": "کننور",
  "Kannauj": "قنوج",
  "Kangra": "کانگڑا",
  "Kancheepuram": "کانچیپرم",
  "Kamrup Metropolitan": "کامروپ میٹرو پولیٹن",
  "Kamrup": "کامروپ",
  "Kamareddy": "Kamareddy",
  "Kallakurichi": "Kallakurichi",
  "Kalimpong": "Kalimpong",
  "Kalahandi": "کالاہانڈی",
  "Kalaburagi": "Kalaburagi",
  "Kaithal": "Kaithal",
  "Kaimur": "Kaimur",
  "Kabeerdham": "Kabeerdham",
  "Junagadh": "جوشہڑھ",
  "Jogulamba Gadwal": "Jogulamba Gadwal",
  "Jodhpur": "جودھپور",
  "Jind": "جند",
  "Jhunjhunu": "جھوبجھنو",
  "Jharsuguda": "جھرسگڈا",
  "Jharkhand": "جھارکھنڈ",
  "Jhansi": "جھانسی",
  "Jhalawar": "جھالاواڑ",
  "Jhajjar": "جھججر",
  "Jhabua": "Jhabua",
  "Jehanabad": "Jehanabad",
  "Jayashankar Bhupalapally": "Jayashankar Bhupalapally",
  "Jaunpur": "جونپور",
  "Jangaon": "Jangaon",
  "Jamtara": "Jamtara",
  "Jamnagar": "جام نگر",
  "Jammu and Kashmir": "جموں و کشمیر",
  "Jammu": "جموں",
  "Jalpaiguri": "جلپائیگڑی",
  "Jalore": "Jalore",
  "Jalna": "Jalna",
  "Jalgaon": "جلگانو",
  "Jalaun": "جالون",
  "Jalandhar": "جالندھر",
  "Jajpur": "Jajpur",
  "Jaisalmer": "جیسلمیر",
  "Jaipur": "جے پور",
  "Jagtial": "Jagtial",
  "Jagatsinghpur": "Jagatsinghpur",
  "Jabalpur": "جبلپر",
  "Italians": "اطالویوں",
  "Indore": "اندور",
  "Imphal West": "امپھال ویسٹ",
  "Imphal East": "امپھال ایسٹ",
  "Idukki": "ایڈوکی",
  "Hyderabad": "حیدرآباد",
  "Howrah": "ہاوڑا",
  "Hoshiarpur": "ہوشیارپر",
  "Hoshangabad": "ہوشنگاباد",
  "Hooghly": "ہگلی",
  "Hisar": "ہسار",
  "Hingoli": "Hingoli",
  "Himachal Pradesh": "ہماچل پردیش",
  "Hazaribagh": "ہجاریباگ",
  "Haveri": "Haveri",
  "Hathras": "Hathras",
  "Haryana": "ہریانہ",
  "Haridwar": "ہردوار",
  "Hardoi": "ہردوئ",
  "Harda": "Harda",
  "Hapur": "Hapur",
  "Hanumangarh": "ہنخمینگڑھ",
  "Hamirpur": "ہمیرپر",
  "Hailakandi": "Hailakandi",
  "Gwalior": "گوالیر",
  "Gurugram": "Gurugram",
  "Gurdaspur": "گرداسپر",
  "Guntur": "گنٹور",
  "Guna": "Guna میں",
  "Gujarat": "گجرات",
  "Gorakhpur": "گورکھپور",
  "Gopalganj": "گوپالگنج",
  "Gondia": "Gondia",
  "Gonda": "گونڈا",
  "Gomati": "گومتی",
  "Golaghat": "گولاگھاٹ",
  "Godda": "Godda",
  "Goalpara": "Goalpara",
  "Goa": "گوا",
  "Giridih": "گریڈیہ",
  "Gir Somnath": "گر سومناتھ",
  "Ghazipur": "Ghazipur",
  "Ghaziabad": "غازی آباد",
  "Gaya": "Gaya میں",
  "Gautam Buddha Nagar": "گوتم بدھ نگر",
  "Garhwa": "Garhwa",
  "Ganjam": "گنجم",
  "Gandhinagar": "گاندھی نگر",
  "Ganderbal": "گاندربل",
  "Gadchiroli": "Gadchiroli",
  "Gadag": "Gadag",
  "Firozabad": "Firozabad",
  "Ferozepur": "فیروزپور",
  "Fazilka": "Fazilka",
  "Fatehpur": "فتح پور",
  "Fatehgarh Sahib": "Fatehgarh صاحب",
  "Fatehabad": "فتےہاباد",
  "Faridkot": "فریدکوٹ",
  "Faridabad": "فرید آباد",
  "Etawah": "اٹاوا",
  "Etah": "Etah",
  "Erode": "اروڈ",
  "Ernakulam": "یرناکلم",
  "East Khasi Hills": "مشرقی Khasi ہلز",
  "East Godavari": "مشرقی گوداوری",
  "East Delhi": "مشرقی دہلی",
  "East Champaran": "مشرقی چمپارن",
  "Durg": "درگ",
  "Dungarpur": "ڈونگرپر",
  "Dumka": "دمکا",
  "Dindori": "Dindori",
  "Dindigul": "ڈنڈیگل",
  "Dhule": "دلی",
  "Dhubri": "دوبری",
  "Dholpur": "دولپر",
  "Dhenkanal": "Dhenkanal",
  "Dharwad": "دارواڑ",
  "Dharmapuri": "Dharmapuri",
  "Dhar": "دھر",
  "Dhanbad": "دھنباد",
  "Dhalai": "Dhalai",
  "Dewas": "دیواس",
  "Devbhumi Dwarka": "Devbhumi دوارکا",
  "Deoria": "دیوریا",
  "Deoghar": "Deoghar",
  "Deogarh": "دیوگڑھ",
  "Delhi": "دہلی",
  "Dehradun": "دہرادون",
  "Davanagere": "Davanagere",
  "Dausa": "دوسا",
  "Darjeeling": "دارجلنگ",
  "Darbhanga": "دربھنگہ",
  "Dang": "ڈانگ",
  "Daman and Diu": "دمن اور دیو",
  "Dakshina Kannada": "دکشنتا کناڈا",
  "Dahod": "داہود",
  "Dadra and Nagar Haveli": "دادرا اور نگر حویلی",
  "Cuttack": "کٹک",
  "Cuddalore": "کڈڈلور",
  "Coimbatore": "کویمبٹور",
  "Churu": "چورو",
  "Chittorgarh": "چتوڈغڑھ",
  "Chittoor": "چتور",
  "Chitrakoot": "چترکوٹ",
  "Chitradurga": "Chitradurga",
  "Chikkaballapura": "Chikkaballapura",
  "Chhota Udaipur": "چھوٹا ادیپر",
  "Chhindwara": "چھندواڑا",
  "Chhattisgarh": "چھتیس گڑھ",
  "Chennai": "چنئی",
  "Chengalpattu": "Chengalpattu",
  "Charkhi Dadri": "چرخی دادری",
  "Chandrapur": "چندرپر",
  "Chandigarh": "چندی گڑھ",
  "Chamba": "چمبا",
  "Central Delhi": "مرکزی دلی",
  "Cachar": "کچھار",
  "Buxar": "بکسر",
  "Burhanpur": "Burhanpur",
  "Buldhana": "Buldhana",
  "Bulandshahr": "بلندشہر",
  "Budgam": "بڈگام",
  "Budaun": "Budaun",
  "Botad": "Botad",
  "Bongaigaon": "Bongaigaon",
  "Bokaro": "بوکارو",
  "Birbhum": "بیربھوم",
  "Bilaspur": "بلاسپر",
  "Bikaner": "بیکانیر",
  "Bijnor": "بجنور",
  "Bihar": "بہار",
  "Bidar": "بیدر",
  "Bhopal": "بھوپال",
  "Bhojpur": "بھوجپور",
  "Bhiwani": "بیوانی",
  "Bhind": "بنڈ",
  "Bhilwara": "بھیلواڑا",
  "Bhavnagar": "باونگر",
  "Bharuch": "بروچ",
  "Bharatpur": "برتپر",
  "Bhandara": "بھنڈارہ",
  "Bhagalpur": "بھاگلپور",
  "Bhadrak": "بدرک",
  "Bhadradri Kothagudem": "Bhadradri Kothagudem",
  "Bhadohi": "Bhadohi",
  "Betul": "سے Betul",
  "Bengaluru Urban": "بنگلور شہری",
  "Bengaluru Rural": "بنگلور دیہی",
  "Belagavi": "سے Belagavi",
  "Begusarai": "بیگوسارائی",
  "Beginning": "شروع",
  "Beed": "بیڑ",
  "Bathinda": "بٹنڈا",
  "Basti": "بستی",
  "Barwani": "Barwani",
  "Barnala": "برنالا",
  "Barmer": "باڑمیر",
  "Bareilly": "بریلی",
  "Baran": "باراں",
  "Baramulla": "بارہمولہ",
  "Barabanki": "بارہ بنکی",
  "Banswara": "Banswara",
  "Banka": "بانکا",
  "Bandipora": "بانڈی پورہ",
  "Banda": "بندہ",
  "Banaskantha": "بناسکانٹھا",
  "Balrampur": "بلرام پور",
  "Ballari": "Ballari",
  "Balasore": "بالاسور",
  "Balangir": "Balangir",
  "Bahraich": "بہرائچ",
  "Baghpat": "Baghpat",
  "Bagalkote": "Bagalkote",
  "Azamgarh": "اعظم گڑھ",
  "Ayodhya": "ایودھیا",
  "Aurangabad": "اورنگ آباد",
  "Auraiya": "Auraiya",
  "Assam": "آسام",
  "Ashoknagar": "Ashoknagar",
  "Arwal": "Arwal",
  "Arunachal Pradesh": "اروناچل پردیش",
  "Ariyalur": "Ariyalur",
  "Aravalli": "اراولی",
  "Araria": "Araria",
  "Anuppur": "Anuppur",
  "Andhra Pradesh": "آندھرا پردیش",
  "Anantnag": "اننت ناگ",
  "Anantapur": "اننت پور",
  "Anand": "آنند",
  "Amroha": "امروہہ",
  "Amritsar": "امرتسر",
  "Amravati": "امراوتی",
  "Amethi": "امیٹھی",
  "Ambala": "امبالا",
  "Alwar": "الور",
  "Almora": "الموڑا",
  "Alirajpur": "Alirajpur",
  "Aligarh": "علی گڑھ",
  "Alappuzha": "الاپپجھا",
  "Akola": "اکولا",
  "Ajmer": "اجمیر",
  "Aizawl": "Aizawl",
  "Ahmednagar": "احمد نگر",
  "Ahmedabad": "احمد آباد",
  "Agra": "آگرہ",
  "Agar Malwa": "آگر مالوا",
  "Adilabad": "عادل آباد",
  "Yanam": "Yanam کی",
  "Yadgir": "Yadgir",
  "Yadadri Bhuvanagiri": "Yadadri سے Bhuvanagiri",
  "West Tripura": "مغربی ترپرا",
  "West Singhbhum": "مغربی سنگھ بھم",
  "West Siang": "مغربی سیانگ",
  "West Khasi Hills": "مغربی کھاسی ہلز",
  "West Karbi Anglong": "ویسٹ کاربی Anglong",
  "West Kameng": "ویسٹ کامیںگ",
  "West Jaintia Hills": "ویسٹ جینتیا ہلز",
  "West Garo Hills": "ویسٹ گارو ہلز",
  "Warangal Rural": "وارنگل رورل",
  "Wanaparthy": "Wanaparthy",
  "Uttarkashi": "اترکاشی",
  "Uttar Dinajpur": "اتر دیناج پور",
  "Uttar Bastar Kanker": "اتر بستر Kanker",
  "Upper Subansiri": "بالائی Subansiri",
  "Upper Siang": "بالائی سیانگ",
  "Upper Dibang Valley": "بالائی دبانگ ویلی",
  "Unokoti": "Unokoti",
  "Umaria": "Umaria کی",
  "Ukhrul": "اخرول",
  "Udalguri": "Udalguri",
  "Tirap": "Tirap",
  "Tinsukia": "تنسکیا",
  "Thoubal": "Thoubal",
  "Tengnoupal": "Tengnoupal",
  "Tehri Garhwal": "ٹہری گڑھوال",
  "Tawang": "توانگ",
  "Tamenglong": "Tamenglong",
  "Surguja": "Surguja",
  "Sukma": "Sukma کی",
  "Subarnapur": "Subarnapur",
  "South West Khasi Hills": "جنوبی مغربی کھاسی ہلز",
  "South West Garo Hills": "جنوب مغربی گارو ہلز",
  "South Tripura": "جنوبی ترپرا",
  "South Garo Hills": "جنوبی گارو ہلز",
  "Sonitpur": "سونتپر",
  "Sonbhadra": "Sonbhadra",
  "Sivasagar": "Sivasagar",
  "Sipahijala": "Sipahijala",
  "Singrauli": "Singrauli",
  "Sidhi": "Sidhi کا",
  "Siang": "سیانگ",
  "Shivamogga": "Shivamogga",
  "Shi Yomi": "ش یومی",
  "Serchhip": "Serchhip",
  "Seoni": "سیونی",
  "Senapati": "سیناپتی",
  "Saraikela-Kharsawan": "Saraikela-Kharsawan",
  "Sambalpur": "سمبلپر",
  "Saitual": "Saitual",
  "Saiha": "Saiha",
  "Sahibganj": "Sahibganj",
  "Rudraprayag": "رودر پریاگ",
  "Ribhoi": "Ribhoi",
  "Rayagada": "Rayagada",
  "Ramgarh": "رامگڑھ",
  "Ramanagara": "Ramanagara",
  "Raigarh": "رایگڑھ",
  "Raichur": "رائچور",
  "Purulia": "پرولیا",
  "Punch": "گھونسہ مارنا",
  "Pithoragarh": "پتوراگڑھ",
  "Pherzawl": "Pherzawl",
  "Papum Pare": "Papum پیر",
  "Pakur": "Pakur",
  "Pakke Kessang": "Pakke Kessang",
  "Nuapada": "Nuapada",
  "North Garo Hills": "شمالی گارو ہلز",
  "Noney": "Noney",
  "Niwari": "Niwari",
  "Nicobars": "Nicobars",
  "Narsinghpur": "Narsinghpur",
  "Narayanpur": "نارائن",
  "Namsai": "Namsai",
  "Nagaon": "Nagaon",
  "Nabarangapur": "Nabarangapur",
  "Muzaffarabad": "مظفرآباد",
  "Mungeli": "سے Mungeli",
  "Mirpur": "میرپور",
  "Mandla": "منڈلا",
  "Mamit": "Mamit",
  "Malkangiri": "ملکانگری",
  "Majuli": "Majuli",
  "Mahasamund": "Mahasamund",
  "Lunglei": "Lunglei",
  "Lower Subansiri": "لوئر Subansiri",
  "Lower Siang": "لوئر سیانگ",
  "Lower Dibang Valley": "لوئر دبانگ ویلی",
  "Longding": "Longding",
  "Lohardaga": "لوہارڈاگا",
  "Lepa Rada": "سے Lepa Rada کی",
  "Lawngtlai": "Lawngtlai",
  "Latehar": "Latehar",
  "Lalitpur": "Lalitpur",
  "Lahaul and Spiti": "لاہول اور سپیتی",
  "Kurung Kumey": "Kurung Kumey",
  "Kullu": "کللو",
  "Kra Daadi": "Kra کی Daadi",
  "Koriya": "Koriya",
  "Koppal": "Koppal",
  "Kondagaon": "Kondagaon",
  "Kolasib": "Kolasib",
  "Kolar": "کولار",
  "Kinnaur": "کننور",
  "Khunti": "Khunti",
  "Khowai": "کھووائی",
  "Khawzawl": "Khawzawl",
  "Katni": "Katni",
  "Karbi Anglong": "کاربی Anglong",
  "Karaikal": "Karaikal",
  "Kangpokpi": "Kangpokpi",
  "Kandhamal": "کندھمال",
  "Kamle": "Kamle",
  "Kamjong": "Kamjong",
  "Kakching": "Kakching",
  "Jorhat": "جورہاٹ",
  "Jiribam": "جریبام",
  "Jhargram": "Jhargram",
  "Jashpur": "جشپر",
  "Janjgir Champa": "Janjgir چمپا",
  "Jamui": "جموئی",
  "Hojai": "Hojai",
  "Hnahthial": "Hnahthial",
  "Hassan": "حسن",
  "Gumla": "گملا",
  "Gariaband": "Gariaband",
  "Ganganagar": "گنگانگر",
  "Gajapati": "گجپتی",
  "Farrukhabad": "فرخ آباد",
  "East Singhbhum": "مشرقی سنگھ بھم",
  "East Siang": "مشرقی سیانگ",
  "East Kameng": "مشرقی کامیںگ",
  "East Jaintia Hills": "ایسٹ جینتیا ہلز",
  "East Garo Hills": "مشرقی گارو ہلز",
  "Doda": "ڈوڈہ",
  "Diu": "دیو",
  "Dima Hasao": "دیما Hasao",
  "Dibrugarh": "ڈبروگڑھ",
  "Dhemaji": "Dhemaji",
  "Dhamtari": "Dhamtari",
  "Datia": "دتیا",
  "Darrang": "دارانگ",
  "Damoh": "دموہ",
  "Daman": "دمن",
  "Dakshin Dinajpur": "جنوبی دناجپر",
  "Dakshin Bastar Dantewada": "جنوبی بستر دانتیوادا",
  "Cooch Behar": "Cooch بہار",
  "Churachandpur": "Churachandpur",
  "Chirang": "چرانگ",
  "Chikkamagaluru": "Chikkamagaluru",
  "Chhatarpur": "چھترپر",
  "Chatra": "چترا",
  "Charaideo": "Charaideo",
  "Changlang": "چانگلانگ",
  "Chandel": "چندیل",
  "Chandauli": "چندولی",
  "Champhai": "Champhai",
  "Champawat": "چمپاوت",
  "Chamoli": "چمولی",
  "Chamarajanagara": "Chamarajanagara",
  "Bundi": "Bundi",
  "Boudh": "Boudh",
  "Biswanath": "بشوناتھ",
  "Bishnupur": "Bishnupur",
  "Bijapur": "بیجاپور",
  "Bastar": "بستر",
  "Barpeta": "Barpeta",
  "Bargarh": "Bargarh",
  "Bankura": "بانکڑا",
  "Bemetara": "Bemetara",
  "Baloda Bazar": "Baloda بازار",
  "Balod": "Balod",
  "Ballia": "بلیا",
  "Balaghat": "بالاگھاٹ",
  "Baksa": "Baksa",
  "Bageshwar": "باگیشور",
  "Anjaw": "Anjaw",
  "Angul": "انگل",
  "Amreli": "امریلی",
  "Ambedkar Nagar": "امبیڈکر نگر",
  "Alipurduar": "Alipurduar",
  "Weeks": "ہفتے",
  "We stand with everyone fighting on the frontlines": "ہم محاذوں پر سب لڑائی کے ساتھ کھڑے",
  "Visit state page": "دورہ ریاست کے صفحے",
  "Unknown": "نامعلوم",
  "Uniform": "وردی",
  "Total Cases": "کل مقدمات",
  "Total": "کل",
  "Tested chart is independent of uniform scaling": "تجربہ چارٹ وردی پیمائی سے آزاد ہے",
  "Tested": "تجربہ کیا",
  "state/UT": "ریاست / یونین",
  "State/UT": "ریاست / یونین",
  "State": "حالت",
  "Spread Trends": "سپریڈ رجحانات",
  "Shahid Bhagat Singh Nagar": "شاہد بھگت سنگھ نگر",
  "Search your city, resources, etc": "تلاش آپ کے شہر، وسائل، وغیرہ",
  "Scale Modes": "اسکیل طریقوں",
  "report": "رپورٹ",
  "Recovered": "بحال شدہ",
  "per million": "ملین فی",
  "Other State": "دوسری ریاست",
  "Other state": "دیگر ریاست",
  "Other Region": "دوسرے علاقے",
  "Month": "مہینہ",
  "Map": "نقشہ",
  "Logarithmic": "لوگارتمی",
  "Last updated": "آخری بار اپ ڈیٹ",
  "know more": "زیادہ جانو",
  "India": "بھارت",
  "Hover": "ہوور",
  "Home": "گھر",
  "for more details": "مزید تفصیلات کے لیے",
  "Evacuees": "پناہ گزینوں",
  "Essentials": "لوازم",
  "District-wise numbers are under reconciliation": "ضلع وار اعداد مفاہمت کے تحت ہیں",
  "District": "ضلع",
  "Demographics": "آبادیات",
  "Deep Dive": "گہری ڈبکی",
  "Deceased": "میت",
  "Daily": "ڈیلی",
  "Dadra and Nagar Haveli and Daman and Diu": "دادرا اور نگر حویلی اور دمن اور دیو",
  "Cumulative": "مجموعی",
  "Confirmed": "اس بات کی تصدیق",
  "Compiled from State Govt. numbers": "ریاستی حکومت کی جانب سے مرتب کردہ. نمبرز",
  "Checked by default to scale uniformly.": "یکساں پیمانے پر پہلے سے طے شدہ کی طرف سے جانچ پڑتال کی.",
  "Cases per million": "فی ملین مقدمات",
  "BSF Camp": "بی ایس ایف کیمپ",
  "Based on 2019 population projection by NCP": "این سی پی کی طرف سے 2019 آبادی پروجیکشن کی بنیاد پر",
  "As of": "کے طور پر",
  "Andaman and Nicobar Islands": "انڈمان اور نیکوبار جزائر",
  "All States": "تمام ریاستیں",
  "ago": "پہلے",
  "Active": "فعال",
  "About": "کے بارے میں",
  "A crowdsourced initiative.": "ایک crowdsourced پہل.",
  "Airport Quarantine": "ہوائی اڈے سنگرودھ"
}