SlNo,State_Code,State,District_Key,District,Confirmed,Active,Recovered,Deceased
1,AN,Andaman and Nicobar Islands,AN_Nicobars,Nicobars,,0,,
2,AN,Andaman and Nicobar Islands,AN_North and Middle Andaman,North and Middle Andaman,1,0,1,
3,AN,Andaman and Nicobar Islands,AN_South Andaman,South Andaman,32,22,10,
4,AP,Andhra Pradesh,AP_Anantapur,Anantapur,53,35,14,4
5,AP,Andhra Pradesh,AP_Chittoor,Chittoor,73,60,13,
6,AP,Andhra Pradesh,AP_East Godavari,East Godavari,39,27,12,
7,AP,Andhra Pradesh,AP_Guntur,Guntur,214,177,29,8
8,AP,Andhra Pradesh,AP_Krishna,Krishna,177,140,29,8
9,AP,Andhra Pradesh,AP_Kurnool,Kurnool,279,239,31,9
10,AP,Andhra Pradesh,AP_Prakasam,Prakasam,56,33,23,
11,AP,Andhra Pradesh,AP_S.P.S. Nellore,S.P.S. Nellore,72,47,23,2
12,AP,Andhra Pradesh,AP_Srikakulam,Srikakulam,3,3,0,0
13,AP,Andhra Pradesh,AP_Visakhapatnam,Visakhapatnam,22,3,19,0
14,AP,Andhra Pradesh,AP_Vizianagaram,Vizianagaram,,0,,
15,AP,Andhra Pradesh,AP_West Godavari,West Godavari,51,41,10,0
16,AP,Andhra Pradesh,AP_Y.S.R. Kadapa,Y.S.R. Kadapa,58,30,28,
0,AP,Andhra Pradesh,AP_Other State,Other State,,,,
17,AR,Arunachal Pradesh,AR_Anjaw,Anjaw,,0,,
18,AR,Arunachal Pradesh,AR_Changlang,Changlang,,0,,
19,AR,Arunachal Pradesh,AR_East Kameng,East Kameng,,0,,
20,AR,Arunachal Pradesh,AR_East Siang,East Siang,,0,,
21,AR,Arunachal Pradesh,AR_Kamle,Kamle,,0,,
22,AR,Arunachal Pradesh,AR_Kra Daadi,Kra Daadi,,0,,
23,AR,Arunachal Pradesh,AR_Kurung Kumey,Kurung Kumey,,0,,
24,AR,Arunachal Pradesh,AR_Lepa Rada,Lepa Rada,,0,,
25,AR,Arunachal Pradesh,AR_Lohit,Lohit,1,0,1,
26,AR,Arunachal Pradesh,AR_Longding,Longding,,0,,
27,AR,Arunachal Pradesh,AR_Lower Dibang Valley,Lower Dibang Valley,,0,,
28,AR,Arunachal Pradesh,AR_Lower Siang,Lower Siang,,0,,
29,AR,Arunachal Pradesh,AR_Lower Subansiri,Lower Subansiri,,0,,
30,AR,Arunachal Pradesh,AR_Namsai,Namsai,,0,,
31,AR,Arunachal Pradesh,AR_Pakke Kessang,Pakke Kessang,,0,,
32,AR,Arunachal Pradesh,AR_Papum Pare,Papum Pare,,0,,
33,AR,Arunachal Pradesh,AR_Shi Yomi,Shi Yomi,,0,,
34,AR,Arunachal Pradesh,AR_Siang,Siang,,0,,
35,AR,Arunachal Pradesh,AR_Tawang,Tawang,,0,,
36,AR,Arunachal Pradesh,AR_Tirap,Tirap,,0,,
37,AR,Arunachal Pradesh,AR_Upper Dibang Valley,Upper Dibang Valley,,0,,
38,AR,Arunachal Pradesh,AR_Upper Siang,Upper Siang,,0,,
39,AR,Arunachal Pradesh,AR_Upper Subansiri,Upper Subansiri,,0,,
40,AR,Arunachal Pradesh,AR_West Kameng,West Kameng,,0,,
41,AR,Arunachal Pradesh,AR_West Siang,West Siang,,0,,
42,AS,Assam,AS_Baksa,Baksa,,0,,
43,AS,Assam,AS_Barpeta,Barpeta,,0,,
44,AS,Assam,AS_Biswanath,Biswanath,,0,,
45,AS,Assam,AS_Bongaigaon,Bongaigaon,,0,,
46,AS,Assam,AS_Cachar,Cachar,1,0,1,
47,AS,Assam,AS_Charaideo,Charaideo,,0,,
48,AS,Assam,AS_Chirang,Chirang,,0,,
49,AS,Assam,AS_Darrang,Darrang,,0,,
50,AS,Assam,AS_Dhemaji,Dhemaji,,0,,
51,AS,Assam,AS_Dhubri,Dhubri,5,2,3,
52,AS,Assam,AS_Dibrugarh,Dibrugarh,,0,,
53,AS,Assam,AS_Dima Hasao,Dima Hasao,,0,,
54,AS,Assam,AS_Goalpara,Goalpara,4,1,3,
55,AS,Assam,AS_Golaghat,Golaghat,9,1,8,
56,AS,Assam,AS_Hailakandi,Hailakandi,1,0,,1
57,AS,Assam,AS_Hojai,Hojai,,0,,
58,AS,Assam,AS_Jorhat,Jorhat,,0,,
59,AS,Assam,AS_Kamrup,Kamrup,1,0,1,
60,AS,Assam,AS_Kamrup Metropolitan,Kamrup Metropolitan,1,0,1,
61,AS,Assam,AS_Karbi Anglong,Karbi Anglong,,0,,
62,AS,Assam,AS_Karimganj,Karimganj,1,1,,
63,AS,Assam,AS_Kokrajhar,Kokrajhar,,0,,
64,AS,Assam,AS_Lakhimpur,Lakhimpur,1,0,1,
65,AS,Assam,AS_Majuli,Majuli,,0,,
66,AS,Assam,AS_Morigaon,Morigaon,6,2,4,
67,AS,Assam,AS_Nagaon,Nagaon,,0,,
68,AS,Assam,AS_Nalbari,Nalbari,4,0,4,
69,AS,Assam,AS_Sivasagar,Sivasagar,,0,,
70,AS,Assam,AS_Sonitpur,Sonitpur,,0,,
71,AS,Assam,AS_South Salmara Mankachar,South Salmara Mankachar,1,0,1,
72,AS,Assam,AS_Tinsukia,Tinsukia,,0,,
73,AS,Assam,AS_Udalguri,Udalguri,,0,,
74,AS,Assam,AS_West Karbi Anglong,West Karbi Anglong,,0,,
0,AS,Assam,AS_Other State,Other State,1,,,
75,BR,Bihar,BR_Araria,Araria,,0,,
76,BR,Bihar,BR_Arwal,Arwal,4,4,,
77,BR,Bihar,BR_Aurangabad,Aurangabad,2,2,,
78,BR,Bihar,BR_Banka,Banka,2,2,,
79,BR,Bihar,BR_Begusarai,Begusarai,9,8,1,
80,BR,Bihar,BR_Bhagalpur,Bhagalpur,5,4,1,
81,BR,Bihar,BR_Bhojpur,Bhojpur,2,1,1,
82,BR,Bihar,BR_Buxar,Buxar,25,24,1,
83,BR,Bihar,BR_Darbhanga,Darbhanga,,0,,
101,BR,Bihar,BR_East Champaran,East Champaran,5,5,,
84,BR,Bihar,BR_Gaya,Gaya,6,1,5,
85,BR,Bihar,BR_Gopalganj,Gopalganj,12,9,3,
86,BR,Bihar,BR_Jamui,Jamui,,0,,
87,BR,Bihar,BR_Jehanabad,Jehanabad,1,1,,
88,BR,Bihar,BR_Kaimur,Kaimur,14,14,,
89,BR,Bihar,BR_Katihar,Katihar,,0,,
90,BR,Bihar,BR_Khagaria,Khagaria,,0,,
91,BR,Bihar,BR_Kishanganj,Kishanganj,,0,,
92,BR,Bihar,BR_Lakhisarai,Lakhisarai,1,0,1,
93,BR,Bihar,BR_Madhepura,Madhepura,1,1,,
94,BR,Bihar,BR_Madhubani,Madhubani,,0,,
95,BR,Bihar,BR_Munger,Munger,68,56,11,1
96,BR,Bihar,BR_Muzaffarpur,Muzaffarpur,,0,,
97,BR,Bihar,BR_Nalanda,Nalanda,34,28,6,
98,BR,Bihar,BR_Nawada,Nawada,3,1,2,
100,BR,Bihar,BR_Patna,Patna,33,28,5,
102,BR,Bihar,BR_Purnia,Purnia,,0,,
103,BR,Bihar,BR_Rohtas,Rohtas,15,15,,
104,BR,Bihar,BR_Saharsa,Saharsa,,0,,
105,BR,Bihar,BR_Samastipur,Samastipur,,0,,
106,BR,Bihar,BR_Saran,Saran,3,2,1,
107,BR,Bihar,BR_Sheikhpura,Sheikhpura,,0,,
108,BR,Bihar,BR_Sheohar,Sheohar,,0,,
109,BR,Bihar,BR_Sitamarhi,Sitamarhi,,0,,
110,BR,Bihar,BR_Siwan,Siwan,30,12,18,
111,BR,Bihar,BR_Supaul,Supaul,,0,,
112,BR,Bihar,BR_Vaishali,Vaishali,2,1,,1
99,BR,Bihar,BR_West Champaran,West Champaran,,0,,
113,CH,Chandigarh,CH_Chandigarh,Chandigarh,36,19,17,
114,CT,Chhattisgarh,CT_Balod,Balod,,0,,
115,CT,Chhattisgarh,CT_Baloda Bazar,Baloda Bazar,,0,,
116,CT,Chhattisgarh,CT_Balrampur,Balrampur,,0,,
117,CT,Chhattisgarh,CT_Bametara,Bametara,,0,,
118,CT,Chhattisgarh,CT_Bastar,Bastar,,0,,
119,CT,Chhattisgarh,CT_Bijapur,Bijapur,,0,,
120,CT,Chhattisgarh,CT_Bilaspur,Bilaspur,1,0,1,
121,CT,Chhattisgarh,CT_Dakshin Bastar Dantewada,Dakshin Bastar Dantewada,,0,,
122,CT,Chhattisgarh,CT_Dhamtari,Dhamtari,,0,,
123,CT,Chhattisgarh,CT_Durg,Durg,1,0,1,
124,CT,Chhattisgarh,CT_Gariaband,Gariaband,,0,,
125,CT,Chhattisgarh,CT_Janjgir Champa,Janjgir Champa,,0,,
126,CT,Chhattisgarh,CT_Jashpur,Jashpur,,0,,
127,CT,Chhattisgarh,CT_Kabeerdham,Kabeerdham,,0,,
128,CT,Chhattisgarh,CT_Kondagaon,Kondagaon,,0,,
129,CT,Chhattisgarh,CT_Korba,Korba,28,4,24,
130,CT,Chhattisgarh,CT_Koriya,Koriya,,0,,
131,CT,Chhattisgarh,CT_Mahasamund,Mahasamund,,0,,
132,CT,Chhattisgarh,CT_Mungeli,Mungeli,,0,,
133,CT,Chhattisgarh,CT_Narayanpur,Narayanpur,,0,,
134,CT,Chhattisgarh,CT_Raigarh,Raigarh,0,0,,
135,CT,Chhattisgarh,CT_Raipur,Raipur,6,1,5,
136,CT,Chhattisgarh,CT_Rajnandgaon,Rajnandgaon,1,0,1,
137,CT,Chhattisgarh,CT_Sukma,Sukma,,0,,
138,CT,Chhattisgarh,CT_Surajpur,Surajpur,,0,,
139,CT,Chhattisgarh,CT_Surguja,Surguja,,0,,
140,CT,Chhattisgarh,CT_Uttar Bastar Kanker,Uttar Bastar Kanker,,0,,
141,DN,Dadra and Nagar Haveli and Daman and Diu,DN_Dadra and Nagar Haveli,Dadra and Nagar Haveli,,0,,
142,DN,Dadra and Nagar Haveli and Daman and Diu,DN_Daman,Daman,,0,,
143,DN,Dadra and Nagar Haveli and Daman and Diu,DN_Diu,Diu,,0,,
144,DL,Delhi,DL_Central Delhi,Central Delhi,184,184,,
145,DL,Delhi,DL_East Delhi,East Delhi,38,38,,
146,DL,Delhi,DL_New Delhi,New Delhi,37,37,,
147,DL,Delhi,DL_North Delhi,North Delhi,60,60,,
148,DL,Delhi,DL_North East Delhi,North East Delhi,25,25,,
149,DL,Delhi,DL_North West Delhi,North West Delhi,32,32,,
150,DL,Delhi,DL_Shahdara,Shahdara,48,48,,
151,DL,Delhi,DL_South Delhi,South Delhi,70,70,,
152,DL,Delhi,DL_South East Delhi,South East Delhi,130,130,,
153,DL,Delhi,DL_South West Delhi,South West Delhi,42,42,,
154,DL,Delhi,DL_West Delhi,West Delhi,122,122,,
155,GA,Goa,GA_North Goa,North Goa,6,0,6,
156,GA,Goa,GA_South Goa,South Goa,1,0,1,
0,GJ,Gujarat,GJ_Other State,Other State,,,,
157,GJ,Gujarat,GJ_Ahmedabad,Ahmedabad,2181,1937,140,104
158,GJ,Gujarat,GJ_Amreli,Amreli,,0,,
159,GJ,Gujarat,GJ_Anand,Anand,49,32,14,3
160,GJ,Gujarat,GJ_Aravalli,Aravalli,18,17,0,1
161,GJ,Gujarat,GJ_Banaskantha,Banaskantha,28,27,1,0
162,GJ,Gujarat,GJ_Bharuch,Bharuch,29,13,14,2
163,GJ,Gujarat,GJ_Bhavnagar,Bhavnagar,40,17,18,5
164,GJ,Gujarat,GJ_Botad,Botad,12,11,0,1
165,GJ,Gujarat,GJ_Chhota Udaipur,Chhota Udaipur,13,10,3,0
166,GJ,Gujarat,GJ_Devbhumi Dwarka,Devbhumi Dwarka,,0,,
167,GJ,Gujarat,GJ_Dahod,Dahod,4,3,1,0
168,GJ,Gujarat,GJ_Gandhinagar,Gandhinagar,25,11,12,2
169,GJ,Gujarat,GJ_Gir Somnath,Gir Somnath,3,1,2,0
170,GJ,Gujarat,GJ_Jamnagar,Jamnagar,1,0,0,1
171,GJ,Gujarat,GJ_Junagadh,Junagadh,,0,,
172,GJ,Gujarat,GJ_Kutch,Kutch,6,2,3,1
173,GJ,Gujarat,GJ_Kheda,Kheda,6,5,1,0
174,GJ,Gujarat,GJ_Mehsana,Mehsana,7,5,2,0
175,GJ,Gujarat,GJ_Mahisagar,Mahisagar,10,10,0,0
176,GJ,Gujarat,GJ_Morbi,Morbi,1,1,0,0
177,GJ,Gujarat,GJ_Narmada,Narmada,12,12,0,0
178,GJ,Gujarat,GJ_Navsari,Navsari,3,3,0,0
179,GJ,Gujarat,GJ_Panchmahal,Panchmahal,17,15,0,2
180,GJ,Gujarat,GJ_Patan,Patan,17,5,11,1
181,GJ,Gujarat,GJ_Porbandar,Porbandar,3,0,3,0
182,GJ,Gujarat,GJ_Rajkot,Rajkot,45,31,14,0
183,GJ,Gujarat,GJ_Sabarkantha,Sabarkantha,3,1,2,0
184,GJ,Gujarat,GJ_Surat,Surat,526,495,16,15
185,GJ,Gujarat,GJ_Surendranagar,Surendranagar,1,1,,
186,GJ,Gujarat,GJ_Tapi,Tapi,1,1,0,0
187,GJ,Gujarat,GJ_Dang,Dang,1,1,,
188,GJ,Gujarat,GJ_Vadodara,Vadodara,234,166,56,12
189,GJ,Gujarat,GJ_Valsad,Valsad,5,4,0,1
190,HR,Haryana,HR_Ambala,Ambala,13,2,10,1
191,HR,Haryana,HR_Bhiwani,Bhiwani,3,1,2,
192,HR,Haryana,HR_Charkhi Dadri,Charkhi Dadri,1,0,1,
193,HR,Haryana,HR_Faridabad,Faridabad,45,16,29,
194,HR,Haryana,HR_Fatehabad,Fatehabad,1,0,1,
195,HR,Haryana,HR_Gurugram,Gurugram,51,16,35,
196,HR,Haryana,HR_Hisar,Hisar,4,2,2,
197,HR,Haryana,HR_Jhajjar,Jhajjar,,0,,
198,HR,Haryana,HR_Jind,Jind,2,0,2,
199,HR,Haryana,HR_Kaithal,Kaithal,2,0,2,
200,HR,Haryana,HR_Karnal,Karnal,6,0,5,1
201,HR,Haryana,HR_Kurukshetra,Kurukshetra,2,0,2,
202,HR,Haryana,HR_Mahendragarh,Mahendragarh,,0,,
203,HR,Haryana,HR_Nuh,Nuh,57,18,39,
204,HR,Haryana,HR_Palwal,Palwal,34,5,29,
205,HR,Haryana,HR_Panchkula,Panchkula,18,8,10,
206,HR,Haryana,HR_Panipat,Panipat,12,7,5,
207,HR,Haryana,HR_Rewari,Rewari,,0,,
208,HR,Haryana,HR_Rohtak,Rohtak,4,3,,1
209,HR,Haryana,HR_Sirsa,Sirsa,4,0,4,
210,HR,Haryana,HR_Sonipat,Sonipat,20,16,4,
211,HR,Haryana,HR_Yamunanagar,Yamunanagar,3,0,3,
0,HR,Haryana,HR_Italians,Italians,14,0,14,
212,HP,Himachal Pradesh,HP_Bilaspur,Bilaspur,0,0,,
213,HP,Himachal Pradesh,HP_Chamba,Chamba,6,2,4,
214,HP,Himachal Pradesh,HP_Hamirpur,Hamirpur,2,2,,
215,HP,Himachal Pradesh,HP_Kangra,Kangra,5,1,3,1
216,HP,Himachal Pradesh,HP_Kinnaur,Kinnaur,,0,,
217,HP,Himachal Pradesh,HP_Kullu,Kullu,,0,,
218,HP,Himachal Pradesh,HP_Lahaul and Spiti,Lahaul and Spiti,,0,,
219,HP,Himachal Pradesh,HP_Mandi,Mandi,,0,,
220,HP,Himachal Pradesh,HP_Shimla,Shimla,,0,,
221,HP,Himachal Pradesh,HP_Sirmaur,Sirmaur,2,1,1,
222,HP,Himachal Pradesh,HP_Solan,Solan,9,5,3,1
223,HP,Himachal Pradesh,HP_Una,Una,16,5,11,
224,JK,Jammu and Kashmir,JK_Anantnag,Anantnag,48,48,,
225,JK,Jammu and Kashmir,JK_Budgam,Budgam,14,5,9,
226,JK,Jammu and Kashmir,JK_Bandipora,Bandipora,124,100,23,1
227,JK,Jammu and Kashmir,JK_Baramulla,Baramulla,62,42,17,3
228,JK,Jammu and Kashmir,JK_Doda,Doda,,0,,
229,JK,Jammu and Kashmir,JK_Ganderbal,Ganderbal,14,12,2,
230,JK,Jammu and Kashmir,JK_Jammu,Jammu,26,12,14,
231,JK,Jammu and Kashmir,JK_Kathua,Kathua,1,1,,
232,JK,Jammu and Kashmir,JK_Kishtwar,Kishtwar,1,0,1,
233,JK,Jammu and Kashmir,JK_Kulgam,Kulgam,6,6,0,
234,JK,Jammu and Kashmir,JK_Kupwara,Kupwara,47,39,8,
235,JK,Jammu and Kashmir,JK_Mirpur,Mirpur,,0,,
236,JK,Jammu and Kashmir,JK_Muzaffarabad,Muzaffarabad,,0,,
237,JK,Jammu and Kashmir,JK_Pulwama,Pulwama,3,0,3,
238,JK,Jammu and Kashmir,JK_Punch,Punch,,0,,
239,JK,Jammu and Kashmir,JK_Rajouri,Rajouri,4,1,3,
240,JK,Jammu and Kashmir,JK_Ramban,Ramban,1,1,,
241,JK,Jammu and Kashmir,JK_Reasi,Reasi,,0,,
242,JK,Jammu and Kashmir,JK_Samba,Samba,4,4,,
243,JK,Jammu and Kashmir,JK_Shopiyan,Shopiyan,63,52,11,
244,JK,Jammu and Kashmir,JK_Srinagar,Srinagar,85,47,37,1
245,JK,Jammu and Kashmir,JK_Udhampur,Udhampur,20,10,9,1
246,JH,Jharkhand,JH_Bokaro,Bokaro,10,5,4,1
247,JH,Jharkhand,JH_Chatra,Chatra,,0,,
248,JH,Jharkhand,JH_Deoghar,Deoghar,2,2,,
249,JH,Jharkhand,JH_Dhanbad,Dhanbad,2,2,,
250,JH,Jharkhand,JH_Dumka,Dumka,,0,,
251,JH,Jharkhand,JH_Garhwa,Garhwa,3,3,,
252,JH,Jharkhand,JH_Giridih,Giridih,1,1,,
253,JH,Jharkhand,JH_Godda,Godda,,0,,
254,JH,Jharkhand,JH_Gumla,Gumla,,0,,
255,JH,Jharkhand,JH_Hazaribagh,Hazaribagh,3,1,2,
256,JH,Jharkhand,JH_Jamtara,Jamtara,,0,,
257,JH,Jharkhand,JH_Khunti,Khunti,,0,,
258,JH,Jharkhand,JH_Koderma,Koderma,1,1,,
259,JH,Jharkhand,JH_Latehar,Latehar,,0,,
260,JH,Jharkhand,JH_Lohardaga,Lohardaga,,0,,
261,JH,Jharkhand,JH_Pakur,Pakur,,0,,
262,JH,Jharkhand,JH_Palamu,Palamu,3,3,,
263,JH,Jharkhand,JH_West Singhbhum,West Singhbhum,,0,,
264,JH,Jharkhand,JH_East Singhbhum,East Singhbhum,,0,,
265,JH,Jharkhand,JH_Ramgarh,Ramgarh,,0,,
266,JH,Jharkhand,JH_Ranchi,Ranchi,55,47,6,2
267,JH,Jharkhand,JH_Sahibganj,Sahibganj,,0,,
268,JH,Jharkhand,JH_Saraikela-Kharsawan,Saraikela-Kharsawan,,0,,
269,JH,Jharkhand,JH_Simdega,Simdega,2,1,1,
270,KA,Karnataka,KA_Bagalkote,Bagalkote,24,18,6,1
271,KA,Karnataka,KA_Ballari,Ballari,13,8,5,
272,KA,Karnataka,KA_Belagavi,Belagavi,52,44,6,1
273,KA,Karnataka,KA_Bengaluru Urban,Bengaluru Urban,129,68,53,5
274,KA,Karnataka,KA_Bengaluru Rural,Bengaluru Rural,6,1,5,
275,KA,Karnataka,KA_Bidar,Bidar,14,6,8,
276,KA,Karnataka,KA_Chamarajanagara,Chamarajanagara,,0,,
277,KA,Karnataka,KA_Chikkaballapura,Chikkaballapura,18,5,11,2
278,KA,Karnataka,KA_Chikkamagaluru,Chikkamagaluru,,0,,
279,KA,Karnataka,KA_Chitradurga,Chitradurga,1,0,1,
280,KA,Karnataka,KA_Dakshina Kannada,Dakshina Kannada,13,5,6,2
281,KA,Karnataka,KA_Davanagere,Davanagere,2,0,2,
282,KA,Karnataka,KA_Dharwad,Dharwad,9,7,2,
283,KA,Karnataka,KA_Gadag,Gadag,4,3,,1
284,KA,Karnataka,KA_Hassan,Hassan,,0,,
285,KA,Karnataka,KA_Haveri,Haveri,,0,,
286,KA,Karnataka,KA_Kalaburagi,Kalaburagi,38,27,7,4
287,KA,Karnataka,KA_Kodagu,Kodagu,1,0,1,
288,KA,Karnataka,KA_Kolar,Kolar,,0,,
289,KA,Karnataka,KA_Koppal,Koppal,,0,,
290,KA,Karnataka,KA_Mandya,Mandya,16,12,4,
291,KA,Karnataka,KA_Mysuru,Mysuru,87,51,36,
292,KA,Karnataka,KA_Raichur,Raichur,,0,,
293,KA,Karnataka,KA_Ramanagara,Ramanagara,,0,,
294,KA,Karnataka,KA_Shivamogga,Shivamogga,,0,,
295,KA,Karnataka,KA_Tumakuru,Tumakuru,3,1,1,1
296,KA,Karnataka,KA_Udupi,Udupi,3,0,3,
297,KA,Karnataka,KA_Uttara Kannada,Uttara Kannada,11,1,10,
298,KA,Karnataka,KA_Vijayapura,Vijayapura,39,37,,2
299,KA,Karnataka,KA_Yadgir,Yadgir,,0,,
0,KA,Karnataka,KA_Other State,Other State,20,5,15,
300,KL,Kerala,KL_Alappuzha,Alappuzha,5,0,5,
301,KL,Kerala,KL_Ernakulam,Ernakulam,24,2,21,1
302,KL,Kerala,KL_Idukki,Idukki,20,10,10,
303,KL,Kerala,KL_Kannur,Kannur,111,55,55,1
304,KL,Kerala,KL_Kasaragod,Kasaragod,175,14,161,
305,KL,Kerala,KL_Kollam,Kollam,14,9,5,
306,KL,Kerala,KL_Kottayam,Kottayam,14,11,3,
307,KL,Kerala,KL_Kozhikode,Kozhikode,24,11,13,
308,KL,Kerala,KL_Malappuram,Malappuram,22,2,19,1
309,KL,Kerala,KL_Palakkad,Palakkad,12,5,7,
310,KL,Kerala,KL_Pathanamthitta,Pathanamthitta,17,3,14,
311,KL,Kerala,KL_Thiruvananthapuram,Thiruvananthapuram,15,1,13,1
312,KL,Kerala,KL_Thrissur,Thrissur,13,0,13,
313,KL,Kerala,KL_Wayanad,Wayanad,3,0,3,
314,LA,Ladakh,LA_Kargil,Kargil,5,1,4,
315,LA,Ladakh,LA_Leh,Leh,15,3,12,
316,LD,Lakshadweep,LD_Lakshadweep,Lakshadweep,,0,,
317,MP,Madhya Pradesh,MP_Agar Malwa,Agar Malwa,11,10,0,1
318,MP,Madhya Pradesh,MP_Alirajpur,Alirajpur,3,3,,
319,MP,Madhya Pradesh,MP_Anuppur,Anuppur,,0,,
320,MP,Madhya Pradesh,MP_Ashoknagar,Ashoknagar,,0,,
321,MP,Madhya Pradesh,MP_Balaghat,Balaghat,,0,,
322,MP,Madhya Pradesh,MP_Barwani,Barwani,24,17,7,0
323,MP,Madhya Pradesh,MP_Betul,Betul,1,1,,
324,MP,Madhya Pradesh,MP_Bhind,Bhind,,0,,
325,MP,Madhya Pradesh,MP_Bhopal,Bhopal,415,302,104,9
326,MP,Madhya Pradesh,MP_Burhanpur,Burhanpur,0,0,,
327,MP,Madhya Pradesh,MP_Chhatarpur,Chhatarpur,,0,,
328,MP,Madhya Pradesh,MP_Chhindwara,Chhindwara,5,4,,1
329,MP,Madhya Pradesh,MP_Damoh,Damoh,,0,,
330,MP,Madhya Pradesh,MP_Datia,Datia,,0,,
331,MP,Madhya Pradesh,MP_Dewas,Dewas,23,13,4,6
332,MP,Madhya Pradesh,MP_Dhar,Dhar,36,35,0,1
333,MP,Madhya Pradesh,MP_Dindori,Dindori,1,1,,
335,MP,Madhya Pradesh,MP_Guna,Guna,,0,,
336,MP,Madhya Pradesh,MP_Gwalior,Gwalior,4,2,2,
337,MP,Madhya Pradesh,MP_Harda,Harda,,0,,
338,MP,Madhya Pradesh,MP_Hoshangabad,Hoshangabad,32,21,9,2
339,MP,Madhya Pradesh,MP_Indore,Indore,1176,1012,107,57
340,MP,Madhya Pradesh,MP_Jabalpur,Jabalpur,59,51,7,1
341,MP,Madhya Pradesh,MP_Jhabua,Jhabua,,0,,
342,MP,Madhya Pradesh,MP_Katni,Katni,,0,,
334,MP,Madhya Pradesh,MP_Khandwa,Khandwa,36,23,12,1
368,MP,Madhya Pradesh,MP_Khargone,Khargone,61,43,12,6
343,MP,Madhya Pradesh,MP_Mandla,Mandla,,0,,
344,MP,Madhya Pradesh,MP_Mandsaur,Mandsaur,9,8,,1
345,MP,Madhya Pradesh,MP_Morena,Morena,13,0,13,
346,MP,Madhya Pradesh,MP_Narsinghpur,Narsinghpur,,0,,
347,MP,Madhya Pradesh,MP_Neemuch,Neemuch,,0,,
348,MP,Madhya Pradesh,MP_Niwari,Niwari,,0,,
349,MP,Madhya Pradesh,MP_Panna,Panna,,0,,
350,MP,Madhya Pradesh,MP_Raisen,Raisen,28,27,1,0
351,MP,Madhya Pradesh,MP_Rajgarh,Rajgarh,0,0,,
352,MP,Madhya Pradesh,MP_Ratlam,Ratlam,13,13,,
353,MP,Madhya Pradesh,MP_Rewa,Rewa,,0,,
354,MP,Madhya Pradesh,MP_Sagar,Sagar,5,4,1,
355,MP,Madhya Pradesh,MP_Satna,Satna,0,0,,
356,MP,Madhya Pradesh,MP_Sehore,Sehore,,0,,
357,MP,Madhya Pradesh,MP_Seoni,Seoni,,0,,
358,MP,Madhya Pradesh,MP_Shahdol,Shahdol,,0,,
359,MP,Madhya Pradesh,MP_Shajapur,Shajapur,6,5,1,
360,MP,Madhya Pradesh,MP_Sheopur,Sheopur,4,2,2,
361,MP,Madhya Pradesh,MP_Shivpuri,Shivpuri,2,0,2,
362,MP,Madhya Pradesh,MP_Sidhi,Sidhi,,0,,
363,MP,Madhya Pradesh,MP_Singrauli,Singrauli,,0,,
364,MP,Madhya Pradesh,MP_Tikamgarh,Tikamgarh,2,2,,
365,MP,Madhya Pradesh,MP_Ujjain,Ujjain,106,84,5,17
366,MP,Madhya Pradesh,MP_Umaria,Umaria,,0,,
367,MP,Madhya Pradesh,MP_Vidisha,Vidisha,13,0,13,
0,MP,Madhya Pradesh,MP_Other Region,Other Region,2,2,,
369,MH,Maharashtra,MH_Ahmednagar,Ahmednagar,36,12,22,2
370,MH,Maharashtra,MH_Akola,Akola,29,21,7,1
371,MH,Maharashtra,MH_Amravati,Amravati,20,15,4,1
372,MH,Maharashtra,MH_Aurangabad,Aurangabad,50,23,22,5
373,MH,Maharashtra,MH_Bhandara,Bhandara,,0,,
374,MH,Maharashtra,MH_Beed,Beed,1,0,1,0
375,MH,Maharashtra,MH_Buldhana,Buldhana,21,6,14,1
376,MH,Maharashtra,MH_Chandrapur,Chandrapur,2,0,2,0
377,MH,Maharashtra,MH_Dhule,Dhule,25,22,0,3
378,MH,Maharashtra,MH_Gadchiroli,Gadchiroli,,0,,
379,MH,Maharashtra,MH_Gondia,Gondia,1,0,1,0
380,MH,Maharashtra,MH_Hingoli,Hingoli,8,7,1,0
381,MH,Maharashtra,MH_Jalgaon,Jalgaon,19,14,1,4
382,MH,Maharashtra,MH_Jalna,Jalna,2,2,0,0
383,MH,Maharashtra,MH_Kolhapur,Kolhapur,10,6,4,0
384,MH,Maharashtra,MH_Latur,Latur,9,0,8,1
385,MH,Maharashtra,MH_Mumbai,Mumbai,5407,4562,641,204
386,MH,Maharashtra,MH_Mumbai Suburban,Mumbai Suburban,,0,,
387,MH,Maharashtra,MH_Nagpur,Nagpur,107,86,20,1
388,MH,Maharashtra,MH_Nanded,Nanded,1,1,0,0
389,MH,Maharashtra,MH_Nandurbar,Nandurbar,11,10,0,1
390,MH,Maharashtra,MH_Nashik,Nashik,131,117,2,12
391,MH,Maharashtra,MH_Osmanabad,Osmanabad,3,0,3,
392,MH,Maharashtra,MH_Palghar,Palghar,141,102,35,4
393,MH,Maharashtra,MH_Parbhani,Parbhani,1,1,0,0
394,MH,Maharashtra,MH_Pune,Pune,1052,766,210,76
395,MH,Maharashtra,MH_Raigad,Raigad,57,36,20,1
396,MH,Maharashtra,MH_Ratnagiri,Ratnagiri,8,2,5,1
397,MH,Maharashtra,MH_Sangli,Sangli,27,1,25,1
398,MH,Maharashtra,MH_Satara,Satara,29,24,3,2
399,MH,Maharashtra,MH_Sindhudurg,Sindhudurg,1,0,1,0
400,MH,Maharashtra,MH_Solapur,Solapur,47,42,0,5
401,MH,Maharashtra,MH_Thane,Thane,738,599,125,14
402,MH,Maharashtra,MH_Wardha,Wardha,,0,,
403,MH,Maharashtra,MH_Washim,Washim,1,0,1,0
404,MH,Maharashtra,MH_Yavatmal,Yavatmal,48,38,10,0
0,MH,Maharashtra,MH_Other State,Other State,25,23,0,2
405,MN,Manipur,MN_Bishnupur,Bishnupur,,0,,
406,MN,Manipur,MN_Chandel,Chandel,,0,,
407,MN,Manipur,MN_Churachandpur,Churachandpur,,0,,
408,MN,Manipur,MN_Imphal East,Imphal East,1,0,1,
409,MN,Manipur,MN_Imphal West,Imphal West,1,0,1,
410,MN,Manipur,MN_Jiribam,Jiribam,,0,,
411,MN,Manipur,MN_Kakching,Kakching,,0,,
412,MN,Manipur,MN_Kamjong,Kamjong,,0,,
413,MN,Manipur,MN_Kangpokpi,Kangpokpi,,0,,
414,MN,Manipur,MN_Noney,Noney,,0,,
415,MN,Manipur,MN_Pherzawl,Pherzawl,,0,,
416,MN,Manipur,MN_Senapati,Senapati,,0,,
417,MN,Manipur,MN_Tamenglong,Tamenglong,,0,,
418,MN,Manipur,MN_Tengnoupal,Tengnoupal,,0,,
419,MN,Manipur,MN_Thoubal,Thoubal,,0,,
420,MN,Manipur,MN_Ukhrul,Ukhrul,,0,,
421,ML,Meghalaya,ML_East Garo Hills,East Garo Hills,,0,,
422,ML,Meghalaya,ML_East Jaintia Hills,East Jaintia Hills,,0,,
423,ML,Meghalaya,ML_East Khasi Hills,East Khasi Hills,12,11,,1
424,ML,Meghalaya,ML_North Garo Hills,North Garo Hills,,0,,
425,ML,Meghalaya,ML_Ribhoi,Ribhoi,,0,,
426,ML,Meghalaya,ML_South Garo Hills,South Garo Hills,,0,,
427,ML,Meghalaya,ML_South West Garo Hills,South West Garo Hills,,0,,
428,ML,Meghalaya,ML_South West Khasi Hills,South West Khasi Hills,,0,,
429,ML,Meghalaya,ML_West Garo Hills,West Garo Hills,,0,,
430,ML,Meghalaya,ML_West Jaintia Hills,West Jaintia Hills,,0,,
431,ML,Meghalaya,ML_West Khasi Hills,West Khasi Hills,,0,,
432,MZ,Mizoram,MZ_Aizawl,Aizawl,1,1,,
433,MZ,Mizoram,MZ_Champhai,Champhai,,0,,
434,MZ,Mizoram,MZ_Kolasib,Kolasib,,0,,
435,MZ,Mizoram,MZ_Lawngtlai,Lawngtlai,,0,,
436,MZ,Mizoram,MZ_Lunglei,Lunglei,,0,,
437,MZ,Mizoram,MZ_Mamit,Mamit,,0,,
438,MZ,Mizoram,MZ_Saiha,Saiha,,0,,
439,MZ,Mizoram,MZ_Serchhip,Serchhip,,0,,
728,MZ,Mizoram,MZ_Saitual,Saitual,,0,,
729,MZ,Mizoram,MZ_Hnahthial,Hnahthial,,0,,
730,MZ,Mizoram,MZ_Khawzawl,Khawzawl,,0,,
440,NL,Nagaland,NL_Dimapur,Dimapur,,0,,
441,NL,Nagaland,NL_Kiphire,Kiphire,,0,,
442,NL,Nagaland,NL_Kohima,Kohima,,0,,
443,NL,Nagaland,NL_Longleng,Longleng,,0,,
444,NL,Nagaland,NL_Mokokchung,Mokokchung,,0,,
445,NL,Nagaland,NL_Mon,Mon,,0,,
446,NL,Nagaland,NL_Peren,Peren,,0,,
447,NL,Nagaland,NL_Phek,Phek,,0,,
448,NL,Nagaland,NL_Tuensang,Tuensang,,0,,
449,NL,Nagaland,NL_Wokha,Wokha,,0,,
450,NL,Nagaland,NL_Zunheboto,Zunheboto,,0,,
451,OR,Odisha,OR_Angul,Angul,,0,,
452,OR,Odisha,OR_Balangir,Balangir,,0,,
453,OR,Odisha,OR_Balasore,Balasore,10,10,,
454,OR,Odisha,OR_Bargarh,Bargarh,,0,,
455,OR,Odisha,OR_Boudh,Boudh,,0,,
456,OR,Odisha,OR_Bhadrak,Bhadrak,16,14,2,
457,OR,Odisha,OR_Cuttack,Cuttack,1,0,1,
458,OR,Odisha,OR_Deogarh,Deogarh,,0,,
459,OR,Odisha,OR_Dhenkanal,Dhenkanal,1,0,1,
460,OR,Odisha,OR_Gajapati,Gajapati,,0,,
461,OR,Odisha,OR_Ganjam,Ganjam,,0,,
462,OR,Odisha,OR_Jagatsinghpur,Jagatsinghpur,,0,,
463,OR,Odisha,OR_Jajpur,Jajpur,18,17,1,
464,OR,Odisha,OR_Jharsuguda,Jharsuguda,,0,,
465,OR,Odisha,OR_Kalahandi,Kalahandi,2,0,2,
466,OR,Odisha,OR_Kandhamal,Kandhamal,,0,,
467,OR,Odisha,OR_Kendrapara,Kendrapara,2,1,1,
468,OR,Odisha,OR_Kendujhar,Kendujhar,,0,,
469,OR,Odisha,OR_Khordha,Khordha,46,22,23,1
470,OR,Odisha,OR_Koraput,Koraput,,0,,
471,OR,Odisha,OR_Malkangiri,Malkangiri,,0,,
472,OR,Odisha,OR_Mayurbhanj,Mayurbhanj,,0,,
473,OR,Odisha,OR_Nabarangapur,Nabarangapur,,0,,
474,OR,Odisha,OR_Nayagarh,Nayagarh,,0,,
475,OR,Odisha,OR_Nuapada,Nuapada,,0,,
476,OR,Odisha,OR_Puri,Puri,1,0,1,
477,OR,Odisha,OR_Rayagada,Rayagada,,0,,
478,OR,Odisha,OR_Sambalpur,Sambalpur,,0,,
479,OR,Odisha,OR_Subarnapur,Subarnapur,,0,,
480,OR,Odisha,OR_Sundargarh,Sundargarh,6,3,3,
481,PY,Puducherry,PY_Karaikal,Karaikal,,0,,
482,PY,Puducherry,PY_Mahe,Mahe,1,0,1,
483,PY,Puducherry,PY_Puducherry,Puducherry,7,4,3,
484,PY,Puducherry,PY_Yanam,Yanam,,0,,
485,PB,Punjab,PB_Amritsar,Amritsar,14,11,1,2
486,PB,Punjab,PB_Barnala,Barnala,2,0,1,1
487,PB,Punjab,PB_Bathinda,Bathinda,,0,,
488,PB,Punjab,PB_Faridkot,Faridkot,3,2,1,0
489,PB,Punjab,PB_Fatehgarh Sahib,Fatehgarh Sahib,2,0,2,0
490,PB,Punjab,PB_Fazilka,Fazilka,,0,,
491,PB,Punjab,PB_Ferozepur,Ferozepur,1,1,,
492,PB,Punjab,PB_Gurdaspur,Gurdaspur,1,0,0,1
493,PB,Punjab,PB_Hoshiarpur,Hoshiarpur,7,1,5,1
494,PB,Punjab,PB_Jalandhar,Jalandhar,78,68,7,3
495,PB,Punjab,PB_Kapurthala,Kapurthala,3,0,2,1
496,PB,Punjab,PB_Ludhiana,Ludhiana,18,8,4,4
497,PB,Punjab,PB_Mansa,Mansa,13,10,3,0
498,PB,Punjab,PB_Moga,Moga,4,0,4,0
499,PB,Punjab,PB_Pathankot,Pathankot,25,15,9,1
500,PB,Punjab,PB_Patiala,Patiala,61,60,1,0
501,PB,Punjab,PB_Rupnagar,Rupnagar,3,0,2,1
502,PB,Punjab,PB_S.A.S. Nagar,S.A.S. Nagar,63,39,22,2
503,PB,Punjab,PB_Sangrur,Sangrur,3,1,2,0
504,PB,Punjab,PB_Shahid Bhagat Singh Nagar,Shahid Bhagat Singh Nagar,20,1,18,1
505,PB,Punjab,PB_Sri Muktsar Sahib,Sri Muktsar Sahib,1,1,,
506,PB,Punjab,PB_Tarn Taran,Tarn Taran,,0,,
0,RJ,Rajasthan,RJ_BSF Camp,BSF Camp,,,,
507,RJ,Rajasthan,RJ_Ajmer,Ajmer,123,118,5,
508,RJ,Rajasthan,RJ_Alwar,Alwar,7,2,4,1
509,RJ,Rajasthan,RJ_Banswara,Banswara,62,41,21,
510,RJ,Rajasthan,RJ_Baran,Baran,,0,,
511,RJ,Rajasthan,RJ_Barmer,Barmer,2,1,1,
512,RJ,Rajasthan,RJ_Bharatpur,Bharatpur,110,104,5,1
513,RJ,Rajasthan,RJ_Bhilwara,Bhilwara,33,1,30,2
514,RJ,Rajasthan,RJ_Bikaner,Bikaner,37,4,32,1
515,RJ,Rajasthan,RJ_Bundi,Bundi,,0,,
516,RJ,Rajasthan,RJ_Chittorgarh,Chittorgarh,1,1,,
517,RJ,Rajasthan,RJ_Churu,Churu,14,3,11,
518,RJ,Rajasthan,RJ_Dausa,Dausa,21,14,7,
519,RJ,Rajasthan,RJ_Dholpur,Dholpur,5,4,1,
520,RJ,Rajasthan,RJ_Dungarpur,Dungarpur,6,1,5,
521,RJ,Rajasthan,RJ_Ganganagar,Ganganagar,,0,,
522,RJ,Rajasthan,RJ_Hanumangarh,Hanumangarh,11,9,2,
523,RJ,Rajasthan,RJ_Jaipur,Jaipur,808,565,222,21
524,RJ,Rajasthan,RJ_Jaisalmer,Jaisalmer,34,8,26,
525,RJ,Rajasthan,RJ_Jalore,Jalore,,0,,
526,RJ,Rajasthan,RJ_Jhalawar,Jhalawar,30,14,16,
527,RJ,Rajasthan,RJ_Jhunjhunu,Jhunjhunu,42,10,32,
528,RJ,Rajasthan,RJ_Jodhpur,Jodhpur,364,309,50,5
529,RJ,Rajasthan,RJ_Karauli,Karauli,3,1,2,
530,RJ,Rajasthan,RJ_Kota,Kota,158,74,80,4
531,RJ,Rajasthan,RJ_Nagaur,Nagaur,113,105,7,1
532,RJ,Rajasthan,RJ_Pali,Pali,2,0,2,
533,RJ,Rajasthan,RJ_Pratapgarh,Pratapgarh,2,0,2,
534,RJ,Rajasthan,RJ_Rajsamand,Rajsamand,1,1,,
535,RJ,Rajasthan,RJ_Sawai Madhopur,Sawai Madhopur,8,8,,
536,RJ,Rajasthan,RJ_Sikar,Sikar,5,2,1,2
537,RJ,Rajasthan,RJ_Sirohi,Sirohi,,0,,
538,RJ,Rajasthan,RJ_Tonk,Tonk,115,82,32,1
539,RJ,Rajasthan,RJ_Udaipur,Udaipur,5,1,4,
0,RJ,Rajasthan,RJ_Italians,Italians,2,0,2,
0,RJ,Rajasthan,RJ_Evacuees,Evacuees,61,36,25,
0,RJ,Rajasthan,RJ_Other State,Other State,,,2,2
540,SK,Sikkim,SK_East District,East District,,0,,
541,SK,Sikkim,SK_North District,North District,,0,,
542,SK,Sikkim,SK_South District,South District,,0,,
543,SK,Sikkim,SK_West District,West District,,0,,
544,TN,Tamil Nadu,TN_Ariyalur,Ariyalur,5,3,2,
732,TN,Tamil Nadu,TN_Chengalpattu,Chengalpattu,55,14,40,2
545,TN,Tamil Nadu,TN_Chennai,Chennai,528,356,161,12
546,TN,Tamil Nadu,TN_Coimbatore,Coimbatore,141,47,94,
547,TN,Tamil Nadu,TN_Cuddalore,Cuddalore,26,8,18,
548,TN,Tamil Nadu,TN_Dharmapuri,Dharmapuri,1,1,0,
549,TN,Tamil Nadu,TN_Dindigul,Dindigul,80,17,62,1
550,TN,Tamil Nadu,TN_Erode,Erode,70,5,64,1
734,TN,Tamil Nadu,TN_Kallakurichi,Kallakurichi,6,3,3,
551,TN,Tamil Nadu,TN_Kancheepuram,Kancheepuram,18,11,7,1
552,TN,Tamil Nadu,TN_Kanyakumari,Kanyakumari,16,10,6,
553,TN,Tamil Nadu,TN_Karur,Karur,41,0,41,
554,TN,Tamil Nadu,TN_Krishnagiri,Krishnagiri,,0,0,
555,TN,Tamil Nadu,TN_Madurai,Madurai,75,66,8,2
556,TN,Tamil Nadu,TN_Nagapattinam,Nagapattinam,44,16,28,
557,TN,Tamil Nadu,TN_Namakkal,Namakkal,59,14,45,
558,TN,Tamil Nadu,TN_Perambalur,Perambalur,7,6,1,
559,TN,Tamil Nadu,TN_Pudukkottai,Pudukkottai,1,1,0,
560,TN,Tamil Nadu,TN_Ramanathapuram,Ramanathapuram,15,8,7,
733,TN,Tamil Nadu,TN_Ranipet,Ranipet,38,6,32,
561,TN,Tamil Nadu,TN_Salem,Salem,31,25,6,
562,TN,Tamil Nadu,TN_Sivaganga,Sivaganga,12,12,0,
731,TN,Tamil Nadu,TN_Tenkasi,Tenkasi,35,33,2,
563,TN,Tamil Nadu,TN_Thanjavur,Thanjavur,54,31,23,
564,TN,Tamil Nadu,TN_Nilgiris,Nilgiris,9,0,9,
565,TN,Tamil Nadu,TN_Theni,Theni,44,8,35,1
566,TN,Tamil Nadu,TN_Thiruvallur,Thiruvallur,54,40,14,
567,TN,Tamil Nadu,TN_Thiruvarur,Thiruvarur,30,22,8,
568,TN,Tamil Nadu,TN_Thoothukkudi,Thoothukkudi,27,2,23,2
569,TN,Tamil Nadu,TN_Tiruchirappalli,Tiruchirappalli,51,9,42,
570,TN,Tamil Nadu,TN_Tirunelveli,Tirunelveli,65,12,53,
735,TN,Tamil Nadu,TN_Tirupathur,Tirupathur,18,1,17,
571,TN,Tamil Nadu,TN_Tiruppur,Tiruppur,112,29,83,
572,TN,Tamil Nadu,TN_Tiruvannamalai,Tiruvannamalai,11,1,10,
573,TN,Tamil Nadu,TN_Vellore,Vellore,23,9,13,1
574,TN,Tamil Nadu,TN_Viluppuram,Viluppuram,51,27,22,2
575,TN,Tamil Nadu,TN_Virudhunagar,Virudhunagar,32,16,16,
0,TG,Telangana,TG_Other State,Other State,,,,
576,TG,Telangana,TG_Adilabad,Adilabad,21,13,8,0
577,TG,Telangana,TG_Bhadradri Kothagudem,Bhadradri Kothagudem,4,0,4,0
578,TG,Telangana,TG_Hyderabad,Hyderabad,540,371,151,18
579,TG,Telangana,TG_Jagtial,Jagtial,3,1,2,0
580,TG,Telangana,TG_Jangaon,Jangaon,3,2,1,0
581,TG,Telangana,TG_Jayashankar Bhupalapally,Jayashankar Bhupalapally,3,3,0,0
582,TG,Telangana,TG_Jogulamba Gadwal,Jogulamba Gadwal,45,35,9,1
583,TG,Telangana,TG_Kamareddy,Kamareddy,12,4,8,0
584,TG,Telangana,TG_Karimnagar,Karimnagar,19,4,15,0
585,TG,Telangana,TG_Khammam,Khammam,8,7,1,0
586,TG,Telangana,TG_Komaram Bheem,Komaram Bheem,7,7,0,0
587,TG,Telangana,TG_Mahabubabad,Mahabubabad,1,0,1,0
588,TG,Telangana,TG_Mahabubnagar,Mahabubnagar,11,3,8,0
589,TG,Telangana,TG_Mancherial,Mancherial,1,0,0,1
590,TG,Telangana,TG_Medak,Medak,5,2,3,0
591,TG,Telangana,TG_Medchal Malkajgiri,Medchal Malkajgiri,22,18,3,1
592,TG,Telangana,TG_Mulugu,Mulugu,2,0,2,0
593,TG,Telangana,TG_Nagarkurnool,Nagarkurnool,2,0,2,0
594,TG,Telangana,TG_Nalgonda,Nalgonda,17,6,11,0
595,TG,Telangana,TG_Narayanpet,Narayanpet,1,0,0,1
596,TG,Telangana,TG_Nirmal,Nirmal,20,9,11,0
597,TG,Telangana,TG_Nizamabad,Nizamabad,61,34,27,0
598,TG,Telangana,TG_Peddapalli,Peddapalli,2,1,1,0
599,TG,Telangana,TG_Rajanna Sircilla,Rajanna Sircilla,3,3,0,0
600,TG,Telangana,TG_Ranga Reddy,Ranga Reddy,33,21,10,2
601,TG,Telangana,TG_Sangareddy,Sangareddy,7,2,5,0
602,TG,Telangana,TG_Siddipet,Siddipet,1,0,1,0
603,TG,Telangana,TG_Suryapet,Suryapet,83,79,4,0
604,TG,Telangana,TG_Vikarabad,Vikarabad,37,30,6,1
605,TG,Telangana,TG_Wanaparthy,Wanaparthy,0,0,0,0
606,TG,Telangana,TG_Warangal Rural,Warangal Rural,0,0,0,0
607,TG,Telangana,TG_Warangal Urban,Warangal Urban,27,5,22,0
608,TG,Telangana,TG_Yadadri Bhuvanagiri,Yadadri Bhuvanagiri,0,0,0,0
609,TR,Tripura,TR_Dhalai,Dhalai,,0,,
610,TR,Tripura,TR_Gomati,Gomati,1,0,1,
611,TR,Tripura,TR_Khowai,Khowai,,0,,
612,TR,Tripura,TR_North Tripura,North Tripura,1,0,1,
613,TR,Tripura,TR_Sipahijala,Sipahijala,,0,,
614,TR,Tripura,TR_South Tripura,South Tripura,,0,,
615,TR,Tripura,TR_Unokoti,Unokoti,,0,,
616,TR,Tripura,TR_West Tripura,West Tripura,,0,,
617,UP,Uttar Pradesh,UP_Agra,Agra,372,313,49,10
618,UP,Uttar Pradesh,UP_Aligarh,Aligarh,13,12,,1
619,UP,Uttar Pradesh,UP_Ambedkar Nagar,Ambedkar Nagar,,0,,
620,UP,Uttar Pradesh,UP_Amethi,Amethi,,0,,
621,UP,Uttar Pradesh,UP_Amroha,Amroha,25,25,,
622,UP,Uttar Pradesh,UP_Auraiya,Auraiya,10,10,,
623,UP,Uttar Pradesh,UP_Azamgarh,Azamgarh,8,5,3,
624,UP,Uttar Pradesh,UP_Baghpat,Baghpat,15,14,1,
625,UP,Uttar Pradesh,UP_Bahraich,Bahraich,9,9,,
626,UP,Uttar Pradesh,UP_Ballia,Ballia,,0,,
627,UP,Uttar Pradesh,UP_Balrampur,Balrampur,1,1,,
628,UP,Uttar Pradesh,UP_Banda,Banda,3,3,,
629,UP,Uttar Pradesh,UP_Barabanki,Barabanki,1,0,1,
630,UP,Uttar Pradesh,UP_Bareilly,Bareilly,6,0,6,
631,UP,Uttar Pradesh,UP_Basti,Basti,23,17,5,1
632,UP,Uttar Pradesh,UP_Bhadohi,Bhadohi,1,1,,
633,UP,Uttar Pradesh,UP_Bijnor,Bijnor,29,29,,
634,UP,Uttar Pradesh,UP_Budaun,Budaun,14,13,1,
635,UP,Uttar Pradesh,UP_Bulandshahr,Bulandshahr,38,32,5,1
636,UP,Uttar Pradesh,UP_Chandauli,Chandauli,,0,,
637,UP,Uttar Pradesh,UP_Chitrakoot,Chitrakoot,,0,,
638,UP,Uttar Pradesh,UP_Deoria,Deoria,,0,,
639,UP,Uttar Pradesh,UP_Etah,Etah,3,3,,
640,UP,Uttar Pradesh,UP_Etawah,Etawah,2,2,,
642,UP,Uttar Pradesh,UP_Farrukhabad,Farrukhabad,,0,,
643,UP,Uttar Pradesh,UP_Fatehpur,Fatehpur,,0,,
644,UP,Uttar Pradesh,UP_Firozabad,Firozabad,83,79,3,1
645,UP,Uttar Pradesh,UP_Gautam Buddha Nagar,Gautam Buddha Nagar,117,46,71,
646,UP,Uttar Pradesh,UP_Ghaziabad,Ghaziabad,58,42,16,
647,UP,Uttar Pradesh,UP_Ghazipur,Ghazipur,6,1,5,
648,UP,Uttar Pradesh,UP_Gonda,Gonda,1,1,,
649,UP,Uttar Pradesh,UP_Gorakhpur,Gorakhpur,,0,,
650,UP,Uttar Pradesh,UP_Hamirpur,Hamirpur,,0,,
651,UP,Uttar Pradesh,UP_Hapur,Hapur,25,25,,
652,UP,Uttar Pradesh,UP_Hardoi,Hardoi,2,0,2,
653,UP,Uttar Pradesh,UP_Hathras,Hathras,4,0,4,
654,UP,Uttar Pradesh,UP_Jalaun,Jalaun,1,1,,
655,UP,Uttar Pradesh,UP_Jaunpur,Jaunpur,5,1,4,
656,UP,Uttar Pradesh,UP_Jhansi,Jhansi,,0,,
657,UP,Uttar Pradesh,UP_Kannauj,Kannauj,7,7,,
658,UP,Uttar Pradesh,UP_Kanpur Dehat,Kanpur Dehat,,0,,
659,UP,Uttar Pradesh,UP_Kanpur Nagar,Kanpur Nagar,170,160,7,3
660,UP,Uttar Pradesh,UP_Kasganj,Kasganj,3,3,,
661,UP,Uttar Pradesh,UP_Kaushambi,Kaushambi,2,0,2,
662,UP,Uttar Pradesh,UP_Lakhimpur Kheri,Lakhimpur Kheri,4,0,4,
663,UP,Uttar Pradesh,UP_Kushinagar,Kushinagar,,0,,
664,UP,Uttar Pradesh,UP_Lalitpur,Lalitpur,,0,,
665,UP,Uttar Pradesh,UP_Lucknow,Lucknow,194,163,30,1
666,UP,Uttar Pradesh,UP_Mahoba,Mahoba,,0,,
667,UP,Uttar Pradesh,UP_Maharajganj,Maharajganj,6,0,6,
668,UP,Uttar Pradesh,UP_Mainpuri,Mainpuri,5,5,,
669,UP,Uttar Pradesh,UP_Mathura,Mathura,10,10,,
670,UP,Uttar Pradesh,UP_Mau,Mau,1,1,,
671,UP,Uttar Pradesh,UP_Meerut,Meerut,89,48,36,5
672,UP,Uttar Pradesh,UP_Mirzapur,Mirzapur,3,3,,
673,UP,Uttar Pradesh,UP_Moradabad,Moradabad,101,94,1,6
674,UP,Uttar Pradesh,UP_Muzaffarnagar,Muzaffarnagar,18,15,3,
675,UP,Uttar Pradesh,UP_Pilibhit,Pilibhit,2,0,2,
676,UP,Uttar Pradesh,UP_Pratapgarh,Pratapgarh,6,0,6,
677,UP,Uttar Pradesh,UP_Prayagraj,Prayagraj,4,3,1,
678,UP,Uttar Pradesh,UP_Rae Bareli,Rae Bareli,43,43,,
679,UP,Uttar Pradesh,UP_Rampur,Rampur,20,16,4,
680,UP,Uttar Pradesh,UP_Saharanpur,Saharanpur,181,171,10,
681,UP,Uttar Pradesh,UP_Sambhal,Sambhal,13,13,,
682,UP,Uttar Pradesh,UP_Sant Kabir Nagar,Sant Kabir Nagar,21,21,,
683,UP,Uttar Pradesh,UP_Shahjahanpur,Shahjahanpur,1,0,1,
684,UP,Uttar Pradesh,UP_Shamli,Shamli,27,9,18,
685,UP,Uttar Pradesh,UP_Shrawasti,Shrawasti,5,5,,
686,UP,Uttar Pradesh,UP_Siddharthnagar,Siddharthnagar,,0,,
687,UP,Uttar Pradesh,UP_Sitapur,Sitapur,20,8,12,
688,UP,Uttar Pradesh,UP_Sonbhadra,Sonbhadra,,0,,
689,UP,Uttar Pradesh,UP_Sultanpur,Sultanpur,3,3,,
690,UP,Uttar Pradesh,UP_Unnao,Unnao,1,1,,
691,UP,Uttar Pradesh,UP_Varanasi,Varanasi,37,28,8,1
765,UP,Uttar Pradesh,UP_Ayodhya,Ayodhya,1,1,,
692,UT,Uttarakhand,UT_Almora,Almora,1,0,1,
693,UT,Uttarakhand,UT_Bageshwar,Bageshwar,,0,,
694,UT,Uttarakhand,UT_Chamoli,Chamoli,,0,,
695,UT,Uttarakhand,UT_Champawat,Champawat,,0,,
696,UT,Uttarakhand,UT_Dehradun,Dehradun,28,16,14,
697,UT,Uttarakhand,UT_Haridwar,Haridwar,7,7,,
698,UT,Uttarakhand,UT_Nainital,Nainital,10,4,6,
699,UT,Uttarakhand,UT_Pauri Garhwal,Pauri Garhwal,1,0,1,
700,UT,Uttarakhand,UT_Pithoragarh,Pithoragarh,,0,,
701,UT,Uttarakhand,UT_Rudraprayag,Rudraprayag,,0,,
702,UT,Uttarakhand,UT_Tehri Garhwal,Tehri Garhwal,,0,,
703,UT,Uttarakhand,UT_Udham Singh Nagar,Udham Singh Nagar,4,0,4,
704,UT,Uttarakhand,UT_Uttarkashi,Uttarkashi,,0,,
705,WB,West Bengal,WB_Alipurduar,Alipurduar,,0,,
706,WB,West Bengal,WB_Bankura,Bankura,,0,,
707,WB,West Bengal,WB_Birbhum,Birbhum,,0,,
708,WB,West Bengal,WB_Cooch Behar,Cooch Behar,,0,,
709,WB,West Bengal,WB_Dakshin Dinajpur,Dakshin Dinajpur,,0,,
710,WB,West Bengal,WB_Darjeeling,Darjeeling,4,4,,
711,WB,West Bengal,WB_Hooghly,Hooghly,12,12,,
712,WB,West Bengal,WB_Howrah,Howrah,79,79,,
713,WB,West Bengal,WB_Jalpaiguri,Jalpaiguri,5,5,,
714,WB,West Bengal,WB_Jhargram,Jhargram,,0,,
715,WB,West Bengal,WB_Kalimpong,Kalimpong,7,7,,
716,WB,West Bengal,WB_Kolkata,Kolkata,184,184,,
717,WB,West Bengal,WB_Malda,Malda,,0,,
724,WB,West Bengal,WB_Purba Medinipur,Purba Medinipur,22,22,,
718,WB,West Bengal,WB_Paschim Medinipur,Paschim Medinipur,,0,,
719,WB,West Bengal,WB_Murshidabad,Murshidabad,2,2,,
720,WB,West Bengal,WB_Nadia,Nadia,6,6,,
721,WB,West Bengal,WB_North 24 Parganas,North 24 Parganas,47,47,,
722,WB,West Bengal,WB_Paschim Bardhaman,Paschim Bardhaman,7,7,,
723,WB,West Bengal,WB_Purba Bardhaman,Purba Bardhaman,1,1,,
725,WB,West Bengal,WB_Purulia,Purulia,,0,,
726,WB,West Bengal,WB_South 24 Parganas,South 24 Parganas,12,12,,
727,WB,West Bengal,WB_Uttar Dinajpur,Uttar Dinajpur,,0,,
0,WB,West Bengal,WB_Other State,Other State,,,,