SlNo,State_Code,State,District_Key,District,Confirmed,Active,Recovered,Deceased,Migrated_Other,Delta_Confirmed,Delta_Active,Delta_Recovered,Delta_Deceased,District_Notes,Last_Updated
0,UN,State Unassigned,UN_Unassigned,Unassigned,0,0,0,0,0,0,0,0,0,,
1,AN,Andaman and Nicobar Islands,AN_Nicobars,Nicobars,0,0,0,0,0,0,0,0,0,District-wise numbers are out-dated as cumulative counts for each district are not reported in bulletin,
2,AN,Andaman and Nicobar Islands,AN_North and Middle Andaman,North and Middle Andaman,1,0,1,0,0,0,0,0,0,District-wise numbers are out-dated as cumulative counts for each district are not reported in bulletin,
3,AN,Andaman and Nicobar Islands,AN_South Andaman,South Andaman,51,19,32,0,0,0,0,0,0,District-wise numbers are out-dated as cumulative counts for each district are not reported in bulletin,
0,AP,Andhra Pradesh,AP_Foreign Evacuees,Foreign Evacuees,434,0,434,0,0,0,0,0,0,,
4,AP,Andhra Pradesh,AP_Anantapur,Anantapur,157103,124,155888,1091,0,35,4,31,0,,
5,AP,Andhra Pradesh,AP_Chittoor,Chittoor,237702,2060,233802,1840,0,255,92,160,3,,
6,AP,Andhra Pradesh,AP_East Godavari,East Godavari,285424,2284,281884,1256,0,232,60,171,1,,
7,AP,Andhra Pradesh,AP_Guntur,Guntur,172297,1001,170116,1180,0,127,-31,155,3,,
8,AP,Andhra Pradesh,AP_Krishna,Krishna,113549,2199,110047,1303,0,159,33,122,4,,
9,AP,Andhra Pradesh,AP_Kurnool,Kurnool,123772,98,122825,849,0,4,-9,13,0,,
0,AP,Andhra Pradesh,AP_Other State,Other State,2461,0,2461,0,0,0,0,0,0,,
10,AP,Andhra Pradesh,AP_Prakasam,Prakasam,133444,1801,130597,1046,0,112,75,35,2,,
11,AP,Andhra Pradesh,AP_S.P.S. Nellore,S.P.S. Nellore,139969,2204,136765,1000,0,164,1,160,3,,
12,AP,Andhra Pradesh,AP_Srikakulam,Srikakulam,121958,392,120788,778,0,34,0,34,0,,
13,AP,Andhra Pradesh,AP_Visakhapatnam,Visakhapatnam,154843,573,153166,1104,0,83,-32,113,2,,
14,AP,Andhra Pradesh,AP_Vizianagaram,Vizianagaram,82404,413,81322,669,0,48,2,46,0,,
15,AP,Andhra Pradesh,AP_West Godavari,West Godavari,174248,1461,171707,1080,0,212,71,141,0,,
16,AP,Andhra Pradesh,AP_Y.S.R. Kadapa,Y.S.R. Kadapa,112515,569,111317,629,0,92,60,32,0,,
17,AR,Arunachal Pradesh,AR_Anjaw,Anjaw,1028,18,1007,3,0,0,0,0,0,,
18,AR,Arunachal Pradesh,AR_Changlang,Changlang,3704,26,3657,21,0,0,-6,6,0,,
19,AR,Arunachal Pradesh,AR_East Kameng,East Kameng,1079,6,1073,0,0,0,0,0,0,,
20,AR,Arunachal Pradesh,AR_East Siang,East Siang,3054,54,2983,17,0,0,-11,11,0,,
21,AR,Arunachal Pradesh,AR_Kamle,Kamle,500,19,481,0,0,0,0,0,0,,
22,AR,Arunachal Pradesh,AR_Kra Daadi,Kra Daadi,265,3,262,0,0,0,-1,1,0,,
23,AR,Arunachal Pradesh,AR_Kurung Kumey,Kurung Kumey,509,1,507,1,0,0,0,0,0,,
24,AR,Arunachal Pradesh,AR_Lepa Rada,Lepa Rada,840,23,815,2,0,3,-12,15,0,,
25,AR,Arunachal Pradesh,AR_Lohit,Lohit,2752,39,2687,26,0,2,-3,5,0,,
26,AR,Arunachal Pradesh,AR_Longding,Longding,736,2,732,2,0,0,0,0,0,,
27,AR,Arunachal Pradesh,AR_Lower Dibang Valley,Lower Dibang Valley,2231,46,2175,10,0,1,-2,3,0,,
28,AR,Arunachal Pradesh,AR_Lower Siang,Lower Siang,734,15,711,8,0,0,-5,5,0,,
29,AR,Arunachal Pradesh,AR_Lower Subansiri,Lower Subansiri,2823,103,2709,11,0,12,-3,15,0,,
30,AR,Arunachal Pradesh,AR_Namsai,Namsai,1990,12,1962,16,0,0,-2,2,0,,
31,AR,Arunachal Pradesh,AR_Pakke Kessang,Pakke Kessang,420,17,403,0,0,0,-1,1,0,,
32,AR,Arunachal Pradesh,AR_Papum Pare,Papum Pare,17826,265,17469,92,0,17,-32,49,0,,
33,AR,Arunachal Pradesh,AR_Shi Yomi,Shi Yomi,231,5,226,0,0,0,0,0,0,,
34,AR,Arunachal Pradesh,AR_Siang,Siang,408,5,400,3,0,0,-1,1,0,,
35,AR,Arunachal Pradesh,AR_Tawang,Tawang,2364,32,2314,18,0,1,-3,4,0,,
36,AR,Arunachal Pradesh,AR_Tirap,Tirap,1025,10,1012,3,0,0,-2,2,0,,
37,AR,Arunachal Pradesh,AR_Upper Dibang Valley,Upper Dibang Valley,316,25,289,2,0,0,0,0,0,,
38,AR,Arunachal Pradesh,AR_Upper Siang,Upper Siang,960,68,891,1,0,0,-10,10,0,,
39,AR,Arunachal Pradesh,AR_Upper Subansiri,Upper Subansiri,1947,19,1922,6,0,0,-3,3,0,,
40,AR,Arunachal Pradesh,AR_West Kameng,West Kameng,3331,105,3213,13,0,3,3,0,0,,
41,AR,Arunachal Pradesh,AR_West Siang,West Siang,1797,48,1744,5,0,0,-3,3,0,,
0,AS,Assam,AS_Airport Quarantine,Airport Quarantine,13,0,13,0,0,0,0,0,0,,
42,AS,Assam,AS_Baksa,Baksa,6176,5671,447,58,0,4,4,0,0,,
43,AS,Assam,AS_Barpeta,Barpeta,12228,11041,1024,163,0,5,5,0,0,,
44,AS,Assam,AS_Biswanath,Biswanath,8805,8374,379,52,0,9,9,0,0,,
45,AS,Assam,AS_Bongaigaon,Bongaigaon,6324,5421,834,69,0,3,3,0,0,,
46,AS,Assam,AS_Cachar,Cachar,24019,22329,1498,192,0,13,12,0,1,,
47,AS,Assam,AS_Charaideo,Charaideo,3576,3421,105,50,0,4,4,0,0,,
48,AS,Assam,AS_Chirang,Chirang,2676,2420,219,37,0,0,0,0,0,,
49,AS,Assam,AS_Darrang,Darrang,10514,8680,1730,104,0,9,9,0,0,,
50,AS,Assam,AS_Dhemaji,Dhemaji,7477,6994,440,43,0,6,6,0,0,,
51,AS,Assam,AS_Dhubri,Dhubri,7905,6637,1215,53,0,0,0,0,0,,
52,AS,Assam,AS_Dibrugarh,Dibrugarh,33488,30699,2409,380,0,20,20,0,0,,
53,AS,Assam,AS_Dima Hasao,Dima Hasao,3242,3028,199,15,0,5,5,0,0,,
54,AS,Assam,AS_Goalpara,Goalpara,10713,38,568,85,0,2,2,0,0,,
55,AS,Assam,AS_Golaghat,Golaghat,22517,20631,1656,230,0,13,13,0,0,,
56,AS,Assam,AS_Hailakandi,Hailakandi,6109,4959,1116,34,0,0,0,0,0,,
57,AS,Assam,AS_Hojai,Hojai,7243,5975,1160,108,0,7,6,0,1,,
58,AS,Assam,AS_Jorhat,Jorhat,23738,21701,1752,285,0,28,28,0,0,,
59,AS,Assam,AS_Kamrup,Kamrup,31746,29416,2074,256,0,6,6,0,0,,
60,AS,Assam,AS_Kamrup Metropolitan,Kamrup Metropolitan,104401,88214,15370,817,0,74,73,0,1,,
61,AS,Assam,AS_Karbi Anglong,Karbi Anglong,6986,6325,552,109,0,2,2,0,0,,
62,AS,Assam,AS_Karimganj,Karimganj,7821,6780,955,86,0,6,6,0,0,,
63,AS,Assam,AS_Kokrajhar,Kokrajhar,5435,5020,353,62,0,2,2,0,0,,
64,AS,Assam,AS_Lakhimpur,Lakhimpur,14466,13231,1135,100,0,7,7,0,0,,
65,AS,Assam,AS_Majuli,Majuli,1911,1819,80,12,0,2,2,0,0,,
66,AS,Assam,AS_Morigaon,Morigaon,13222,12595,557,70,0,5,5,0,0,,
67,AS,Assam,AS_Nagaon,Nagaon,24020,21319,2506,195,0,4,4,0,0,,
68,AS,Assam,AS_Nalbari,Nalbari,10131,9195,828,108,0,21,21,0,0,,
0,AS,Assam,AS_Other State,Other State,192,191,1,0,0,0,0,0,0,,
69,AS,Assam,AS_Sivasagar,Sivasagar,10418,9776,473,169,0,23,23,0,0,,
70,AS,Assam,AS_Sonitpur,Sonitpur,20247,18308,1727,212,0,10,10,0,0,,
71,AS,Assam,AS_South Salmara Mankachar,South Salmara Mankachar,1845,1782,47,16,0,0,0,0,0,,
72,AS,Assam,AS_Tinsukia,Tinsukia,19590,17544,1798,248,0,2,2,0,0,,
73,AS,Assam,AS_Udalguri,Udalguri,5558,4819,666,73,0,1,0,0,1,,
74,AS,Assam,AS_West Karbi Anglong,West Karbi Anglong,1295,1252,37,6,0,0,0,0,0,,
75,BR,Bihar,BR_Araria,Araria,14969,3,14850,116,0,0,0,0,0,,
76,BR,Bihar,BR_Arwal,Arwal,7381,2,7305,74,0,0,0,0,0,,
77,BR,Bihar,BR_Aurangabad,Aurangabad,20011,0,19936,75,0,0,0,0,0,,
78,BR,Bihar,BR_Banka,Banka,7379,0,7267,112,0,0,0,0,0,,
79,BR,Bihar,BR_Begusarai,Begusarai,27185,1,26727,457,0,0,0,0,0,,
80,BR,Bihar,BR_Bhagalpur,Bhagalpur,25832,2,25521,309,0,1,1,0,0,,
81,BR,Bihar,BR_Bhojpur,Bhojpur,10182,4,10019,159,0,0,-1,1,0,,
82,BR,Bihar,BR_Buxar,Buxar,9248,0,9066,182,0,0,0,0,0,,
83,BR,Bihar,BR_Darbhanga,Darbhanga,10921,5,10549,367,0,0,0,0,0,,
101,BR,Bihar,BR_East Champaran,East Champaran,19008,6,18572,430,0,1,1,0,0,,
84,BR,Bihar,BR_Gaya,Gaya,33943,0,33664,279,0,0,0,0,0,,
85,BR,Bihar,BR_Gopalganj,Gopalganj,16675,0,16581,94,0,0,0,0,0,,
86,BR,Bihar,BR_Jamui,Jamui,9415,2,9307,106,0,0,0,0,0,,
87,BR,Bihar,BR_Jehanabad,Jehanabad,10775,0,10666,109,0,0,0,0,0,,
88,BR,Bihar,BR_Kaimur,Kaimur,4983,0,4836,147,0,0,0,0,0,,
89,BR,Bihar,BR_Katihar,Katihar,18135,1,18040,94,0,0,-3,3,0,,
90,BR,Bihar,BR_Khagaria,Khagaria,10059,2,9969,88,0,0,0,0,0,,
91,BR,Bihar,BR_Kishanganj,Kishanganj,10111,2,10043,66,0,0,0,0,0,,
92,BR,Bihar,BR_Lakhisarai,Lakhisarai,7773,0,7671,102,0,0,0,0,0,,
93,BR,Bihar,BR_Madhepura,Madhepura,12537,10,12416,111,0,2,2,0,0,,
94,BR,Bihar,BR_Madhubani,Madhubani,18342,1,18003,338,0,0,0,0,0,,
95,BR,Bihar,BR_Munger,Munger,15104,0,14946,158,0,0,0,0,0,,
96,BR,Bihar,BR_Muzaffarpur,Muzaffarpur,31392,2,30769,621,0,0,0,0,0,,
97,BR,Bihar,BR_Nalanda,Nalanda,23429,2,22959,468,0,0,0,0,0,,
98,BR,Bihar,BR_Nawada,Nawada,10350,3,10169,178,0,0,0,0,0,,
100,BR,Bihar,BR_Patna,Patna,146891,19,144540,2332,0,3,-1,4,0,,
102,BR,Bihar,BR_Purnia,Purnia,24420,2,24238,180,0,2,2,0,0,,
103,BR,Bihar,BR_Rohtas,Rohtas,13971,5,13696,270,0,1,1,0,0,,
104,BR,Bihar,BR_Saharsa,Saharsa,17615,19,17462,134,0,0,0,0,0,,
105,BR,Bihar,BR_Samastipur,Samastipur,20003,6,19842,155,0,0,-1,1,0,,
106,BR,Bihar,BR_Saran,Saran,23272,2,23015,255,0,0,0,0,0,,
107,BR,Bihar,BR_Sheikhpura,Sheikhpura,7692,1,7616,75,0,0,0,0,0,,
108,BR,Bihar,BR_Sheohar,Sheohar,4398,1,4361,36,0,0,0,0,0,,
109,BR,Bihar,BR_Sitamarhi,Sitamarhi,9179,2,9050,127,0,0,-1,1,0,,
110,BR,Bihar,BR_Siwan,Siwan,15195,0,15025,170,0,0,0,0,0,,
111,BR,Bihar,BR_Supaul,Supaul,17211,1,17081,129,0,0,0,0,0,,
112,BR,Bihar,BR_Vaishali,Vaishali,19821,6,19622,192,1,1,1,0,0,,
99,BR,Bihar,BR_West Champaran,West Champaran,20887,0,20529,358,0,0,0,0,0,,
113,CH,Chandigarh,CH_Chandigarh,Chandigarh,65093,38,64242,813,0,6,0,6,0,,
0,CT,Chhattisgarh,CT_Other State,Other State,769,1,637,131,0,0,0,0,0,,
114,CT,Chhattisgarh,CT_Balod,Balod,27264,6,26862,396,0,0,0,0,0,,
115,CT,Chhattisgarh,CT_Baloda Bazar,Baloda Bazar,43029,16,42543,470,0,3,2,1,0,,
116,CT,Chhattisgarh,CT_Balrampur,Balrampur,20291,8,20165,118,0,0,0,0,0,,
117,CT,Chhattisgarh,CT_Bametara,Bametara,19946,1,19709,236,0,0,0,0,0,,
118,CT,Chhattisgarh,CT_Bastar,Bastar,21010,30,20792,188,0,1,-3,4,0,,
119,CT,Chhattisgarh,CT_Bijapur,Bijapur,8292,16,8221,55,0,0,-1,1,0,,
120,CT,Chhattisgarh,CT_Bilaspur,Bilaspur,65515,28,64280,1207,0,1,-5,6,0,,
121,CT,Chhattisgarh,CT_Dakshin Bastar Dantewada,Dakshin Bastar Dantewada,10772,14,10734,24,0,1,0,1,0,,
122,CT,Chhattisgarh,CT_Dhamtari,Dhamtari,27210,10,26655,545,0,1,1,0,0,,
123,CT,Chhattisgarh,CT_Durg,Durg,96697,32,94870,1795,0,1,-2,3,0,,
124,CT,Chhattisgarh,CT_Gariaband,Gariaband,19686,10,19482,194,0,0,-1,1,0,,
125,CT,Chhattisgarh,CT_Janjgir Champa,Janjgir Champa,57515,36,56647,832,0,4,0,4,0,,
126,CT,Chhattisgarh,CT_Jashpur,Jashpur,27016,49,26755,212,0,1,-4,5,0,,
127,CT,Chhattisgarh,CT_Kabeerdham,Kabeerdham,22770,0,22503,267,0,0,0,0,0,,
128,CT,Chhattisgarh,CT_Kondagaon,Kondagaon,13088,8,12981,99,0,0,0,0,0,,
129,CT,Chhattisgarh,CT_Korba,Korba,54676,64,54036,576,0,2,2,0,0,,
130,CT,Chhattisgarh,CT_Koriya,Koriya,26942,17,26750,175,0,0,-2,2,0,,
131,CT,Chhattisgarh,CT_Mahasamund,Mahasamund,31336,3,30968,365,0,0,-3,3,0,,
132,CT,Chhattisgarh,CT_Mungeli,Mungeli,23900,4,23729,167,0,0,0,0,0,,
133,CT,Chhattisgarh,CT_Narayanpur,Narayanpur,4014,7,3993,14,0,0,0,0,0,,
134,CT,Chhattisgarh,CT_Raigarh,Raigarh,62510,14,61518,978,0,1,-3,4,0,,
135,CT,Chhattisgarh,CT_Raipur,Raipur,157867,47,154681,3139,0,1,-5,6,0,,
136,CT,Chhattisgarh,CT_Rajnandgaon,Rajnandgaon,56021,8,55499,514,0,1,1,0,0,,
137,CT,Chhattisgarh,CT_Sukma,Sukma,8007,22,7965,20,0,0,-3,3,0,,
138,CT,Chhattisgarh,CT_Surajpur,Surajpur,29020,3,28793,224,0,0,0,0,0,,
139,CT,Chhattisgarh,CT_Surguja,Surguja,33660,14,33401,245,0,0,0,0,0,,
140,CT,Chhattisgarh,CT_Uttar Bastar Kanker,Uttar Bastar Kanker,23568,11,23334,223,0,0,-5,5,0,,
766,CT,Chhattisgarh,CT_Gaurela Pendra Marwahi,Gaurela Pendra Marwahi,12007,1,11860,146,0,1,1,0,0,,
144,DL,Delhi,DL_Central Delhi,Central Delhi,184,184,0,0,0,0,0,0,0,District-wise numbers are out-dated as cumulative counts for each district are not reported in bulletin,
145,DL,Delhi,DL_East Delhi,East Delhi,38,38,0,0,0,0,0,0,0,District-wise numbers are out-dated as cumulative counts for each district are not reported in bulletin,
146,DL,Delhi,DL_New Delhi,New Delhi,37,37,0,0,0,0,0,0,0,District-wise numbers are out-dated as cumulative counts for each district are not reported in bulletin,
147,DL,Delhi,DL_North Delhi,North Delhi,60,60,0,0,0,0,0,0,0,District-wise numbers are out-dated as cumulative counts for each district are not reported in bulletin,
148,DL,Delhi,DL_North East Delhi,North East Delhi,25,25,0,0,0,0,0,0,0,District-wise numbers are out-dated as cumulative counts for each district are not reported in bulletin,
149,DL,Delhi,DL_North West Delhi,North West Delhi,32,31,0,1,0,0,0,0,0,District-wise numbers are out-dated as cumulative counts for each district are not reported in bulletin,
150,DL,Delhi,DL_Shahdara,Shahdara,48,48,0,0,0,0,0,0,0,District-wise numbers are out-dated as cumulative counts for each district are not reported in bulletin,
151,DL,Delhi,DL_South Delhi,South Delhi,70,70,0,0,0,0,0,0,0,District-wise numbers are out-dated as cumulative counts for each district are not reported in bulletin,
152,DL,Delhi,DL_South East Delhi,South East Delhi,130,130,0,0,0,0,0,0,0,District-wise numbers are out-dated as cumulative counts for each district are not reported in bulletin,
153,DL,Delhi,DL_South West Delhi,South West Delhi,42,42,0,0,0,0,0,0,0,District-wise numbers are out-dated as cumulative counts for each district are not reported in bulletin,
154,DL,Delhi,DL_West Delhi,West Delhi,122,122,0,0,0,0,0,0,0,District-wise numbers are out-dated as cumulative counts for each district are not reported in bulletin,
0,DN,Dadra and Nagar Haveli and Daman and Diu,DN_Other State,Other State,0,0,0,0,0,0,0,0,0,,
141,DN,Dadra and Nagar Haveli and Daman and Diu,DN_Dadra and Nagar Haveli,Dadra and Nagar Haveli,5912,6,5898,3,5,0,0,0,0,,
142,DN,Dadra and Nagar Haveli and Daman and Diu,DN_Daman,Daman,3536,0,3509,1,26,0,0,0,0,,
143,DN,Dadra and Nagar Haveli and Daman and Diu,DN_Diu,Diu,1218,0,1218,0,0,0,0,0,0,,
0,GA,Goa,GA_Other State,Other State,200,9,190,1,0,0,0,0,0,District-wise numbers are out-dated as cumulative counts for each district are not reported in bulletin,
155,GA,Goa,GA_North Goa,North Goa,2668,1639,964,65,0,0,0,0,0,District-wise numbers are out-dated as cumulative counts for each district are not reported in bulletin,
156,GA,Goa,GA_South Goa,South Goa,3511,1978,1407,126,0,0,0,0,0,District-wise numbers are out-dated as cumulative counts for each district are not reported in bulletin,
0,GJ,Gujarat,GJ_Other State,Other State,162,0,159,3,0,0,0,0,0,,
157,GJ,Gujarat,GJ_Ahmedabad,Ahmedabad,238099,38,234650,3411,0,3,1,2,0,,
158,GJ,Gujarat,GJ_Amreli,Amreli,10807,-2,10707,102,0,0,-2,2,0,,
159,GJ,Gujarat,GJ_Anand,Anand,9627,1,9577,49,0,0,0,0,0,,
160,GJ,Gujarat,GJ_Aravalli,Aravalli,5186,2,5106,78,0,0,0,0,0,,
161,GJ,Gujarat,GJ_Banaskantha,Banaskantha,13631,0,13469,162,0,0,0,0,0,,
162,GJ,Gujarat,GJ_Bharuch,Bharuch,11426,0,11308,118,0,0,0,0,0,,
163,GJ,Gujarat,GJ_Bhavnagar,Bhavnagar,21424,10,21114,300,0,1,1,0,0,,
164,GJ,Gujarat,GJ_Botad,Botad,2218,1,2175,42,0,0,0,0,0,,
165,GJ,Gujarat,GJ_Chhota Udaipur,Chhota Udaipur,3395,0,3357,38,0,0,0,0,0,,
167,GJ,Gujarat,GJ_Dahod,Dahod,9955,9,9908,38,0,0,0,0,0,,
187,GJ,Gujarat,GJ_Dang,Dang,864,0,846,18,0,0,0,0,0,,
166,GJ,Gujarat,GJ_Devbhumi Dwarka,Devbhumi Dwarka,4173,0,4091,82,0,0,0,0,0,,
168,GJ,Gujarat,GJ_Gandhinagar,Gandhinagar,20745,5,20535,205,0,0,0,0,0,,
169,GJ,Gujarat,GJ_Gir Somnath,Gir Somnath,8558,0,8491,67,0,0,0,0,0,,
170,GJ,Gujarat,GJ_Jamnagar,Jamnagar,34957,5,34474,478,0,1,1,0,0,,
171,GJ,Gujarat,GJ_Junagadh,Junagadh,20478,1,20206,271,0,0,0,0,0,,
173,GJ,Gujarat,GJ_Kheda,Kheda,10422,0,10374,48,0,0,0,0,0,,
172,GJ,Gujarat,GJ_Kutch,Kutch,12594,6,12443,145,0,0,-1,1,0,,
175,GJ,Gujarat,GJ_Mahisagar,Mahisagar,8193,2,8119,72,0,0,0,0,0,,
174,GJ,Gujarat,GJ_Mehsana,Mehsana,24414,1,24236,177,0,0,0,0,0,,
176,GJ,Gujarat,GJ_Morbi,Morbi,6502,0,6415,87,0,0,0,0,0,,
177,GJ,Gujarat,GJ_Narmada,Narmada,5953,1,5937,15,0,0,0,0,0,,
178,GJ,Gujarat,GJ_Navsari,Navsari,7157,0,7133,24,0,0,0,0,0,,
179,GJ,Gujarat,GJ_Panchmahal,Panchmahal,11770,0,11700,70,0,0,0,0,0,,
180,GJ,Gujarat,GJ_Patan,Patan,11624,0,11495,129,0,0,0,0,0,,
181,GJ,Gujarat,GJ_Porbandar,Porbandar,3479,0,3460,19,0,0,0,0,0,,
182,GJ,Gujarat,GJ_Rajkot,Rajkot,57932,5,57202,725,0,1,1,0,0,,
183,GJ,Gujarat,GJ_Sabarkantha,Sabarkantha,9315,0,9158,157,0,0,0,0,0,,
184,GJ,Gujarat,GJ_Surat,Surat,143546,18,141573,1955,0,2,-1,3,0,,
185,GJ,Gujarat,GJ_Surendranagar,Surendranagar,8121,0,7985,136,0,0,0,0,0,,
186,GJ,Gujarat,GJ_Tapi,Tapi,4439,1,4415,23,0,1,1,0,0,,
188,GJ,Gujarat,GJ_Vadodara,Vadodara,77987,47,77152,788,0,3,-1,4,0,,
189,GJ,Gujarat,GJ_Valsad,Valsad,6245,0,6196,49,0,0,0,0,0,,
212,HP,Himachal Pradesh,HP_Bilaspur,Bilaspur,13391,105,13204,81,1,3,-14,17,0,,
213,HP,Himachal Pradesh,HP_Chamba,Chamba,13438,213,13066,157,2,8,-11,19,0,,
214,HP,Himachal Pradesh,HP_Hamirpur,Hamirpur,15249,216,14772,260,1,23,-3,26,0,,
215,HP,Himachal Pradesh,HP_Kangra,Kangra,47578,230,46285,1059,4,24,-34,58,0,,
216,HP,Himachal Pradesh,HP_Kinnaur,Kinnaur,3397,33,3326,38,0,0,-7,7,0,,
217,HP,Himachal Pradesh,HP_Kullu,Kullu,9480,100,9218,156,6,5,-5,10,0,,
218,HP,Himachal Pradesh,HP_Lahaul and Spiti,Lahaul and Spiti,2890,40,2832,18,0,4,2,2,0,,
219,HP,Himachal Pradesh,HP_Mandi,Mandi,29736,466,28853,417,0,35,12,22,1,,
220,HP,Himachal Pradesh,HP_Shimla,Shimla,26562,247,25691,620,4,13,-3,16,0,,
221,HP,Himachal Pradesh,HP_Sirmaur,Sirmaur,15433,15,15207,211,0,0,-3,3,0,,
222,HP,Himachal Pradesh,HP_Solan,Solan,22547,51,22182,314,0,4,0,4,0,,
223,HP,Himachal Pradesh,HP_Una,Una,13544,34,13263,245,2,4,2,2,0,,
0,HR,Haryana,HR_Foreign Evacuees,Foreign Evacuees,0,0,0,0,0,0,0,0,0,,
190,HR,Haryana,HR_Ambala,Ambala,30112,7,29596,509,0,0,0,0,0,,
191,HR,Haryana,HR_Bhiwani,Bhiwani,22404,51,21745,608,0,1,0,1,0,,
192,HR,Haryana,HR_Charkhi Dadri,Charkhi Dadri,5070,4,4933,133,0,0,0,0,0,,
193,HR,Haryana,HR_Faridabad,Faridabad,99825,5,99104,716,0,0,-1,1,0,,
194,HR,Haryana,HR_Fatehabad,Fatehabad,17870,5,17400,465,0,1,1,0,0,,
195,HR,Haryana,HR_Gurugram,Gurugram,181063,71,180071,921,0,2,-2,4,0,,
196,HR,Haryana,HR_Hisar,Hisar,53980,99,52839,1042,0,0,-1,0,1,,
0,HR,Haryana,HR_Italians,Italians,0,0,0,0,0,0,0,0,0,,
197,HR,Haryana,HR_Jhajjar,Jhajjar,18839,26,18506,307,0,0,-2,2,0,,
198,HR,Haryana,HR_Jind,Jind,21203,13,20666,524,0,0,0,0,0,,
199,HR,Haryana,HR_Kaithal,Kaithal,11230,22,10869,339,0,0,0,0,0,,
200,HR,Haryana,HR_Karnal,Karnal,40014,34,39433,547,0,0,-2,2,0,,
201,HR,Haryana,HR_Kurukshetra,Kurukshetra,22124,1,21767,356,0,0,0,0,0,,
202,HR,Haryana,HR_Mahendragarh,Mahendragarh,21689,3,21533,153,0,0,0,0,0,,
203,HR,Haryana,HR_Nuh,Nuh,5011,0,4889,122,0,0,0,0,0,,
204,HR,Haryana,HR_Palwal,Palwal,11008,3,10852,153,0,2,1,1,0,,
205,HR,Haryana,HR_Panchkula,Panchkula,30681,37,30270,374,0,1,-2,3,0,,
206,HR,Haryana,HR_Panipat,Panipat,31138,91,30481,566,0,0,0,0,0,,
207,HR,Haryana,HR_Rewari,Rewari,20307,21,20077,209,0,0,-1,1,0,,
208,HR,Haryana,HR_Rohtak,Rohtak,25892,88,25304,500,0,0,-1,1,0,,
209,HR,Haryana,HR_Sirsa,Sirsa,29272,53,28752,467,0,0,-4,4,0,,
210,HR,Haryana,HR_Sonipat,Sonipat,47130,2,46874,254,0,1,1,0,0,,
211,HR,Haryana,HR_Yamunanagar,Yamunanagar,24594,10,24175,409,0,3,2,1,0,,
246,JH,Jharkhand,JH_Bokaro,Bokaro,19418,2,19130,286,0,0,0,0,0,,
247,JH,Jharkhand,JH_Chatra,Chatra,6028,1,5974,53,0,0,0,0,0,,
248,JH,Jharkhand,JH_Deoghar,Deoghar,10816,1,10702,113,0,0,0,0,0,,
249,JH,Jharkhand,JH_Dhanbad,Dhanbad,16535,14,16141,380,0,0,0,0,0,,
250,JH,Jharkhand,JH_Dumka,Dumka,4634,1,4586,47,0,0,0,0,0,,
264,JH,Jharkhand,JH_East Singhbhum,East Singhbhum,51815,10,50762,1043,0,0,0,0,0,,
251,JH,Jharkhand,JH_Garhwa,Garhwa,6886,0,6792,94,0,0,0,0,0,,
252,JH,Jharkhand,JH_Giridih,Giridih,8963,1,8832,130,0,0,0,0,0,,
253,JH,Jharkhand,JH_Godda,Godda,5838,2,5749,87,0,0,0,0,0,,
254,JH,Jharkhand,JH_Gumla,Gumla,9895,0,9857,38,0,0,0,0,0,,
255,JH,Jharkhand,JH_Hazaribagh,Hazaribagh,19585,0,19399,186,0,0,0,0,0,,
256,JH,Jharkhand,JH_Jamtara,Jamtara,5574,11,5503,60,0,0,0,0,0,,
257,JH,Jharkhand,JH_Khunti,Khunti,7803,5,7702,96,0,0,0,0,0,,
258,JH,Jharkhand,JH_Koderma,Koderma,12872,0,12736,136,0,0,0,0,0,,
259,JH,Jharkhand,JH_Latehar,Latehar,7867,1,7809,57,0,0,0,0,0,,
260,JH,Jharkhand,JH_Lohardaga,Lohardaga,6705,0,6617,88,0,0,0,0,0,,
261,JH,Jharkhand,JH_Pakur,Pakur,2551,0,2539,12,0,0,0,0,0,,
262,JH,Jharkhand,JH_Palamu,Palamu,12294,0,12184,110,0,0,0,0,0,,
265,JH,Jharkhand,JH_Ramgarh,Ramgarh,13909,4,13708,197,0,0,0,0,0,,
266,JH,Jharkhand,JH_Ranchi,Ranchi,85605,79,83941,1585,0,0,0,0,0,,
267,JH,Jharkhand,JH_Sahibganj,Sahibganj,4826,2,4782,42,0,0,0,0,0,,
268,JH,Jharkhand,JH_Saraikela-Kharsawan,Saraikela-Kharsawan,7207,6,7134,67,0,0,0,0,0,,
269,JH,Jharkhand,JH_Simdega,Simdega,7192,1,7099,92,0,0,0,0,0,,
263,JH,Jharkhand,JH_West Singhbhum,West Singhbhum,13011,1,12877,133,0,0,0,0,0,,
224,JK,Jammu and Kashmir,JK_Anantnag,Anantnag,16450,40,16205,205,0,4,2,2,0,,
226,JK,Jammu and Kashmir,JK_Bandipora,Bandipora,9627,44,9482,101,0,1,1,0,0,,
227,JK,Jammu and Kashmir,JK_Baramulla,Baramulla,23907,122,23503,282,0,35,29,6,0,,
225,JK,Jammu and Kashmir,JK_Budgam,Budgam,23163,113,22844,206,0,20,14,6,0,,
228,JK,Jammu and Kashmir,JK_Doda,Doda,7553,96,7327,130,0,13,6,6,1,,
229,JK,Jammu and Kashmir,JK_Ganderbal,Ganderbal,10121,59,9984,78,0,6,1,5,0,,
230,JK,Jammu and Kashmir,JK_Jammu,Jammu,53010,96,51772,1142,0,5,2,3,0,,
231,JK,Jammu and Kashmir,JK_Kathua,Kathua,9286,11,9124,151,0,0,0,0,0,,
232,JK,Jammu and Kashmir,JK_Kishtwar,Kishtwar,4775,53,4678,44,0,3,0,3,0,,
233,JK,Jammu and Kashmir,JK_Kulgam,Kulgam,11411,29,11265,117,0,1,-19,20,0,,
234,JK,Jammu and Kashmir,JK_Kupwara,Kupwara,14236,37,14033,166,0,4,-1,5,0,,
235,JK,Jammu and Kashmir,JK_Mirpur,Mirpur,0,0,0,0,0,0,0,0,0,,
236,JK,Jammu and Kashmir,JK_Muzaffarabad,Muzaffarabad,0,0,0,0,0,0,0,0,0,,
237,JK,Jammu and Kashmir,JK_Pulwama,Pulwama,15333,40,15099,194,0,8,-4,12,0,,
238,JK,Jammu and Kashmir,JK_Punch,Punch,6316,17,6202,97,0,1,-2,3,0,,
239,JK,Jammu and Kashmir,JK_Rajouri,Rajouri,11093,36,10822,235,0,2,-3,5,0,,
240,JK,Jammu and Kashmir,JK_Ramban,Ramban,5987,4,5916,67,0,0,0,0,0,,
241,JK,Jammu and Kashmir,JK_Reasi,Reasi,6439,12,6384,43,0,0,0,0,0,,
242,JK,Jammu and Kashmir,JK_Samba,Samba,7136,5,7011,120,0,0,0,0,0,,
243,JK,Jammu and Kashmir,JK_Shopiyan,Shopiyan,5598,7,5533,58,0,1,1,0,0,,
244,JK,Jammu and Kashmir,JK_Srinagar,Srinagar,72327,448,71045,834,0,65,41,24,0,,
245,JK,Jammu and Kashmir,JK_Udhampur,Udhampur,11380,7,11236,137,0,0,-3,3,0,,
270,KA,Karnataka,KA_Bagalkote,Bagalkote,35156,30,34797,329,0,1,1,0,0,,
271,KA,Karnataka,KA_Ballari,Ballari,97564,151,95724,1689,0,3,-2,4,1,,
272,KA,Karnataka,KA_Belagavi,Belagavi,79200,374,77939,887,0,34,-10,44,0,,
274,KA,Karnataka,KA_Bengaluru Rural,Bengaluru Rural,61456,212,60371,873,0,9,-3,11,1,,
273,KA,Karnataka,KA_Bengaluru Urban,Bengaluru Urban,1237286,7343,1213959,15983,1,361,21,334,6,,
275,KA,Karnataka,KA_Bidar,Bidar,24300,2,23897,397,4,0,0,0,0,,
276,KA,Karnataka,KA_Chamarajanagara,Chamarajanagara,32747,116,32127,493,11,13,8,5,0,,
277,KA,Karnataka,KA_Chikkaballapura,Chikkaballapura,43848,52,43372,423,1,0,-5,5,0,,
278,KA,Karnataka,KA_Chikkamagaluru,Chikkamagaluru,49787,740,48664,383,0,26,-43,69,0,,
279,KA,Karnataka,KA_Chitradurga,Chitradurga,36358,254,35901,203,0,22,17,5,0,,
280,KA,Karnataka,KA_Dakshina Kannada,Dakshina Kannada,109609,2416,105626,1562,5,202,-149,348,3,,
281,KA,Karnataka,KA_Davanagere,Davanagere,50756,250,49908,598,0,28,10,18,0,,
282,KA,Karnataka,KA_Dharwad,Dharwad,60722,61,59361,1298,2,6,1,5,0,,
283,KA,Karnataka,KA_Gadag,Gadag,26032,11,25705,316,0,0,-1,1,0,,
284,KA,Karnataka,KA_Hassan,Hassan,109505,1114,107165,1224,2,72,-24,94,2,,
285,KA,Karnataka,KA_Haveri,Haveri,21915,22,21256,637,0,5,4,1,0,,
286,KA,Karnataka,KA_Kalaburagi,Kalaburagi,61790,92,60879,819,0,5,1,4,0,,
287,KA,Karnataka,KA_Kodagu,Kodagu,35178,580,34284,314,0,86,29,56,1,,
288,KA,Karnataka,KA_Kolar,Kolar,46246,150,45474,622,0,54,38,15,1,,
289,KA,Karnataka,KA_Koppal,Koppal,35150,48,34584,518,0,1,-1,2,0,,
290,KA,Karnataka,KA_Mandya,Mandya,72983,270,72070,643,0,14,-18,32,0,,
291,KA,Karnataka,KA_Mysuru,Mysuru,175879,979,172542,2358,0,86,14,72,0,,
0,KA,Karnataka,KA_Other State,Other State,36,0,33,3,0,0,0,0,0,,
292,KA,Karnataka,KA_Raichur,Raichur,39929,7,39593,329,0,1,-5,6,0,,
293,KA,Karnataka,KA_Ramanagara,Ramanagara,24098,69,23715,314,0,1,-2,2,1,,
294,KA,Karnataka,KA_Shivamogga,Shivamogga,68269,539,66656,1074,0,59,2,57,0,,
295,KA,Karnataka,KA_Tumakuru,Tumakuru,119199,681,117423,1095,0,34,3,31,0,,
296,KA,Karnataka,KA_Udupi,Udupi,73651,1730,71466,455,0,96,-44,140,0,,
297,KA,Karnataka,KA_Uttara Kannada,Uttara Kannada,54874,417,53717,740,0,42,23,18,1,,
298,KA,Karnataka,KA_Vijayapura,Vijayapura,36207,22,35693,492,0,1,-4,5,0,,
299,KA,Karnataka,KA_Yadgir,Yadgir,27525,26,27292,207,0,0,0,0,0,,
0,KL,Kerala,KL_Other State,Other State,0,0,0,0,0,0,0,0,0,,
300,KL,Kerala,KL_Alappuzha,Alappuzha,259490,9708,248515,1227,40,1498,-176,1674,0,,
301,KL,Kerala,KL_Ernakulam,Ernakulam,477784,29852,445828,2035,69,3178,1156,2022,0,,
302,KL,Kerala,KL_Idukki,Idukki,108158,9403,98476,271,8,962,477,485,0,,
303,KL,Kerala,KL_Kannur,Kannur,223305,12413,209491,1349,52,1753,739,1009,5,,
304,KL,Kerala,KL_Kasaragod,Kasaragod,123348,6876,116015,440,17,500,-31,531,0,,
305,KL,Kerala,KL_Kollam,Kollam,313650,7759,304238,1596,57,2266,-405,2660,11,,
306,KL,Kerala,KL_Kottayam,Kottayam,254076,13208,239981,872,15,1830,1333,493,4,,
307,KL,Kerala,KL_Kozhikode,Kozhikode,434575,28622,403760,2149,44,3548,717,2822,9,,
308,KL,Kerala,KL_Malappuram,Malappuram,491491,29006,460627,1827,31,3190,125,3057,8,,
309,KL,Kerala,KL_Palakkad,Palakkad,304957,15681,287289,1966,21,2816,750,2057,9,,
310,KL,Kerala,KL_Pathanamthitta,Pathanamthitta,151315,12704,137970,630,11,1178,517,661,0,,
311,KL,Kerala,KL_Thiruvananthapuram,Thiruvananthapuram,365710,12652,349419,3527,112,2150,553,1591,6,,
312,KL,Kerala,KL_Thrissur,Thrissur,403400,14758,386313,2303,26,3965,1590,2359,16,,
313,KL,Kerala,KL_Wayanad,Wayanad,96149,9954,85832,349,14,1002,328,667,7,,
314,LA,Ladakh,LA_Kargil,Kargil,3597,20,3519,58,0,0,0,0,0,,
315,LA,Ladakh,LA_Leh,Leh,16947,52,16746,149,0,0,0,0,0,,
316,LD,Lakshadweep,LD_Lakshadweep,Lakshadweep,10338,31,10215,50,42,2,2,0,0,,
369,MH,Maharashtra,MH_Ahmednagar,Ahmednagar,307570,5168,295865,6536,1,732,-99,819,12,,
370,MH,Maharashtra,MH_Akola,Akola,58673,23,57224,1422,4,3,1,2,0,,
371,MH,Maharashtra,MH_Amravati,Amravati,96108,104,94409,1593,2,4,4,0,0,,
372,MH,Maharashtra,MH_Aurangabad,Aurangabad,154939,470,150175,4280,14,50,50,0,0,,
374,MH,Maharashtra,MH_Beed,Beed,101385,883,97791,2704,7,97,-66,159,4,,
373,MH,Maharashtra,MH_Bhandara,Bhandara,60055,8,58914,1123,10,0,0,0,0,,
375,MH,Maharashtra,MH_Buldhana,Buldhana,85038,50,84203,779,6,18,0,18,0,,
376,MH,Maharashtra,MH_Chandrapur,Chandrapur,88778,191,87025,1558,4,4,3,1,0,,
377,MH,Maharashtra,MH_Dhule,Dhule,46285,20,45600,654,11,1,1,0,0,,
378,MH,Maharashtra,MH_Gadchiroli,Gadchiroli,30342,30,29611,669,32,2,-2,4,0,,
379,MH,Maharashtra,MH_Gondia,Gondia,40541,4,39960,570,7,0,0,0,0,,
380,MH,Maharashtra,MH_Hingoli,Hingoli,18447,59,17883,504,1,2,0,2,0,,
381,MH,Maharashtra,MH_Jalgaon,Jalgaon,139878,48,137093,2705,32,8,6,0,2,,
382,MH,Maharashtra,MH_Jalna,Jalna,60404,33,59168,1202,1,0,0,0,0,,
383,MH,Maharashtra,MH_Kolhapur,Kolhapur,203791,1529,196474,5783,5,204,-33,228,9,,
384,MH,Maharashtra,MH_Latur,Latur,91476,429,88623,2418,6,18,11,6,1,,
385,MH,Maharashtra,MH_Mumbai,Mumbai,743499,3378,721718,15974,2429,345,-27,370,2,"[Sep 9]After reconciling COVID-19 cases in Mumbai, owing to the removal of duplicates and change of addresses as per the original residence, 239 cases have been removed from the progressive figures.",
386,MH,Maharashtra,MH_Mumbai Suburban,Mumbai Suburban,0,0,0,0,0,0,0,0,0,,
387,MH,Maharashtra,MH_Nagpur,Nagpur,493139,74,483863,9131,71,4,-1,5,0,District administration provides number of persons tested instead of the number of samples tested.,
388,MH,Maharashtra,MH_Nanded,Nanded,90743,32,88050,2655,6,6,3,3,0,Number of active cases differs in the state bulletin and district bulletin. We follow the state bulletin.,
389,MH,Maharashtra,MH_Nandurbar,Nandurbar,39977,2,39025,947,3,1,0,1,0,,
390,MH,Maharashtra,MH_Nashik,Nashik,405181,1155,395447,8578,1,86,84,2,0,Number of active cases differs in the state bulletin and district bulletin. We follow the state bulletin.,
391,MH,Maharashtra,MH_Osmanabad,Osmanabad,66140,656,63482,1890,112,53,42,9,2,,
0,MH,Maharashtra,MH_Other State,Other State,146,33,0,111,2,0,0,0,0,,
392,MH,Maharashtra,MH_Palghar,Palghar,134482,348,130828,3292,14,45,-18,63,0,,
393,MH,Maharashtra,MH_Parbhani,Parbhani,52312,36,51031,1226,19,6,6,0,0,,
394,MH,Maharashtra,MH_Pune,Pune,1117298,13503,1084260,19187,348,990,449,516,25,Number of active cases differs in the state bulletin and district bulletin. We follow the state bulletin.,
395,MH,Maharashtra,MH_Raigad,Raigad,188409,757,183223,4422,7,193,91,102,0,Number of active cases differs in the state bulletin and district bulletin. We follow the state bulletin.,
396,MH,Maharashtra,MH_Ratnagiri,Ratnagiri,75553,1039,72213,2296,5,106,36,63,7,,
397,MH,Maharashtra,MH_Sangli,Sangli,201357,4712,191181,5455,9,458,-60,499,19,,
398,MH,Maharashtra,MH_Satara,Satara,237812,5515,226272,5993,32,406,159,229,18,,
399,MH,Maharashtra,MH_Sindhudurg,Sindhudurg,50529,1030,48147,1337,15,47,6,38,3,,
400,MH,Maharashtra,MH_Solapur,Solapur,204384,4224,194845,5216,99,512,244,250,18,,
401,MH,Maharashtra,MH_Thane,Thane,596004,7283,577398,11288,35,262,132,121,9,,
402,MH,Maharashtra,MH_Wardha,Wardha,58353,5,56967,1216,165,0,0,0,0,,
403,MH,Maharashtra,MH_Washim,Washim,41658,6,41014,635,3,3,3,0,0,,
404,MH,Maharashtra,MH_Yavatmal,Yavatmal,76253,7,74434,1808,4,0,0,0,0,,
421,ML,Meghalaya,ML_East Garo Hills,East Garo Hills,1810,17,1784,9,0,4,3,1,0,,
422,ML,Meghalaya,ML_East Jaintia Hills,East Jaintia Hills,2311,31,2250,30,0,10,6,4,0,,
423,ML,Meghalaya,ML_East Khasi Hills,East Khasi Hills,36919,1363,34651,905,0,116,-89,199,6,,
424,ML,Meghalaya,ML_North Garo Hills,North Garo Hills,1656,21,1627,8,0,0,-1,1,0,,
425,ML,Meghalaya,ML_Ribhoi,Ribhoi,9031,360,8598,73,0,49,-1,50,0,,
426,ML,Meghalaya,ML_South Garo Hills,South Garo Hills,1205,12,1181,12,0,0,-11,11,0,,
427,ML,Meghalaya,ML_South West Garo Hills,South West Garo Hills,1838,23,1799,16,0,1,0,1,0,,
428,ML,Meghalaya,ML_South West Khasi Hills,South West Khasi Hills,2261,140,2107,14,0,18,2,16,0,,
429,ML,Meghalaya,ML_West Garo Hills,West Garo Hills,8813,106,8636,71,0,6,-9,15,0,,
430,ML,Meghalaya,ML_West Jaintia Hills,West Jaintia Hills,6062,208,5740,114,0,28,12,16,0,,
431,ML,Meghalaya,ML_West Khasi Hills,West Khasi Hills,3695,355,3286,54,0,33,14,18,1,,
0,MN,Manipur,MN_CAPF Personnel,CAPF Personnel,3297,1614,1681,2,0,3,3,0,0,,
405,MN,Manipur,MN_Bishnupur,Bishnupur,8561,8330,58,173,0,14,14,0,0,,
406,MN,Manipur,MN_Chandel,Chandel,1794,1758,4,32,0,8,8,0,0,,
407,MN,Manipur,MN_Churachandpur,Churachandpur,9040,8835,58,147,0,38,38,0,0,,
408,MN,Manipur,MN_Imphal East,Imphal East,24395,23843,150,402,0,52,49,0,3,,
409,MN,Manipur,MN_Imphal West,Imphal West,37210,36608,52,550,0,159,158,0,1,,
410,MN,Manipur,MN_Jiribam,Jiribam,898,890,2,6,0,0,0,0,0,,
411,MN,Manipur,MN_Kakching,Kakching,6029,5895,27,107,0,13,13,0,0,,
412,MN,Manipur,MN_Kamjong,Kamjong,635,615,17,3,0,0,0,0,0,,
413,MN,Manipur,MN_Kangpokpi,Kangpokpi,2033,1962,19,52,0,1,1,0,0,,
414,MN,Manipur,MN_Noney,Noney,895,873,18,4,0,2,2,0,0,,
415,MN,Manipur,MN_Pherzawl,Pherzawl,397,382,15,0,0,30,30,0,0,,
416,MN,Manipur,MN_Senapati,Senapati,1788,1760,21,7,0,5,5,0,0,,
417,MN,Manipur,MN_Tamenglong,Tamenglong,2986,2942,32,12,0,16,16,0,0,,
418,MN,Manipur,MN_Tengnoupal,Tengnoupal,857,833,13,11,0,1,1,0,0,,
419,MN,Manipur,MN_Thoubal,Thoubal,8913,8738,23,152,0,35,35,0,0,,
420,MN,Manipur,MN_Ukhrul,Ukhrul,1903,1859,18,26,0,10,10,0,0,,
317,MP,Madhya Pradesh,MP_Agar Malwa,Agar Malwa,3303,0,3235,68,0,0,0,0,0,,
318,MP,Madhya Pradesh,MP_Alirajpur,Alirajpur,3504,3,3453,48,0,0,0,0,0,,
319,MP,Madhya Pradesh,MP_Anuppur,Anuppur,9229,0,9140,89,0,0,0,0,0,,
320,MP,Madhya Pradesh,MP_Ashoknagar,Ashoknagar,3670,0,3613,57,0,0,0,0,0,,
321,MP,Madhya Pradesh,MP_Balaghat,Balaghat,9093,12,9017,64,0,0,0,0,0,,
322,MP,Madhya Pradesh,MP_Barwani,Barwani,8363,6,8267,90,0,0,0,0,0,,
323,MP,Madhya Pradesh,MP_Betul,Betul,12901,34,12590,277,0,0,0,0,0,,
324,MP,Madhya Pradesh,MP_Bhind,Bhind,2994,2,2960,32,0,0,0,0,0,,
325,MP,Madhya Pradesh,MP_Bhopal,Bhopal,123363,270,122121,972,0,1,1,0,0,,
326,MP,Madhya Pradesh,MP_Burhanpur,Burhanpur,2568,0,2529,39,0,0,0,0,0,,
327,MP,Madhya Pradesh,MP_Chhatarpur,Chhatarpur,7607,10,7506,91,0,0,0,0,0,,
328,MP,Madhya Pradesh,MP_Chhindwara,Chhindwara,6732,0,6612,120,0,0,0,0,0,,
329,MP,Madhya Pradesh,MP_Damoh,Damoh,8120,93,7841,186,0,0,0,0,0,,
330,MP,Madhya Pradesh,MP_Datia,Datia,6958,6,6874,78,0,0,0,0,0,,
331,MP,Madhya Pradesh,MP_Dewas,Dewas,7723,0,7672,51,0,0,0,0,0,,
332,MP,Madhya Pradesh,MP_Dhar,Dhar,12540,22,12388,130,0,2,2,0,0,,
333,MP,Madhya Pradesh,MP_Dindori,Dindori,4623,6,4588,29,0,0,0,0,0,,
335,MP,Madhya Pradesh,MP_Guna,Guna,5132,3,5085,44,0,0,0,0,0,,
336,MP,Madhya Pradesh,MP_Gwalior,Gwalior,53099,39,52427,633,0,1,1,0,0,,
337,MP,Madhya Pradesh,MP_Harda,Harda,5055,5,4954,96,0,0,0,0,0,,
338,MP,Madhya Pradesh,MP_Hoshangabad,Hoshangabad,10682,13,10570,99,0,0,0,0,0,,
339,MP,Madhya Pradesh,MP_Indore,Indore,153047,246,151410,1391,0,1,1,0,0,,
340,MP,Madhya Pradesh,MP_Jabalpur,Jabalpur,50680,114,49896,670,0,4,4,0,0,,
341,MP,Madhya Pradesh,MP_Jhabua,Jhabua,7688,5,7619,64,0,0,0,0,0,,
342,MP,Madhya Pradesh,MP_Katni,Katni,9365,3,9242,120,0,0,0,0,0,,
334,MP,Madhya Pradesh,MP_Khandwa,Khandwa,4040,0,3946,94,0,0,0,0,0,,
368,MP,Madhya Pradesh,MP_Khargone,Khargone,13965,10,13716,239,0,0,0,0,0,,
343,MP,Madhya Pradesh,MP_Mandla,Mandla,5188,4,5159,25,0,0,0,0,0,,
344,MP,Madhya Pradesh,MP_Mandsaur,Mandsaur,8637,1,8552,84,0,0,0,0,0,,
345,MP,Madhya Pradesh,MP_Morena,Morena,8236,6,8135,95,0,0,0,0,0,,
346,MP,Madhya Pradesh,MP_Narsinghpur,Narsinghpur,11200,4,11115,81,0,0,0,0,0,,
347,MP,Madhya Pradesh,MP_Neemuch,Neemuch,7924,12,7828,84,0,0,0,0,0,,
348,MP,Madhya Pradesh,MP_Niwari,Niwari,3711,9,3654,48,0,0,0,0,0,,
0,MP,Madhya Pradesh,MP_Other Region,Other Region,0,0,0,0,0,0,0,0,0,,
349,MP,Madhya Pradesh,MP_Panna,Panna,7324,11,7250,63,0,2,2,0,0,,
350,MP,Madhya Pradesh,MP_Raisen,Raisen,9236,12,9030,194,0,0,0,0,0,,
351,MP,Madhya Pradesh,MP_Rajgarh,Rajgarh,8708,46,8490,172,0,0,0,0,0,,
352,MP,Madhya Pradesh,MP_Ratlam,Ratlam,17856,33,17438,385,0,0,0,0,0,,
353,MP,Madhya Pradesh,MP_Rewa,Rewa,16433,8,16270,155,0,0,0,0,0,,
354,MP,Madhya Pradesh,MP_Sagar,Sagar,16594,50,16154,390,0,0,0,0,0,,
355,MP,Madhya Pradesh,MP_Satna,Satna,11965,3,11829,133,0,0,0,0,0,,
356,MP,Madhya Pradesh,MP_Sehore,Sehore,10136,6,10057,73,0,0,0,0,0,,
357,MP,Madhya Pradesh,MP_Seoni,Seoni,6774,7,6739,28,0,0,0,0,0,,
358,MP,Madhya Pradesh,MP_Shahdol,Shahdol,10080,4,9958,118,0,0,0,0,0,,
359,MP,Madhya Pradesh,MP_Shajapur,Shajapur,6349,2,6273,74,0,0,0,0,0,,
360,MP,Madhya Pradesh,MP_Sheopur,Sheopur,4000,3,3919,78,0,1,1,0,0,,
361,MP,Madhya Pradesh,MP_Shivpuri,Shivpuri,12393,7,12261,125,0,0,0,0,0,,
362,MP,Madhya Pradesh,MP_Sidhi,Sidhi,9219,0,9132,87,0,0,0,0,0,,
363,MP,Madhya Pradesh,MP_Singrauli,Singrauli,8794,6,8706,82,0,0,0,0,0,,
364,MP,Madhya Pradesh,MP_Tikamgarh,Tikamgarh,6863,7,6742,114,0,0,0,0,0,,
365,MP,Madhya Pradesh,MP_Ujjain,Ujjain,18896,4,18720,172,0,0,0,0,0,,
366,MP,Madhya Pradesh,MP_Umaria,Umaria,6293,6,6224,63,0,0,0,0,0,,
367,MP,Madhya Pradesh,MP_Vidisha,Vidisha,11918,4,11677,237,0,0,0,0,0,,
432,MZ,Mizoram,MZ_Aizawl,Aizawl,37824,4643,33017,164,0,385,304,79,2,,
433,MZ,Mizoram,MZ_Champhai,Champhai,1206,356,849,1,0,38,-1,39,0,,
729,MZ,Mizoram,MZ_Hnahthial,Hnahthial,248,67,181,0,0,2,-13,15,0,,
730,MZ,Mizoram,MZ_Khawzawl,Khawzawl,140,27,113,0,0,16,12,4,0,,
434,MZ,Mizoram,MZ_Kolasib,Kolasib,5195,858,4317,20,0,54,1,53,0,,
435,MZ,Mizoram,MZ_Lawngtlai,Lawngtlai,3664,580,3070,14,0,78,49,29,0,,
436,MZ,Mizoram,MZ_Lunglei,Lunglei,4364,584,3776,4,0,118,97,21,0,,
437,MZ,Mizoram,MZ_Mamit,Mamit,2205,562,1640,3,0,138,126,11,1,,
438,MZ,Mizoram,MZ_Saiha,Saiha,1410,305,1104,1,0,39,26,13,0,,
728,MZ,Mizoram,MZ_Saitual,Saitual,260,26,232,2,0,1,1,0,0,,
439,MZ,Mizoram,MZ_Serchhip,Serchhip,1006,63,940,3,0,9,2,7,0,,
0,NL,Nagaland,NL_Others,Others,0,0,0,0,0,0,0,0,0,,
440,NL,Nagaland,NL_Dimapur,Dimapur,13739,288,12469,375,607,16,-25,41,0,,
441,NL,Nagaland,NL_Kiphire,Kiphire,240,12,219,8,1,0,0,0,0,,
442,NL,Nagaland,NL_Kohima,Kohima,9065,44,8609,258,154,15,-143,10,148,,
443,NL,Nagaland,NL_Longleng,Longleng,285,10,258,2,15,0,0,0,0,,
444,NL,Nagaland,NL_Mokokchung,Mokokchung,2153,174,1877,49,53,3,-10,13,0,,
445,NL,Nagaland,NL_Mon,Mon,1122,30,1062,13,17,7,7,0,0,,
446,NL,Nagaland,NL_Peren,Peren,894,8,875,4,7,0,0,0,0,,
447,NL,Nagaland,NL_Phek,Phek,506,29,457,17,3,5,5,0,0,,
448,NL,Nagaland,NL_Tuensang,Tuensang,1004,6,984,11,3,0,0,0,0,,
449,NL,Nagaland,NL_Wokha,Wokha,351,30,297,11,13,2,2,0,0,,
450,NL,Nagaland,NL_Zunheboto,Zunheboto,613,30,558,14,11,4,4,0,0,,
0,OR,Odisha,OR_State Pool,State Pool,28495,613,27882,0,0,78,-7,85,0,,
0,OR,Odisha,OR_Others,Others,0,0,0,0,0,0,0,0,0,,
451,OR,Odisha,OR_Angul,Angul,43485,99,43032,354,0,22,-4,16,10,,
452,OR,Odisha,OR_Balangir,Balangir,23299,19,23156,124,0,1,-4,5,0,,
453,OR,Odisha,OR_Balasore,Balasore,39414,461,38674,279,0,31,9,18,4,,
454,OR,Odisha,OR_Bargarh,Bargarh,30932,93,30505,334,0,3,2,1,0,,
456,OR,Odisha,OR_Bhadrak,Bhadrak,25996,102,25757,137,0,10,-4,11,3,,
455,OR,Odisha,OR_Boudh,Boudh,12552,10,12431,111,0,5,5,0,0,,
457,OR,Odisha,OR_Cuttack,Cuttack,90487,893,88830,764,0,98,20,59,19,,
458,OR,Odisha,OR_Deogarh,Deogarh,6356,79,6227,50,0,11,-1,12,0,,
459,OR,Odisha,OR_Dhenkanal,Dhenkanal,19518,125,19161,232,0,21,7,10,4,,
460,OR,Odisha,OR_Gajapati,Gajapati,9560,7,9469,84,0,0,-4,4,0,,
461,OR,Odisha,OR_Ganjam,Ganjam,33605,36,33092,477,0,4,1,3,0,,
462,OR,Odisha,OR_Jagatsinghpur,Jagatsinghpur,26744,218,26257,269,0,21,-16,28,9,,
463,OR,Odisha,OR_Jajpur,Jajpur,42503,335,42021,147,0,32,-17,46,3,,
464,OR,Odisha,OR_Jharsuguda,Jharsuguda,23684,20,23490,174,0,1,-2,3,0,,
465,OR,Odisha,OR_Kalahandi,Kalahandi,24237,26,24003,208,0,3,-3,6,0,,
466,OR,Odisha,OR_Kandhamal,Kandhamal,11481,27,11372,82,0,2,0,2,0,,
467,OR,Odisha,OR_Kendrapara,Kendrapara,24171,142,23799,230,0,27,7,16,4,,
468,OR,Odisha,OR_Kendujhar,Kendujhar,20770,94,20516,160,0,16,3,12,1,,
469,OR,Odisha,OR_Khordha,Khordha,159993,2703,155848,1442,0,361,-16,377,0,,
470,OR,Odisha,OR_Koraput,Koraput,18945,38,18832,75,0,4,1,3,0,,
471,OR,Odisha,OR_Malkangiri,Malkangiri,11591,23,11520,48,0,1,-2,3,0,,
472,OR,Odisha,OR_Mayurbhanj,Mayurbhanj,39535,184,39082,269,0,20,-18,33,5,,
473,OR,Odisha,OR_Nabarangapur,Nabarangapur,23491,2,23415,74,0,0,0,0,0,,
474,OR,Odisha,OR_Nayagarh,Nayagarh,23170,116,22849,205,0,14,-7,16,5,,
475,OR,Odisha,OR_Nuapada,Nuapada,22840,12,22744,84,0,2,1,1,0,,
476,OR,Odisha,OR_Puri,Puri,44506,217,43856,433,0,28,-2,28,2,,
477,OR,Odisha,OR_Rayagada,Rayagada,19973,45,19761,167,0,2,-1,3,0,,
478,OR,Odisha,OR_Sambalpur,Sambalpur,30910,131,30539,240,0,15,-4,19,0,,
479,OR,Odisha,OR_Subarnapur,Subarnapur,13124,14,13052,58,0,0,-1,1,0,,
480,OR,Odisha,OR_Sundargarh,Sundargarh,61136,102,60458,576,0,16,3,13,0,,
485,PB,Punjab,PB_Amritsar,Amritsar,47227,36,45602,1589,0,6,-1,7,0,,
486,PB,Punjab,PB_Barnala,Barnala,5925,16,5666,243,0,0,0,0,0,,
487,PB,Punjab,PB_Bathinda,Bathinda,41629,36,40553,1040,0,9,5,4,0,,
488,PB,Punjab,PB_Faridkot,Faridkot,13872,21,13538,313,0,4,4,0,0,,
489,PB,Punjab,PB_Fatehgarh Sahib,Fatehgarh Sahib,8820,5,8514,301,0,0,0,0,0,,
490,PB,Punjab,PB_Fazilka,Fazilka,20205,13,19665,527,0,0,-5,5,0,,
491,PB,Punjab,PB_Ferozepur,Ferozepur,14292,16,13775,501,0,3,-2,4,1,,
492,PB,Punjab,PB_Gurdaspur,Gurdaspur,22282,11,21473,798,0,0,-2,2,0,,
493,PB,Punjab,PB_Hoshiarpur,Hoshiarpur,30725,27,29718,980,0,6,5,1,0,,
494,PB,Punjab,PB_Jalandhar,Jalandhar,63223,26,61705,1492,0,3,-1,4,0,,
495,PB,Punjab,PB_Kapurthala,Kapurthala,17800,8,17238,554,0,0,-2,2,0,,
496,PB,Punjab,PB_Ludhiana,Ludhiana,87461,22,85342,2097,0,0,-4,4,0,,
497,PB,Punjab,PB_Mansa,Mansa,15578,4,15263,311,0,1,1,0,0,,
498,PB,Punjab,PB_Moga,Moga,8641,8,8400,233,0,0,-1,1,0,,
499,PB,Punjab,PB_Pathankot,Pathankot,18656,19,18220,417,0,2,0,2,0,,
500,PB,Punjab,PB_Patiala,Patiala,48809,28,47436,1345,0,0,-3,3,0,,
501,PB,Punjab,PB_Rupnagar,Rupnagar,12885,4,12464,417,0,0,0,0,0,,
502,PB,Punjab,PB_S.A.S. Nagar,S.A.S. Nagar,68602,48,67495,1059,0,1,-6,6,1,,
503,PB,Punjab,PB_Sangrur,Sangrur,15716,11,14834,871,0,0,0,0,0,,
504,PB,Punjab,PB_Shahid Bhagat Singh Nagar,Shahid Bhagat Singh Nagar,11446,9,11056,381,0,1,1,0,0,,
505,PB,Punjab,PB_Sri Muktsar Sahib,Sri Muktsar Sahib,18752,15,18214,523,0,0,-2,2,0,,
506,PB,Punjab,PB_Tarn Taran,Tarn Taran,8005,9,7619,377,0,1,0,0,1,,
481,PY,Puducherry,PY_Karaikal,Karaikal,15400,132,15032,236,0,18,2,16,0,"2 case of TN has been transferred,so has been reduced from the total count.",
482,PY,Puducherry,PY_Mahe,Mahe,5288,108,5140,40,0,13,-1,14,0,"1 case of KL have been transferred,so have been reduced from the total count",
483,PY,Puducherry,PY_Puducherry,Puducherry,96047,436,94180,1431,0,65,-5,68,2,"209 cases(204 of TN, 1 of AP and 4 other) have been transferred,so have been reduced from the total count.[July 18]4 cases have transferred to TN and have been reduced from recovered cases.",
484,PY,Puducherry,PY_Yanam,Yanam,6659,16,6538,105,0,0,-2,2,0,"2 cases of AP have been transferred,so have been reduced from the total count",
507,RJ,Rajasthan,RJ_Ajmer,Ajmer,37726,6,37310,410,0,3,3,0,0,,
508,RJ,Rajasthan,RJ_Alwar,Alwar,59684,17,59360,307,0,0,0,0,0,,
509,RJ,Rajasthan,RJ_Banswara,Banswara,10005,0,9901,104,0,0,0,0,0,,
510,RJ,Rajasthan,RJ_Baran,Baran,11995,2,11932,61,0,0,0,0,0,,
511,RJ,Rajasthan,RJ_Barmer,Barmer,15551,1,15365,185,0,0,0,0,0,,
512,RJ,Rajasthan,RJ_Bharatpur,Bharatpur,19595,4,19331,260,0,0,0,0,0,,
513,RJ,Rajasthan,RJ_Bhilwara,Bhilwara,29777,4,29617,156,0,0,0,0,0,,
514,RJ,Rajasthan,RJ_Bikaner,Bikaner,40317,6,39766,545,0,0,0,0,0,,
0,RJ,Rajasthan,RJ_BSF Camp,BSF Camp,85,0,85,0,0,0,0,0,0,,
515,RJ,Rajasthan,RJ_Bundi,Bundi,7967,0,7919,48,0,0,0,0,0,,
516,RJ,Rajasthan,RJ_Chittorgarh,Chittorgarh,19809,0,19670,139,0,0,0,0,0,,
517,RJ,Rajasthan,RJ_Churu,Churu,16720,1,16612,107,0,0,0,0,0,,
518,RJ,Rajasthan,RJ_Dausa,Dausa,13351,0,13289,62,0,0,0,0,0,,
519,RJ,Rajasthan,RJ_Dholpur,Dholpur,11007,1,10958,48,0,0,0,0,0,,
520,RJ,Rajasthan,RJ_Dungarpur,Dungarpur,18407,0,18276,131,0,0,0,0,0,,
0,RJ,Rajasthan,RJ_Evacuees,Evacuees,61,0,61,0,0,0,0,0,0,,
521,RJ,Rajasthan,RJ_Ganganagar,Ganganagar,19341,2,19189,150,0,1,1,0,0,,
522,RJ,Rajasthan,RJ_Hanumangarh,Hanumangarh,16052,1,15940,111,0,0,0,0,0,,
0,RJ,Rajasthan,RJ_Italians,Italians,2,0,2,0,0,0,0,0,0,,
523,RJ,Rajasthan,RJ_Jaipur,Jaipur,187675,48,185657,1970,0,1,1,0,0,,
524,RJ,Rajasthan,RJ_Jaisalmer,Jaisalmer,13639,0,13573,66,0,0,0,0,0,,
525,RJ,Rajasthan,RJ_Jalore,Jalore,10065,0,9993,72,0,0,0,0,0,,
526,RJ,Rajasthan,RJ_Jhalawar,Jhalawar,13607,2,13418,187,0,0,0,0,0,,
527,RJ,Rajasthan,RJ_Jhunjhunu,Jhunjhunu,14802,0,14644,158,0,0,0,0,0,,
528,RJ,Rajasthan,RJ_Jodhpur,Jodhpur,112381,6,111272,1103,0,0,0,0,0,,
529,RJ,Rajasthan,RJ_Karauli,Karauli,7156,0,7086,70,0,0,0,0,0,,
530,RJ,Rajasthan,RJ_Kota,Kota,57051,0,56602,449,0,0,0,0,0,,
531,RJ,Rajasthan,RJ_Nagaur,Nagaur,17732,0,17555,177,0,0,0,0,0,,
0,RJ,Rajasthan,RJ_Other State,Other State,189,0,150,39,0,0,0,0,0,,
532,RJ,Rajasthan,RJ_Pali,Pali,27316,1,27028,287,0,0,0,0,0,,
533,RJ,Rajasthan,RJ_Pratapgarh,Pratapgarh,7143,0,7080,63,0,0,0,0,0,,
534,RJ,Rajasthan,RJ_Rajsamand,Rajsamand,17042,1,16872,169,0,0,0,0,0,,
535,RJ,Rajasthan,RJ_Sawai Madhopur,Sawai Madhopur,10613,5,10547,61,0,0,0,0,0,,
536,RJ,Rajasthan,RJ_Sikar,Sikar,30610,2,30273,335,0,0,0,0,0,,
537,RJ,Rajasthan,RJ_Sirohi,Sirohi,13729,0,13650,79,0,0,0,0,0,,
538,RJ,Rajasthan,RJ_Tonk,Tonk,9496,0,9404,92,0,0,0,0,0,,
539,RJ,Rajasthan,RJ_Udaipur,Udaipur,56388,13,55622,753,0,2,2,0,0,,
540,SK,Sikkim,SK_East Sikkim,East Sikkim,16629,11486,4917,148,78,38,38,0,0,,
541,SK,Sikkim,SK_North Sikkim,North Sikkim,817,735,72,1,9,0,0,0,0,,
542,SK,Sikkim,SK_South Sikkim,South Sikkim,6535,6080,438,2,15,7,7,0,0,,
543,SK,Sikkim,SK_West Sikkim,West Sikkim,5517,5336,137,19,25,35,35,0,0,,
0,TG,Telangana,TG_Foreign Evacuees,Foreign Evacuees,33,33,0,0,0,0,0,0,0,District-wise numbers are out-dated as cumulative counts for each district are not reported in Telangana bulletin,
0,TG,Telangana,TG_Other State,Other State,250,250,0,0,0,0,0,0,0,District-wise numbers are out-dated as cumulative counts for each district are not reported in Telangana bulletin,
576,TG,Telangana,TG_Adilabad,Adilabad,7158,7143,15,0,0,2,2,0,0,District-wise numbers are out-dated as cumulative counts for each district are not reported in Telangana bulletin,
577,TG,Telangana,TG_Bhadradri Kothagudem,Bhadradri Kothagudem,18464,18460,4,0,0,4,4,0,0,District-wise numbers are out-dated as cumulative counts for each district are not reported in Telangana bulletin,
578,TG,Telangana,TG_Hyderabad,Hyderabad,138245,137917,305,23,0,87,87,0,0,District-wise numbers are out-dated as cumulative counts for each district are not reported in Telangana bulletin,
579,TG,Telangana,TG_Jagtial,Jagtial,17201,17199,2,0,0,4,4,0,0,District-wise numbers are out-dated as cumulative counts for each district are not reported in Telangana bulletin,
580,TG,Telangana,TG_Jangaon,Jangaon,7611,7610,1,0,0,8,8,0,0,District-wise numbers are out-dated as cumulative counts for each district are not reported in Telangana bulletin,
581,TG,Telangana,TG_Jayashankar Bhupalapally,Jayashankar Bhupalapally,6815,6815,0,0,0,0,0,0,0,District-wise numbers are out-dated as cumulative counts for each district are not reported in Telangana bulletin,
582,TG,Telangana,TG_Jogulamba Gadwal,Jogulamba Gadwal,7213,7187,25,1,0,1,1,0,0,District-wise numbers are out-dated as cumulative counts for each district are not reported in Telangana bulletin,
583,TG,Telangana,TG_Kamareddy,Kamareddy,11549,11541,8,0,0,0,0,0,0,District-wise numbers are out-dated as cumulative counts for each district are not reported in Telangana bulletin,
584,TG,Telangana,TG_Karimnagar,Karimnagar,29958,29942,16,0,0,16,16,0,0,District-wise numbers are out-dated as cumulative counts for each district are not reported in Telangana bulletin,
585,TG,Telangana,TG_Khammam,Khammam,27287,27284,3,0,0,18,18,0,0,District-wise numbers are out-dated as cumulative counts for each district are not reported in Telangana bulletin,
586,TG,Telangana,TG_Komaram Bheem,Komaram Bheem,4496,4494,2,0,0,1,1,0,0,District-wise numbers are out-dated as cumulative counts for each district are not reported in Telangana bulletin,
587,TG,Telangana,TG_Mahabubabad,Mahabubabad,12969,12968,1,0,0,6,6,0,0,District-wise numbers are out-dated as cumulative counts for each district are not reported in Telangana bulletin,
588,TG,Telangana,TG_Mahabubnagar,Mahabubnagar,16310,16302,8,0,0,5,5,0,0,District-wise numbers are out-dated as cumulative counts for each district are not reported in Telangana bulletin,
589,TG,Telangana,TG_Mancherial,Mancherial,16074,16073,0,1,0,4,4,0,0,District-wise numbers are out-dated as cumulative counts for each district are not reported in Telangana bulletin,
590,TG,Telangana,TG_Medak,Medak,8433,8429,4,0,0,0,0,0,0,District-wise numbers are out-dated as cumulative counts for each district are not reported in Telangana bulletin,
591,TG,Telangana,TG_Medchal Malkajgiri,Medchal Malkajgiri,45331,45321,9,1,0,9,9,0,0,District-wise numbers are out-dated as cumulative counts for each district are not reported in Telangana bulletin,
592,TG,Telangana,TG_Mulugu,Mulugu,6650,6648,2,0,0,4,4,0,0,District-wise numbers are out-dated as cumulative counts for each district are not reported in Telangana bulletin,
593,TG,Telangana,TG_Nagarkurnool,Nagarkurnool,12272,12270,2,0,0,0,0,0,0,District-wise numbers are out-dated as cumulative counts for each district are not reported in Telangana bulletin,
594,TG,Telangana,TG_Nalgonda,Nalgonda,29042,29030,12,0,0,6,6,0,0,District-wise numbers are out-dated as cumulative counts for each district are not reported in Telangana bulletin,
595,TG,Telangana,TG_Narayanpet,Narayanpet,3284,3283,0,1,0,0,0,0,0,District-wise numbers are out-dated as cumulative counts for each district are not reported in Telangana bulletin,
596,TG,Telangana,TG_Nirmal,Nirmal,7244,7231,13,0,0,0,0,0,0,District-wise numbers are out-dated as cumulative counts for each district are not reported in Telangana bulletin,
597,TG,Telangana,TG_Nizamabad,Nizamabad,20862,20832,30,0,0,3,3,0,0,District-wise numbers are out-dated as cumulative counts for each district are not reported in Telangana bulletin,
598,TG,Telangana,TG_Peddapalli,Peddapalli,15698,15697,1,0,0,5,5,0,0,District-wise numbers are out-dated as cumulative counts for each district are not reported in Telangana bulletin,
599,TG,Telangana,TG_Rajanna Sircilla,Rajanna Sircilla,12092,12090,2,0,0,5,5,0,0,District-wise numbers are out-dated as cumulative counts for each district are not reported in Telangana bulletin,
600,TG,Telangana,TG_Ranga Reddy,Ranga Reddy,48699,48680,17,2,0,18,18,0,0,District-wise numbers are out-dated as cumulative counts for each district are not reported in Telangana bulletin,
601,TG,Telangana,TG_Sangareddy,Sangareddy,19111,19105,6,0,0,7,7,0,0,District-wise numbers are out-dated as cumulative counts for each district are not reported in Telangana bulletin,
602,TG,Telangana,TG_Siddipet,Siddipet,19339,19338,1,0,0,5,5,0,0,District-wise numbers are out-dated as cumulative counts for each district are not reported in Telangana bulletin,
603,TG,Telangana,TG_Suryapet,Suryapet,17515,17491,24,0,0,11,11,0,0,District-wise numbers are out-dated as cumulative counts for each district are not reported in Telangana bulletin,
604,TG,Telangana,TG_Vikarabad,Vikarabad,10968,10952,15,1,0,1,1,0,0,District-wise numbers are out-dated as cumulative counts for each district are not reported in Telangana bulletin,
605,TG,Telangana,TG_Wanaparthy,Wanaparthy,9726,9726,0,0,0,2,2,0,0,District-wise numbers are out-dated as cumulative counts for each district are not reported in Telangana bulletin,
606,TG,Telangana,TG_Warangal Rural,Warangal Rural,10655,10655,0,0,0,5,5,0,0,District-wise numbers are out-dated as cumulative counts for each district are not reported in Telangana bulletin,
607,TG,Telangana,TG_Warangal Urban,Warangal Urban,26496,26473,23,0,0,18,18,0,0,District-wise numbers are out-dated as cumulative counts for each district are not reported in Telangana bulletin,
608,TG,Telangana,TG_Yadadri Bhuvanagiri,Yadadri Bhuvanagiri,11271,11271,0,0,0,2,2,0,0,District-wise numbers are out-dated as cumulative counts for each district are not reported in Telangana bulletin,
0,TN,Tamil Nadu,TN_Railway Quarantine,Railway Quarantine,428,0,428,0,0,0,0,0,0,,
0,TN,Tamil Nadu,TN_Airport Quarantine,Airport Quarantine,2103,5,2096,2,0,0,0,0,0,,
0,TN,Tamil Nadu,TN_Other State,Other State,0,0,0,0,0,0,0,0,0,,
544,TN,Tamil Nadu,TN_Ariyalur,Ariyalur,16321,174,15900,247,0,17,3,14,0,,
732,TN,Tamil Nadu,TN_Chengalpattu,Chengalpattu,165203,1143,161631,2429,0,108,-8,116,0,,
545,TN,Tamil Nadu,TN_Chennai,Chennai,543786,1873,533516,8397,0,187,-33,218,2,[July 22]: 444 backdated deceased entries added to Chennai in TN bulletin.,
546,TN,Tamil Nadu,TN_Coimbatore,Coimbatore,235713,2058,231395,2260,0,209,-33,239,3,,
547,TN,Tamil Nadu,TN_Cuddalore,Cuddalore,62217,529,60854,834,0,38,-7,43,2,,
548,TN,Tamil Nadu,TN_Dharmapuri,Dharmapuri,26803,230,26330,243,0,24,8,15,1,,
549,TN,Tamil Nadu,TN_Dindigul,Dindigul,32470,97,31742,631,0,4,-1,5,0,,
550,TN,Tamil Nadu,TN_Erode,Erode,98153,1453,96047,653,0,129,-21,148,2,,
734,TN,Tamil Nadu,TN_Kallakurichi,Kallakurichi,30049,293,29556,200,0,20,-10,30,0,,
551,TN,Tamil Nadu,TN_Kancheepuram,Kancheepuram,72758,362,71166,1230,0,34,15,19,0,,
552,TN,Tamil Nadu,TN_Kanyakumari,Kanyakumari,60934,289,59612,1033,0,23,-1,22,2,,
553,TN,Tamil Nadu,TN_Karur,Karur,23089,158,22579,352,0,11,-2,13,0,,
554,TN,Tamil Nadu,TN_Krishnagiri,Krishnagiri,42055,235,41489,331,0,17,-12,28,1,,
555,TN,Tamil Nadu,TN_Madurai,Madurai,73969,143,72672,1154,0,12,1,11,0,,
556,TN,Tamil Nadu,TN_Nagapattinam,Nagapattinam,19609,373,18932,304,0,21,0,21,0,,
557,TN,Tamil Nadu,TN_Namakkal,Namakkal,48730,548,47713,469,0,53,-6,59,0,,
564,TN,Tamil Nadu,TN_Nilgiris,Nilgiris,31705,351,31160,194,0,29,-5,34,0,,
558,TN,Tamil Nadu,TN_Perambalur,Perambalur,11693,70,11393,230,0,10,2,8,0,,
559,TN,Tamil Nadu,TN_Pudukkottai,Pudukkottai,29060,294,28380,386,0,26,-10,36,0,,
560,TN,Tamil Nadu,TN_Ramanathapuram,Ramanathapuram,20184,46,19786,352,0,5,1,4,0,,
733,TN,Tamil Nadu,TN_Ranipet,Ranipet,42531,205,41572,754,0,15,-4,18,1,,
561,TN,Tamil Nadu,TN_Salem,Salem,96024,891,93503,1630,0,57,-57,113,1,,
562,TN,Tamil Nadu,TN_Sivaganga,Sivaganga,19356,220,18935,201,0,15,5,10,0,,
731,TN,Tamil Nadu,TN_Tenkasi,Tenkasi,27068,95,26489,484,0,19,13,6,0,,
563,TN,Tamil Nadu,TN_Thanjavur,Thanjavur,70686,989,68812,885,0,79,-16,94,1,,
565,TN,Tamil Nadu,TN_Theni,Theni,43198,93,42590,515,0,6,-1,7,0,,
566,TN,Tamil Nadu,TN_Thiruvallur,Thiruvallur,115687,679,113226,1782,0,66,-7,73,0,,
567,TN,Tamil Nadu,TN_Thiruvarur,Thiruvarur,38960,361,38207,392,0,32,-7,39,0,,
568,TN,Tamil Nadu,TN_Thoothukkudi,Thoothukkudi,55470,119,54952,399,0,10,1,9,0,,
569,TN,Tamil Nadu,TN_Tiruchirappalli,Tiruchirappalli,74222,554,72663,1005,0,57,-12,67,2,,
570,TN,Tamil Nadu,TN_Tirunelveli,Tirunelveli,48424,159,47835,430,0,13,-1,14,0,,
735,TN,Tamil Nadu,TN_Tirupathur,Tirupathur,28581,123,27845,613,0,18,13,5,0,,
571,TN,Tamil Nadu,TN_Tiruppur,Tiruppur,90164,810,88426,928,0,79,-4,82,1,,
572,TN,Tamil Nadu,TN_Tiruvannamalai,Tiruvannamalai,53278,355,52272,651,0,25,-19,44,0,,
573,TN,Tamil Nadu,TN_Vellore,Vellore,48813,293,47412,1108,0,9,-8,17,0,,
574,TN,Tamil Nadu,TN_Viluppuram,Viluppuram,44765,334,44082,349,0,27,-4,29,2,,
575,TN,Tamil Nadu,TN_Virudhunagar,Virudhunagar,45743,68,45131,544,0,5,-2,6,1,,
736,TN,Tamil Nadu,TN_Mayiladuthurai,Mayiladuthurai,21835,250,21308,277,0,29,-8,37,0,,
609,TR,Tripura,TR_Dhalai,Dhalai,6961,30,6895,35,1,7,1,6,0,,
610,TR,Tripura,TR_Gomati,Gomati,7990,98,7816,72,4,3,-1,4,0,,
611,TR,Tripura,TR_Khowai,Khowai,4519,24,4443,52,0,2,0,2,0,,
612,TR,Tripura,TR_North Tripura,North Tripura,7092,88,6965,32,7,6,-10,16,0,,
613,TR,Tripura,TR_Sipahijala,Sipahijala,6248,59,6114,74,1,3,-22,25,0,,
614,TR,Tripura,TR_South Tripura,South Tripura,10038,120,9862,53,3,9,-10,19,0,,
615,TR,Tripura,TR_Unokoti,Unokoti,8478,122,8286,66,4,11,-22,33,0,,
616,TR,Tripura,TR_West Tripura,West Tripura,31446,487,30506,410,43,60,2,57,1,,
617,UP,Uttar Pradesh,UP_Agra,Agra,25742,2,25283,457,0,0,0,0,0,,
618,UP,Uttar Pradesh,UP_Aligarh,Aligarh,21275,0,21167,108,0,0,0,0,0,,
619,UP,Uttar Pradesh,UP_Ambedkar Nagar,Ambedkar Nagar,5032,6,4876,150,0,0,0,0,0,,
620,UP,Uttar Pradesh,UP_Amethi,Amethi,9959,1,9815,143,0,0,0,0,0,,
621,UP,Uttar Pradesh,UP_Amroha,Amroha,16613,2,16408,203,0,0,0,0,0,,
622,UP,Uttar Pradesh,UP_Auraiya,Auraiya,10081,1,9877,203,0,0,0,0,0,,
765,UP,Uttar Pradesh,UP_Ayodhya,Ayodhya,16917,1,16626,290,0,1,-1,2,0,,
623,UP,Uttar Pradesh,UP_Azamgarh,Azamgarh,17898,2,17668,228,0,0,-1,1,0,,
624,UP,Uttar Pradesh,UP_Baghpat,Baghpat,9131,0,8990,141,0,0,0,0,0,,
625,UP,Uttar Pradesh,UP_Bahraich,Bahraich,11547,1,11368,178,0,0,0,0,0,,
626,UP,Uttar Pradesh,UP_Ballia,Ballia,21609,1,21375,233,0,0,0,0,0,,
627,UP,Uttar Pradesh,UP_Balrampur,Balrampur,7489,0,7351,138,0,0,0,0,0,,
628,UP,Uttar Pradesh,UP_Banda,Banda,10987,0,10833,154,0,0,0,0,0,,
629,UP,Uttar Pradesh,UP_Barabanki,Barabanki,19838,8,19605,225,0,0,0,0,0,,
630,UP,Uttar Pradesh,UP_Bareilly,Bareilly,43982,6,43599,377,0,1,0,1,0,,
631,UP,Uttar Pradesh,UP_Basti,Basti,11715,1,11384,330,0,0,0,0,0,,
632,UP,Uttar Pradesh,UP_Bhadohi,Bhadohi,7718,1,7554,163,0,0,0,0,0,,
633,UP,Uttar Pradesh,UP_Bijnor,Bijnor,14789,0,14681,108,0,0,0,0,0,,
634,UP,Uttar Pradesh,UP_Budaun,Budaun,14930,5,14827,98,0,0,0,0,0,,
635,UP,Uttar Pradesh,UP_Bulandshahr,Bulandshahr,20206,3,19961,242,0,0,0,0,0,,
636,UP,Uttar Pradesh,UP_Chandauli,Chandauli,16204,3,15845,356,0,0,0,0,0,,
637,UP,Uttar Pradesh,UP_Chitrakoot,Chitrakoot,7108,0,7029,79,0,1,0,1,0,,
638,UP,Uttar Pradesh,UP_Deoria,Deoria,20213,1,19993,219,0,0,0,0,0,,
639,UP,Uttar Pradesh,UP_Etah,Etah,9966,0,9867,99,0,0,0,0,0,,
640,UP,Uttar Pradesh,UP_Etawah,Etawah,13932,3,13636,293,0,0,0,0,0,,
642,UP,Uttar Pradesh,UP_Farrukhabad,Farrukhabad,10341,0,10147,194,0,0,0,0,0,,
643,UP,Uttar Pradesh,UP_Fatehpur,Fatehpur,6804,0,6665,139,0,0,0,0,0,,
644,UP,Uttar Pradesh,UP_Firozabad,Firozabad,8718,3,8580,135,0,1,1,0,0,,
645,UP,Uttar Pradesh,UP_Gautam Buddha Nagar,Gautam Buddha Nagar,63257,10,62781,466,0,1,-1,2,0,,
646,UP,Uttar Pradesh,UP_Ghaziabad,Ghaziabad,55629,3,55165,461,0,0,0,0,0,,
647,UP,Uttar Pradesh,UP_Ghazipur,Ghazipur,21639,1,21356,282,0,0,-2,2,0,,
648,UP,Uttar Pradesh,UP_Gonda,Gonda,12282,0,12020,262,0,0,0,0,0,,
649,UP,Uttar Pradesh,UP_Gorakhpur,Gorakhpur,59397,11,58538,848,0,1,-4,5,0,,
650,UP,Uttar Pradesh,UP_Hamirpur,Hamirpur,5230,0,5129,101,0,0,0,0,0,,
651,UP,Uttar Pradesh,UP_Hapur,Hapur,12634,2,12415,217,0,0,0,0,0,,
652,UP,Uttar Pradesh,UP_Hardoi,Hardoi,13753,0,13404,349,0,-1,0,-1,0,,
653,UP,Uttar Pradesh,UP_Hathras,Hathras,2920,3,2874,43,0,0,0,0,0,,
654,UP,Uttar Pradesh,UP_Jalaun,Jalaun,11661,1,11458,202,0,-1,-1,0,0,,
655,UP,Uttar Pradesh,UP_Jaunpur,Jaunpur,22570,1,22334,235,0,1,1,0,0,,
656,UP,Uttar Pradesh,UP_Jhansi,Jhansi,36544,3,35878,663,0,0,0,0,0,,
657,UP,Uttar Pradesh,UP_Kannauj,Kannauj,9223,2,9107,114,0,1,0,1,0,,
658,UP,Uttar Pradesh,UP_Kanpur Dehat,Kanpur Dehat,6191,0,6081,110,0,0,0,0,0,,
659,UP,Uttar Pradesh,UP_Kanpur Nagar,Kanpur Nagar,82910,-2,81001,1911,0,1,-6,5,2,,
660,UP,Uttar Pradesh,UP_Kasganj,Kasganj,4249,1,4195,53,0,0,0,0,0,,
661,UP,Uttar Pradesh,UP_Kaushambi,Kaushambi,4418,1,4347,70,0,0,-1,1,0,,
663,UP,Uttar Pradesh,UP_Kushinagar,Kushinagar,15614,2,15384,228,0,1,0,1,0,,
662,UP,Uttar Pradesh,UP_Lakhimpur Kheri,Lakhimpur Kheri,24403,2,24109,292,0,0,0,0,0,,
664,UP,Uttar Pradesh,UP_Lalitpur,Lalitpur,12738,3,12607,128,0,0,0,0,0,,
665,UP,Uttar Pradesh,UP_Lucknow,Lucknow,238690,20,236019,2651,0,1,-3,4,0,,
667,UP,Uttar Pradesh,UP_Maharajganj,Maharajganj,12421,4,12279,138,0,0,-5,5,0,,
666,UP,Uttar Pradesh,UP_Mahoba,Mahoba,4268,0,4182,86,0,0,0,0,0,,
668,UP,Uttar Pradesh,UP_Mainpuri,Mainpuri,10024,19,9823,182,0,1,-4,5,0,,
669,UP,Uttar Pradesh,UP_Mathura,Mathura,20283,36,19872,375,0,0,-4,0,4,,
670,UP,Uttar Pradesh,UP_Mau,Mau,8326,0,8246,80,0,0,0,0,0,,
671,UP,Uttar Pradesh,UP_Meerut,Meerut,69440,10,68532,898,0,1,0,1,0,,
672,UP,Uttar Pradesh,UP_Mirzapur,Mirzapur,11085,2,10967,116,0,0,0,0,0,,
673,UP,Uttar Pradesh,UP_Moradabad,Moradabad,39099,2,38748,349,0,1,0,1,0,,
674,UP,Uttar Pradesh,UP_Muzaffarnagar,Muzaffarnagar,31004,0,30735,269,0,0,0,0,0,,
675,UP,Uttar Pradesh,UP_Pilibhit,Pilibhit,11029,0,10836,193,0,0,0,0,0,,
676,UP,Uttar Pradesh,UP_Pratapgarh,Pratapgarh,16031,6,15864,161,0,1,1,0,0,,
677,UP,Uttar Pradesh,UP_Prayagraj,Prayagraj,78635,9,77541,1085,0,-1,-5,1,3,,
678,UP,Uttar Pradesh,UP_Rae Bareli,Rae Bareli,17090,40,16727,323,0,1,0,-1,2,,
679,UP,Uttar Pradesh,UP_Rampur,Rampur,11824,0,11676,148,0,0,0,0,0,,
680,UP,Uttar Pradesh,UP_Saharanpur,Saharanpur,32727,3,32304,420,0,0,0,0,0,,
681,UP,Uttar Pradesh,UP_Sambhal,Sambhal,9437,1,9330,106,0,0,0,0,0,,
682,UP,Uttar Pradesh,UP_Sant Kabir Nagar,Sant Kabir Nagar,8156,0,8058,98,0,-1,0,-1,0,,
683,UP,Uttar Pradesh,UP_Shahjahanpur,Shahjahanpur,20355,1,19911,443,0,0,0,0,0,,
684,UP,Uttar Pradesh,UP_Shamli,Shamli,12975,1,12929,45,0,0,0,0,0,,
685,UP,Uttar Pradesh,UP_Shrawasti,Shrawasti,4387,2,4350,35,0,0,0,0,0,,
686,UP,Uttar Pradesh,UP_Siddharthnagar,Siddharthnagar,9367,2,9265,100,0,0,0,0,0,,
687,UP,Uttar Pradesh,UP_Sitapur,Sitapur,12395,2,12208,185,0,0,0,0,0,,
688,UP,Uttar Pradesh,UP_Sonbhadra,Sonbhadra,16805,3,16551,251,0,0,0,0,0,,
689,UP,Uttar Pradesh,UP_Sultanpur,Sultanpur,14913,1,14774,138,0,0,-1,1,0,,
690,UP,Uttar Pradesh,UP_Unnao,Unnao,14994,0,14740,254,0,0,0,0,0,,
691,UP,Uttar Pradesh,UP_Varanasi,Varanasi,85482,6,84505,971,0,2,2,0,0,,
692,UT,Uttarakhand,UT_Almora,Almora,12148,5,11341,195,607,1,-1,2,0,,
693,UT,Uttarakhand,UT_Bageshwar,Bageshwar,5747,3,5659,60,25,0,0,0,0,,
694,UT,Uttarakhand,UT_Chamoli,Chamoli,12171,33,11873,62,203,0,0,0,0,,
695,UT,Uttarakhand,UT_Champawat,Champawat,7556,18,7314,53,171,0,0,0,0,,
696,UT,Uttarakhand,UT_Dehradun,Dehradun,112045,123,107831,3515,576,3,2,1,0,,
697,UT,Uttarakhand,UT_Haridwar,Haridwar,51421,10,49041,1010,1360,0,0,0,0,,
698,UT,Uttarakhand,UT_Nainital,Nainital,39124,34,38016,944,130,7,6,1,0,,
699,UT,Uttarakhand,UT_Pauri Garhwal,Pauri Garhwal,17578,37,16527,313,701,0,0,0,0,,
700,UT,Uttarakhand,UT_Pithoragarh,Pithoragarh,10196,29,9880,180,107,2,1,1,0,,
701,UT,Uttarakhand,UT_Rudraprayag,Rudraprayag,8763,16,8496,106,145,1,1,0,0,,
702,UT,Uttarakhand,UT_Tehri Garhwal,Tehri Garhwal,15821,3,14821,107,890,0,0,0,0,,
703,UT,Uttarakhand,UT_Udham Singh Nagar,Udham Singh Nagar,37853,19,36277,761,796,2,0,2,0,,
704,UT,Uttarakhand,UT_Uttarkashi,Uttarkashi,12487,5,12067,74,341,0,0,0,0,,
705,WB,West Bengal,WB_Alipurduar,Alipurduar,15208,159,14950,99,0,10,-2,12,0,,
706,WB,West Bengal,WB_Bankura,Bankura,35117,304,34551,262,0,19,-4,23,0,,
707,WB,West Bengal,WB_Birbhum,Birbhum,40534,92,40157,285,0,4,-3,7,0,,
708,WB,West Bengal,WB_Cooch Behar,Cooch Behar,28440,398,27947,95,0,17,-14,31,0,,
709,WB,West Bengal,WB_Dakshin Dinajpur,Dakshin Dinajpur,17105,107,16830,168,0,9,1,8,0,,
710,WB,West Bengal,WB_Darjeeling,Darjeeling,55074,797,53761,516,0,44,-17,61,0,,
711,WB,West Bengal,WB_Hooghly,Hooghly,82887,558,81390,939,0,46,2,42,2,,
712,WB,West Bengal,WB_Howrah,Howrah,95537,519,93524,1494,0,43,4,39,0,,
713,WB,West Bengal,WB_Jalpaiguri,Jalpaiguri,40816,451,39813,552,0,24,-11,35,0,,
714,WB,West Bengal,WB_Jhargram,Jhargram,11678,218,11433,27,0,12,-5,17,0,,
715,WB,West Bengal,WB_Kalimpong,Kalimpong,6706,173,6482,51,0,6,-9,14,1,,
716,WB,West Bengal,WB_Kolkata,Kolkata,312695,1070,306622,5003,0,87,7,79,1,,
717,WB,West Bengal,WB_Malda,Malda,32814,77,32552,185,0,8,2,6,0,,
719,WB,West Bengal,WB_Murshidabad,Murshidabad,33719,59,33335,325,0,3,-1,4,0,,
720,WB,West Bengal,WB_Nadia,Nadia,70389,566,69081,742,0,48,5,42,1,,
721,WB,West Bengal,WB_North 24 Parganas,North 24 Parganas,321667,1117,315925,4625,0,88,4,83,1,,
0,WB,West Bengal,WB_Other State,Other State,66,0,63,3,0,0,0,0,0,,
722,WB,West Bengal,WB_Paschim Bardhaman,Paschim Bardhaman,56677,207,56120,350,0,15,-1,16,0,,
718,WB,West Bengal,WB_Paschim Medinipur,Paschim Medinipur,51762,506,50756,500,0,31,-7,38,0,,
723,WB,West Bengal,WB_Purba Bardhaman,Purba Bardhaman,40566,277,40102,187,0,28,8,20,0,,
724,WB,West Bengal,WB_Purba Medinipur,Purba Medinipur,61603,569,60652,382,0,41,-2,43,0,,
725,WB,West Bengal,WB_Purulia,Purulia,19273,55,19106,112,0,4,0,4,0,,
726,WB,West Bengal,WB_South 24 Parganas,South 24 Parganas,97612,715,95611,1286,0,59,6,53,0,,
727,WB,West Bengal,WB_Uttar Dinajpur,Uttar Dinajpur,19603,76,19292,235,0,4,-2,6,0,,
728,AN,Andaman and Nicobar Islands,AN_Unknown,Unknown,7512,-14,7397,129,0,0,0,0,0,,
729,AP,Andhra Pradesh,AP_Unknown,Unknown,0,0,0,0,0,0,0,0,0,,
730,AR,Arunachal Pradesh,AR_Unknown,Unknown,0,0,0,0,0,0,0,0,0,,
731,AS,Assam,AS_Unknown,Unknown,112271,-419925,529706,1143,1347,0,0,0,0,,
732,BR,Bihar,BR_Unknown,Unknown,0,0,0,0,0,0,0,0,0,,
733,CH,Chandigarh,CH_Unknown,Unknown,0,0,0,0,0,0,0,0,0,,
734,CT,Chhattisgarh,CT_Unknown,Unknown,0,0,0,0,0,0,0,0,0,,
735,DN,Dadra and Nagar Haveli and Daman and Diu,DN_Unknown,Unknown,0,0,0,0,0,0,0,0,0,,
737,DL,Delhi,DL_Unknown,Unknown,1436928,-395,1412244,25079,0,0,0,0,0,,
738,GA,Goa,GA_Unknown,Unknown,167412,-2681,167090,3003,0,0,0,0,0,,
739,GJ,Gujarat,GJ_Unknown,Unknown,0,0,0,0,0,0,0,0,0,,
740,HR,Haryana,HR_Unknown,Unknown,0,0,0,0,0,0,0,0,0,,
741,HP,Himachal Pradesh,HP_Unknown,Unknown,0,0,0,0,0,0,0,0,0,,
742,JK,Jammu and Kashmir,JK_Unknown,Unknown,0,0,0,0,0,0,0,0,0,,
743,JH,Jharkhand,JH_Unknown,Unknown,0,0,0,0,0,0,0,0,0,,
744,KA,Karnataka,KA_Unknown,Unknown,0,0,0,0,0,0,0,0,0,,
745,KL,Kerala,KL_Unknown,Unknown,0,0,0,0,0,0,0,0,0,,
746,LA,Ladakh,LA_Unknown,Unknown,0,0,0,0,0,0,0,0,0,,
747,LD,Lakshadweep,LD_Unknown,Unknown,0,-1,0,1,0,0,0,0,0,,
748,MP,Madhya Pradesh,MP_Unknown,Unknown,1384,-1077,976,1485,0,0,0,0,0,,
749,MH,Maharashtra,MH_Unknown,Unknown,0,0,0,0,0,0,0,0,0,,
750,MN,Manipur,MN_Unknown,Unknown,1848,-104198,105953,93,0,0,0,0,0,,
751,ML,Meghalaya,ML_Unknown,Unknown,0,0,0,0,0,0,0,0,0,,
752,MZ,Mizoram,MZ_Unknown,Unknown,0,0,0,0,0,0,0,0,0,,
753,NL,Nagaland,NL_Unknown,Unknown,0,0,0,0,0,0,0,0,0,,
754,OR,Odisha,OR_Unknown,Unknown,0,0,0,0,0,0,0,0,0,,
755,PY,Puducherry,PY_Unknown,Unknown,0,0,0,0,0,0,0,0,0,,
756,PB,Punjab,PB_Unknown,Unknown,0,0,0,0,0,0,0,0,0,,
757,RJ,Rajasthan,RJ_Unknown,Unknown,0,0,0,0,0,0,0,0,0,,
758,SK,Sikkim,SK_Unknown,Unknown,311,-22415,22372,199,155,0,0,0,0,,
759,TN,Tamil Nadu,TN_Unknown,Unknown,0,0,0,0,0,0,0,0,0,,
760,TG,Telangana,TG_Unknown,Unknown,1055,-649828,647043,3840,0,0,0,0,0,,
761,TR,Tripura,TR_Unknown,Unknown,0,0,0,0,0,0,0,0,0,,
762,UP,Uttar Pradesh,UP_Unknown,Unknown,0,0,0,0,0,0,0,0,0,,
763,UT,Uttarakhand,UT_Unknown,Unknown,0,0,0,0,0,0,0,0,0,,
764,WB,West Bengal,WB_Unknown,Unknown,0,0,0,0,0,0,0,0,0,,